entry_id,source_volume,source_section,page_number,root_or_morpheme,type,meaning_or_function,derived_forms,original_wording,canon_status,notes,related_entry_ids,relationship_type,potential_tension_id,review_status,review_reason
RM-V1-0001,Volume 1: Fundamentals,Gendered and Neutral Terms > Core Terms and Their Roots,4,Kadren,Root,"Masculine essence (strength, groundedness).",Kadron (man); Kadfel (boy); Kadon (masculine woman).,"Kadren: Masculine essence (strength, groundedness). Derived words: Kadron (man), Kadfel (boy), Kadon (masculine woman).",Canon,Preserved as standalone root/morpheme because source clearly defines it.,,related usage,,Approved,
RM-V1-0002,Volume 1: Fundamentals,Gendered and Neutral Terms > Core Terms and Their Roots,4,Azan,Root,"Feminine essence (nurturing, fluidity).",Azron (woman); Azfel (girl); Azon (feminine man).,"Azan: Feminine essence (nurturing, fluidity). Derived words: Azron (woman), Azfel (girl), Azon (feminine man).",Canon,Preserved as standalone root/morpheme because source clearly defines it.,,related usage,,Approved,
RM-V1-0003,Volume 1: Fundamentals,Gendered and Neutral Terms > Core Terms and Their Roots,4-5,Thee,Root,"Neutral essence (balance, unity).",Theon (neutral person); Theefel (neutral child).,"Thee: Neutral essence (balance, unity). Derived words: Theon (neutral person), Theefel (neutral child).",Canon,Preserved as standalone root/morpheme because source clearly defines it.,,related usage,,Approved,
RM-V1-0004,Volume 1: Fundamentals,Grammar > Tenses and Aspects,7,Tha-,Prefix,Past Tense,Tha-var I dren.,Past Tense Tha- (prefix) Tha-var I dren. “I went to the water.”,Canon,Preserved as standalone root/morpheme because source clearly defines it.,,related usage,,Approved,
RM-V1-0005,Volume 1: Fundamentals,Grammar > Tenses and Aspects,7,Nor-,Prefix,Future Tense,Nor-var I dren.,Future Tense Nor- (prefix) Nor-var I dren. “I will go to the water.”,Canon,Preserved as standalone root/morpheme because source clearly defines it.,,related usage,PT-V1-0004,Needs Human Review,terminology overlap
RM-V1-0006,Volume 1: Fundamentals,Grammar > Tenses and Aspects,7,-al,Suffix,Continuous,Varal I dren.,Continuous -al (suffix) Varal I dren. “I am going to the water.”,Canon,Preserved as standalone root/morpheme because source clearly defines it.,,related usage,,Approved,
RM-V1-0007,Volume 1: Fundamentals,Grammar > Tenses and Aspects,7,-ath,Suffix,Perfective,Varath I dren.,Perfective -ath (suffix) Varath I dren. “I have gone to the water.”,Canon,Preserved as standalone root/morpheme because source clearly defines it.,,related usage,,Approved,
RM-V1-0008,Volume 1: Fundamentals,Grammar > Tenses and Aspects,7,-as,Suffix,Habitual,Varas I dren.,Habitual -as (suffix) Varas I dren. “I usually go to the water.”,Canon,Preserved as standalone root/morpheme because source clearly defines it.,,related usage,,Approved,
RM-V1-0009,Volume 1: Fundamentals,Grammar > Negation,7,Ver,Particle,Negation before the verb or noun,,Negation is formed by placing Ver before the verb or noun.,Canon,Preserved as standalone root/morpheme because source clearly defines it.,,related usage,,Approved,
RM-V1-0010,Volume 1: Fundamentals,Grammar > Questions and Imperatives,7,Ra,Particle,Questions start with Ra,,Questions: Start with Ra.,Canon,Preserved as standalone root/morpheme because source clearly defines it.,,related usage,,Approved,
RM-V1-0011,Volume 1: Fundamentals,Grammar > Questions and Imperatives,7,Va,Particle,Imperatives (Commands) start with Va,,Imperatives (Commands): Start with Va.,Canon,Preserved as standalone root/morpheme because source clearly defines it.,,related usage,,Approved,
RM-V1-0012,Volume 1: Fundamentals,Grammar > Conditionals,7,Rath,Particle,Conditional “If”,,Conditional “If”: Use Rath to introduce conditions.,Canon,Preserved as standalone root/morpheme because source clearly defines it.,,related usage,,Approved,
RM-V1-0013,Volume 1: Fundamentals,Grammar > Prepositions and Case Markers > Dedicated Spatial Preposition,8,An,Preposition,Spatial contexts (“at/in” location),,"To avoid confusion with temporal usage, An is introduced for spatial contexts (“at/in” location).",Canon,Preserved as standalone root/morpheme because source clearly defines it.,,related usage,,Approved,
RM-V1-0014,Volume 1: Fundamentals,Grammar > Prepositions and Case Markers > Case Markers,9,-ka,Particle,Possessive/linking marker,,The -ka particle can act as a possessive/linking marker.,Canon,Preserved as standalone root/morpheme because source clearly defines it.,,related usage,PT-V1-0003,Needs Human Review,terminology overlap
RM-V2-0001,Volume 2: Dictionary and Word Formation,Vocabulary > Words for Times of Day,7,Kinn,Root,daylight,Kinnshal; Kinnmor; Kinnlin,Root words Kinn (daylight) and Kilv (shadow/time) are introduced.,Canon,Original root/morpheme entry preserved.,,,,Approved,
RM-V2-0002,Volume 2: Dictionary and Word Formation,Vocabulary > Words for Times of Day,7,Kilv,Root,shadow/time,Kilvthal; Kilveth; Kilvfah; Kilvlum,Root words Kinn (daylight) and Kilv (shadow/time) are introduced.,Canon,Original root/morpheme entry preserved.,,,,Approved,
RM-V2-0003,Volume 2: Dictionary and Word Formation,Vocabulary > Expanded Vocabulary,8-10,Bel,Root,"To bind or weave (symbolizing interconnection, fabric, or networks).",Belrin; Belar,"Bel: To bind or weave (symbolizing interconnection, fabric, or networks).",Canon,Original expanded vocabulary root preserved.,,,,Approved,
RM-V2-0004,Volume 2: Dictionary and Word Formation,Vocabulary > Expanded Vocabulary,8-10,Bros,Root,Layering or stratification (symbolizing levels or textures).,Brosrin,Bros: Layering or stratification (symbolizing levels or textures).,Canon,Original expanded vocabulary root preserved.,,,,Approved,
RM-V2-0005,Volume 2: Dictionary and Word Formation,Vocabulary > Expanded Vocabulary,8-10,Bal,Root,"Growth or sprouting (e.g., plants, development).",Balrin,"Bal: Growth or sprouting (e.g., plants, development).",Canon,Original expanded vocabulary root preserved.,,,,Approved,
RM-V2-0006,Volume 2: Dictionary and Word Formation,Vocabulary > Expanded Vocabulary,8-10,Bren,Root,"Harvest (e.g., the act or result of gathering food).",Brenmor,"Bren: Harvest (e.g., the act or result of gathering food).",Canon,Original expanded vocabulary root preserved.,,,,Approved,
RM-V2-0007,Volume 2: Dictionary and Word Formation,Vocabulary > Expanded Vocabulary,8-10,Phel,Root,Warmth or comfort (symbolizing physical or emotional ease).,Phelvin,Phel: Warmth or comfort (symbolizing physical or emotional ease).,Canon,Original expanded vocabulary root preserved.,,,,Approved,
RM-V2-0008,Volume 2: Dictionary and Word Formation,Vocabulary > Expanded Vocabulary,8-10,Prak,Root,"Softness or tenderness (e.g., soft food or texture).",Prakorin,"Prak: Softness or tenderness (e.g., soft food or texture).",Canon,Original expanded vocabulary root preserved.,,,,Approved,
RM-V2-0009,Volume 2: Dictionary and Word Formation,Vocabulary > Expanded Vocabulary,8-10,Pel,Root,"Sharpness or clarity (symbolizing clean cuts, flavors, or piercing qualities).",Pelvar; Peldren,"Pel: Sharpness or clarity (symbolizing clean cuts, flavors, or piercing qualities).",Canon,Original expanded vocabulary root preserved.,,,,Approved,
RM-V2-0010,Volume 2: Dictionary and Word Formation,Vocabulary > Expanded Vocabulary,8-10,Pral,Root,"Intricacy or detail (symbolizing small, delicate work).",Pralmor,"Pral: Intricacy or detail (symbolizing small, delicate work).",Canon,Original expanded vocabulary root preserved.,,,,Approved,
RM-V2-0011,Volume 2: Dictionary and Word Formation,Vocabulary > Expanded Vocabulary,8-10,Jor,Root,Surge or burst (symbolizing sudden movements or energetic flows).,Jorlin; Jorvak,Jor: Surge or burst (symbolizing sudden movements or energetic flows).,Canon,Original expanded vocabulary root preserved.,,,,Approved,
RM-V2-0012,Volume 2: Dictionary and Word Formation,Vocabulary > Expanded Vocabulary,8-10,Jek,Root,Spiral or twist (symbolizing swirling patterns or dynamic shapes).,Jekvor,Jek: Spiral or twist (symbolizing swirling patterns or dynamic shapes).,Canon,Original expanded vocabulary root preserved.,,,,Approved,
RM-V2-0013,Volume 2: Dictionary and Word Formation,Vocabulary > Expanded Vocabulary,8-10,Jel,Root,Flavor or zest (bright taste or sensory experience).,Jelvor,Jel: Flavor or zest (bright taste or sensory experience).,Canon,Original expanded vocabulary root preserved.,,,,Approved,
RM-V2-0014,Volume 2: Dictionary and Word Formation,Vocabulary > Expanded Vocabulary,8-10,Jin,Root,"Unique or rare (e.g., exotic or specialty foods).",Jindral,"Jin: Unique or rare (e.g., exotic or specialty foods).",Canon,Original expanded vocabulary root preserved.,,,,Approved,
RM-V2-0015,Volume 2: Dictionary and Word Formation,Vocabulary > Expanded Vocabulary,8-10,Wel,Root,"Sharing or unity (emphasizing communal aspects, symbolizing seamless connections or unbroken lines).",Welrim; Welmor,"Wel: Sharing or unity (emphasizing communal aspects, symbolizing seamless connections or unbroken lines).",Canon,Original expanded vocabulary root preserved.,,,,Approved,
RM-V2-0016,Volume 2: Dictionary and Word Formation,Vocabulary > Expanded Vocabulary,8-10,Wek,Root,Circularity or cycles (symbolizing completeness or renewal).,Weknor,Wek: Circularity or cycles (symbolizing completeness or renewal).,Canon,Original expanded vocabulary root preserved.,,,,Approved,
RM-V2-0017,Volume 2: Dictionary and Word Formation,Vocabulary > Expanded Vocabulary,8-10,Wor,Root,Abundance or plenty (symbolizing generosity or surplus).,Worvenak,Wor: Abundance or plenty (symbolizing generosity or surplus).,Canon,Original expanded vocabulary root preserved.,,,,Approved,
RM-V2-0018,Volume 2: Dictionary and Word Formation,Vocabulary > Expanded Vocabulary,8-10,Xil,Root,Hidden or secret (used for foods with a mysterious origin or preparation).,Xilvar,Xil: Hidden or secret (used for foods with a mysterious origin or preparation).,Canon,Original expanded vocabulary root preserved.,,,,Approved,
RM-V2-0019,Volume 2: Dictionary and Word Formation,Vocabulary > Expanded Vocabulary,8-10,Xar,Root,Shadow or cover (tied to concealed or protective qualities).,Xarvel,Xar: Shadow or cover (tied to concealed or protective qualities).,Canon,Original expanded vocabulary root preserved.,,,,Approved,
RM-V2-0020,Volume 2: Dictionary and Word Formation,Vocabulary > Root Words in Celan,10,Nk-,Root,"Endurance, hidden strength","Nkathal (sadness), Nkuraeth (to comfort), Nkuthar (to forgive).","Nk- Endurance, hidden strength Nkathal (sadness), Nkuraeth (to comfort), Nkuthar (to forgive).",Canon,Original root chart row preserved.,,,,Approved,
RM-V2-0021,Volume 2: Dictionary and Word Formation,Vocabulary > Root Words in Celan,10,Rav-,Root,"Pull, yearning","Ravokha (desire), Ravialor (a place of longing).","Rav- Pull, yearning Ravokha (desire), Ravialor (a place of longing).",Canon,Original root chart row preserved.,,,,Approved,
RM-V2-0022,Volume 2: Dictionary and Word Formation,Vocabulary > Root Words in Celan,10,Mb-,Root,"Layered, supportive","Mbalor (fear), Mbalan (pillar of community), Mbanoth (nurturing figure).","Mb- Layered, supportive Mbalor (fear), Mbalan (pillar of community), Mbanoth (nurturing figure).",Canon,Original root chart row preserved.,,,,Approved,
RM-V2-0023,Volume 2: Dictionary and Word Formation,Vocabulary > Root Words in Celan,10,Tla-,Root,"Close, intimate connection","Tlavor (anticipation), Tlakorin (confidant), Tlakhura (unspoken bond).","Tla- Close, intimate connection Tlavor (anticipation), Tlakorin (confidant), Tlakhura (unspoken bond).",Canon,Original root chart row preserved.,,,,Approved,
RM-V2-0024,Volume 2: Dictionary and Word Formation,Vocabulary > Root Words in Celan,10,Ohm-,Root,"Connection, unity","Ohmavin (tenderness), Ohmbaen (beloved), Ohmakath (to foster connection).","Ohm- Connection, unity Ohmavin (tenderness), Ohmbaen (beloved), Ohmakath (to foster connection).",Canon,Original root chart row preserved.,,,,Approved,
RM-V2-0025,Volume 2: Dictionary and Word Formation,Vocabulary > Root Words in Celan,10,Khum-,Root,"Circle, reconciliation","Khumlor (family), Khumlian (reconciliation), Khumrel (to listen deeply).","Khum- Circle, reconciliation Khumlor (family), Khumlian (reconciliation), Khumrel (to listen deeply).",Canon,Original root chart row preserved.,,,,Approved,
RM-V2-0026,Volume 2: Dictionary and Word Formation,Vocabulary > Root Words in Celan,10,Zhae-,Root,"Light, empathy","Zhaenok (connection through empathy), Zhaenath (to speak openly).","Zhae- Light, empathy Zhaenok (connection through empathy), Zhaenath (to speak openly).",Canon,Original root chart row preserved.,,,,Approved,
RM-V2-0027,Volume 2: Dictionary and Word Formation,Vocabulary > Root Words in Celan,10,Nku-,Root,"Hidden, nurturing","Nkural (mentor), Nkuvath (promise), Nkuthan (resolved calm).","Nku- Hidden, nurturing Nkural (mentor), Nkuvath (promise), Nkuthan (resolved calm).",Canon,Original root chart row preserved.,,,,Approved,
RM-V2-0028,Volume 2: Dictionary and Word Formation,Vocabulary > Root Words in Celan,10,Tl-,Root,"Movement, flow","Tlenav (joy), Tlekhamin (to share a journey).","Tl- Movement, flow Tlenav (joy), Tlekhamin (to share a journey).",Canon,Original root chart row preserved.,,,,Approved,
RM-V2-0029,Volume 2: Dictionary and Word Formation,Word Formation and Morphology > Pluralization,13,-in,Suffix,Plural marker added to nouns ending in consonants,Serin; Tharin; Eshin; Drenin,-in is added to nouns ending in consonants.,Canon,Original root/morpheme entry preserved.,GR-V2-0001,related usage,,Approved,
RM-V2-0030,Volume 2: Dictionary and Word Formation,Word Formation and Morphology > Pluralization,13,-n,Suffix,Plural marker added to nouns ending in vowels,Teran,-n is added to nouns ending in vowels.,Canon,Original root/morpheme entry preserved.,GR-V2-0001,related usage,,Approved,
RM-V2-0031,Volume 2: Dictionary and Word Formation,Word Formation and Morphology > Derivation and Word Formation,14,-or,Suffix,Place/Location,Shal + or = Shalor (sanctuary/light place),-or: Place/Location / Shal + or = Shalor (sanctuary/light place),Canon,Original root/morpheme entry preserved.,GR-V2-0002,related usage,,Approved,
RM-V2-0032,Volume 2: Dictionary and Word Formation,Word Formation and Morphology > Derivation and Word Formation,14,-en,Suffix,Honorific/Respected form,Liorin + en = Liorinen (honored elder/teacher),-en: Honorific/Respected form / Liorin + en = Liorinen (honored elder/teacher),Canon,Original root/morpheme entry preserved.,GR-V2-0002,related usage,,Approved,
RM-V2-0033,Volume 2: Dictionary and Word Formation,Word Formation and Morphology > Derivation and Word Formation,14,-lin,Suffix,Collective/Diminutive,Elin = child; Ilin = we,-lin: Collective/Diminutive / Elin = child; Ilin = we,Canon,Original root/morpheme entry preserved.,GR-V2-0002,related usage,,Approved,
RM-V2-0034,Volume 2: Dictionary and Word Formation,Word Formation and Morphology > Derivation and Word Formation,14,-aen,Suffix,Verb-forming,Lian (truth) → Lianaen (to speak truth),-aen: Verb-forming / Lian (truth) → Lianaen (to speak truth),Canon,Original root/morpheme entry preserved.,GR-V2-0002,related usage,,Approved,
RM-V2-0035,Volume 2: Dictionary and Word Formation,Word Formation and Morphology > Derivation and Word Formation,14,Tha-,Prefix,Past tense,,Tha-: Past tense,Canon,Original root/morpheme entry preserved.,GR-V2-0002,related usage,,Approved,
RM-V2-0036,Volume 2: Dictionary and Word Formation,Word Formation and Morphology > Derivation and Word Formation,14,Nor-,Prefix,Future tense,,Nor-: Future tense,Canon,Original root/morpheme entry preserved.,GR-V2-0002,related usage,PT-V2-0001,Needs Human Review,terminology overlap
RM-V2-0037,Volume 2: Dictionary and Word Formation,Word Formation and Morphology > Derivation and Word Formation,14,Ver-,Prefix,Negation,,Ver-: Negation,Canon,Original root/morpheme entry preserved.,GR-V2-0002,related usage,,Approved,
RM-V2-0038,Volume 2: Dictionary and Word Formation,Word Formation and Morphology > Derivation and Word Formation,14,Li-,Prefix,Respect/Honorific,,Li-: Respect/Honorific,Canon,Original root/morpheme entry preserved.,GR-V2-0002,related usage,,Approved,
RM-V3-0001,"Volume 3: Culture, Context, and Advanced Expression",Politeness and Honorifics > Levels of Politeness,4,Li-,Prefix,show respect,Li-Ser; Li-Ya; Li-Liorinen,Add Li- prefix to show respect.,Canon,Original root/morpheme entry preserved.,GR-V3-0001; RM-V2-0038,refinement,PT-V3-0001,Needs Human Review,possible overlap with earlier rule
RM-V3-0002,"Volume 3: Culture, Context, and Advanced Expression",Politeness and Honorifics > Levels of Politeness,4,-en,Suffix,Honorific/Formal-High Respect,Liorin(en); Li-Liorinen,Use both Li- and -en suffix.,Canon,Original root/morpheme entry preserved.,GR-V3-0001; RM-V2-0032,refinement,PT-V3-0001,Needs Human Review,possible overlap with earlier rule
RM-V3-0003,"Volume 3: Culture, Context, and Advanced Expression",Register Markers > Emotional Intensity Markers,5,Ar,Marker,"Intensifier - very, intensely",Fahaen I ar!,"Ar (Intensifier - very, intensely). Usage: Place after the verb/adjective.",Canon,Original root/morpheme entry preserved.,,,PT-V3-0004,Needs Human Review,terminology overlap
RM-V3-0004,"Volume 3: Culture, Context, and Advanced Expression",Register Markers > Emotional Intensity Markers,5,Fel,Marker,"Diminisher - slightly, a bit",Theraen I fel.,"Fel (Diminisher - slightly, a bit). Usage: Place after the verb/adjective.",Canon,Original root/morpheme entry preserved.,,,PT-V3-0005,Needs Human Review,terminology overlap
RM-V3-0005,"Volume 3: Culture, Context, and Advanced Expression",Complex Sentence Structures,7-8,Aen,Marker,Complementizer,,Aen: Complementizer,Canon,Original root/morpheme entry preserved.,,,PT-V3-0008,Needs Human Review,terminology overlap
RM-V3-0006,"Volume 3: Culture, Context, and Advanced Expression",Complex Sentence Structures,7-8,Lior,Marker,Relative Pronoun,,Lior: Relative Pronoun,Canon,Original root/morpheme entry preserved.,,,,Approved,
RM-V3-0007,"Volume 3: Culture, Context, and Advanced Expression",Complex Sentence Structures,7-8,Ther,Marker,Comparative marker: more than,,Ther: Comparative marker: more than,Canon,Original root/morpheme entry preserved.,,,,Approved,
RM-V3-0008,"Volume 3: Culture, Context, and Advanced Expression",Complex Sentence Structures,7-8,Thaal,Marker,Superlative marker: most,,Thaal: Superlative marker: most,Canon,Original root/morpheme entry preserved.,,,PT-V3-0009,Needs Human Review,terminology overlap
RM-V3-0009,"Volume 3: Culture, Context, and Advanced Expression",Complex Sentence Structures,7-8,Rath,Marker,Conditional marker: if,,Rath: Conditional marker: if,Canon,Original root/morpheme entry preserved.,,,PT-V3-0010,Needs Human Review,possible overlap with earlier rule
RM-V3-0010,"Volume 3: Culture, Context, and Advanced Expression",Possession > Possession Chart,13-14,-esh,Suffix,deep relational ties,,-esh: deep relational ties,Canon,Original root/morpheme entry preserved.,,,PT-V3-0012,Needs Human Review,possible overlap with earlier rule
RM-V3-0011,"Volume 3: Culture, Context, and Advanced Expression",Possession > Possession Chart,13-14,-en,Suffix,Partner bonded to you,,-en: Partner bonded to you,Canon,Original root/morpheme entry preserved.,,,PT-V3-0012,Needs Human Review,possible overlap with earlier rule
RM-V3-0012,"Volume 3: Culture, Context, and Advanced Expression",Possession > Possession Chart,13-14,-el,Suffix,Beloved bound to them,,-el: Beloved bound to them,Canon,Original root/morpheme entry preserved.,,,PT-V3-0012,Needs Human Review,possible overlap with earlier rule
RM-V3-0013,"Volume 3: Culture, Context, and Advanced Expression",Possession > Possession Chart,13-14,-vel,Suffix,Bread shared among us,,-vel: Bread shared among us,Canon,Original root/morpheme entry preserved.,,,PT-V3-0012,Needs Human Review,possible overlap with earlier rule
RM-V3-0014,"Volume 3: Culture, Context, and Advanced Expression",Numbering System and Basic Math in Celan,30-31,Ten-,Numeric/Math Prefix,Tens prefix,Ten-del; Ten-tren; Ten-quen,Ten-: Tens prefix,Canon,Original root/morpheme entry preserved.,GR-V3-0007; GR-V3-0008,related usage,,Approved,
RM-V3-0015,"Volume 3: Culture, Context, and Advanced Expression",Numbering System and Basic Math in Celan,30-31,Hek-,Numeric/Math Prefix,Hundreds prefix,Hek-unar; Hek-quen,Hek-: Hundreds prefix,Canon,Original root/morpheme entry preserved.,GR-V3-0007; GR-V3-0008,related usage,,Approved,
RM-V3-0016,"Volume 3: Culture, Context, and Advanced Expression",Numbering System and Basic Math in Celan,30-31,Mel-,Numeric/Math Prefix,Thousands prefix,Mel-unar; Mel-quen,Mel-: Thousands prefix,Canon,Original root/morpheme entry preserved.,GR-V3-0007; GR-V3-0008,related usage,,Approved,
RM-V3-0017,"Volume 3: Culture, Context, and Advanced Expression",Numbering System and Basic Math in Celan,30-31,Fen-,Numeric/Math Prefix,Tens of thousands prefix,Fen-unar; Fen-peth,Fen-: Tens of thousands prefix,Canon,Original root/morpheme entry preserved.,GR-V3-0007; GR-V3-0008,related usage,,Approved,
RM-V3-0018,"Volume 3: Culture, Context, and Advanced Expression",Numbering System and Basic Math in Celan,30-31,Hek-Mel-,Numeric/Math Prefix,Hundreds of thousands construction,Hek-Mel-unar; Hek-Mel-quen,Hek-Mel-: Hundreds of thousands construction,Canon,Original root/morpheme entry preserved.,GR-V3-0007; GR-V3-0008,related usage,,Approved,
RM-V3-0019,"Volume 3: Culture, Context, and Advanced Expression",Numbering System and Basic Math in Celan,30-31,Ven,Numeric/Math Marker,Subtraction marker meaning minus/subtract,X Ven Y,Ven: Subtraction marker meaning minus/subtract,Canon,Corrected to match the actual subtraction pattern used elsewhere in the canon data.,GR-V3-0007; GR-V3-0008,related usage,,Approved,
RM-V4-0001,"Volume 4: Expansion, Tangible Lexicon, Modality, and National Speech",Systemic Expansion > Section 2.1: The Adjectival Suffix -eth,2-3,-eth,Suffix,denote the inherent quality or essential manifestation of a root word,Adjectives; abstract ritual nouns,The core concept of -eth is to denote the inherent quality or essential manifestation of a root word.,Canon,Original root/morpheme entry preserved.,GR-V4-0001; RM-V3-0008,refinement,PT-V4-0002,Needs Human Review,possible overlap with earlier rule
RM-V4-0002,"Volume 4: Expansion, Tangible Lexicon, Modality, and National Speech",Systemic Expansion > Section 2.2: Subjunctive Mood,3,vael,Particle,Subjunctive mood: wishes/hypotheticals,"Vael vaar an shara-ya; Vael rinaen I an eshlin, varal I an esh; Vael aen Ya","Place the particle vael at the beginning of a clause to express wishes, hopes, suggestions, or conditions that are not currently real.",Canon,Original root/morpheme entry preserved.,GR-V4-0003,related usage,,Approved,
RM-V4-0003,"Volume 4: Expansion, Tangible Lexicon, Modality, and National Speech",Systemic Expansion > Section 2.3: The Passive Voice (The Echo Particle nor-ka),4,nor-ka,Particle,passive voice echo particle,Nor (Time/Flow) + -ka (particle),"Derivation: Nor (Time/Flow) + -ka (particle), literally a ""particle of time's flow.""",Canon,Original root/morpheme entry preserved.,GR-V4-0004; PT-V1-0003; PT-V2-0001; PT-V3-0006,terminology overlap,PT-V4-0004,Needs Human Review,terminology overlap
RM-S1-0001,Supplement 1: The Rule of Euphony and Historical Variance,Section 5:1: Advanced Phonology - The Rule of Euphony and Historical Variance,1-2,euphonic vowel,Phonological insertion,A connecting vowel inserted to avoid harsh or dissonant consonant clusters in compound words.,Morlathar; Rathathar; Vokathar,Insert a to break up harsh clusters.,Canon,Original wording preserved.,GR-S1-0001; GR-S1-0002,related usage,PT-S1-0003,Needs Human Review,possible overlap with earlier rule
RM-S1-0002,Supplement 1: The Rule of Euphony and Historical Variance,Tiers of Application > Tier 1 > The Deeper Rule,2,vowel harmony in euphony,Phonological process,The connecting vowel often matches the dominant vowel sound of the preceding root to create a more melodic and internally consistent word.,Voknor; Vokanor; Vokonor,"a is the neutral default, but e and o can also be used.",Canon,Original wording preserved.,GR-S1-0001; PE-S1-0004,related usage,PT-S1-0003,Needs Human Review,possible overlap with earlier rule
RM-S1-0003,Supplement 1: The Rule of Euphony and Historical Variance,Tiers of Application > Tier 3: Never Applied > Phonetic Fossils,2-3,phonetic fossils,Historical variance category,Foundational words whose original form is considered sacrosanct and not corrected with a euphonic vowel.,Belthal; Rethvok,"Their slightly harsh phonetic structure is a mark of their immense age and importance. To ""correct"" them with a euphonic vowel would be seen as a form of linguistic sacrilege.",Canon,Original wording preserved.,GR-S1-0004; LX-V4-0074; LX-V4-0075; PE-S1-0010; PE-S1-0011,related usage,PT-S1-0005,Needs Human Review,contextual meaning overlap
RM-S1-0004,Supplement 1: The Rule of Euphony and Historical Variance,Tiers of Application > Tier 2: Optional / Stylistic Application,2,standard and poetic euphonic variants,Variant form pattern,"Optional euphonic vowel creates poetic, melodic, formal, or archaic variants of standard forms.",Krezthal / Krezathal; Belshara / Belashara,"The absence of the euphonic vowel is the Standard Form (direct, common speech). The presence of the euphonic vowel is the Poetic Form (more melodic, formal, or archaic).",Canon,Original wording preserved.,GR-S1-0003; LX-V4-0002; LX-V4-0066; PE-S1-0005; PE-S1-0006; PE-S1-0007; PE-S1-0008,related usage,PT-S1-0005,Needs Human Review,variant form overlap
RM-S3-0001,Supplement 3: The Conceptual Lexicon,Part 1: The Primordial Forces > Entry 1.1: The Root Shal- (Light),1,Shal-,Conceptual root,"Light, glow, brightness; hope, truth, creation, clarity, revelation, wisdom, life, beginnings.",Shal + Lian = Revelation; Shal + Rin = Aura / Pure Essence; Shal + Thar = Hope / Courage,"Literal Meaning: Light, glow, brightness. Positive Connotations: Hope, truth (Lian), creation, clarity, revelation, wisdom, life, beginnings.",Canon,Conceptual layer preserved; does not replace existing Shal lexicon rows.,LX-V2-0003; LX-V2-0069; LX-V4-0101,refinement,PT-S3-0001,Approved,
RM-S3-0002,Supplement 3: The Conceptual Lexicon,Part 1: The Primordial Forces > Entry 1.2: The Root Fah- / Vethor- (Darkness/ Shadow),1-2,Fah- / Vethor-,Conceptual root pair,"Fah: total darkness, the void, fear. Vethor: shadow, mystery, shade, gentler natural darkness.",Vethor + Lian = A Hidden Truth / A Secret; Fah + Thar = Despair / Sorrow; Rath + Vethor = A Hidden Enemy / Ambusher,"Fah: Total darkness, the void, fear. Vethor: Shadow, mystery, shade, a gentler, more natural darkness.",Canon,Root pair preserved as source presents it; existing Fah and Vethor entries remain separate.,LX-V2-0043; LX-V4-0104; LX-V2-0009; LX-V2-0067; LX-V4-0117,related usage,PT-S3-0001,Approved,
RM-S3-0003,Supplement 3: The Conceptual Lexicon,Part 2: The Elemental Pillars > Entry 2.1: The Root Krez- (Fire),2-3,Krez-,Conceptual root,"Fire, heat, energy; passion, creation, strength, life-force, warmth, resilience, purification.",Krez + Thal = Dynamic Equilibrium; Krez + Lian = A Harsh Truth; Krez + Vok = A Forge / A Crucible,"Literal Meaning: Fire, Heat, Energy. Positive Connotations: Passion, creation, strength (Kal), life-force, warmth, resilience, purification (Krezmorath ritual).",Canon,Conceptual layer preserved; Krezthal/Krezathal variation already flagged in euphony supplement.,LX-V2-0004; LX-V2-0070; LX-V4-0105; PE-S1-0005; PE-S1-0006,refinement,PT-S3-0001,Approved,
RM-S3-0004,Supplement 3: The Conceptual Lexicon,Part 2: The Elemental Pillars > Entry 2.2: The Root Dren- (Water),3,Dren-,Conceptual root,"Water, liquid, fluid; life, flow, change, healing, emotion, intuition, cleansing, adaptation.",Dren + Thal = Harmony / Serenity; Dren + Shara = A Meandering Path / A Destiny of Change; Dren + Rin = Blood / Life-Essence,"Dren is the primary metaphor for the flow of emotion, life, and connection.",Canon,Conceptual layer preserved; no standalone lexicon rows created for pairings.,LX-V2-0002; LX-V2-0068; LX-V3-0011,refinement,PT-S3-0001,Approved,
RM-S3-0005,Supplement 3: The Conceptual Lexicon,Part 2: The Elemental Pillars > Entry 2.3: The Root Morl- (Stone/Mountain),3-4,Morl-,Conceptual root,"Stone, rock, mountain; endurance, history, stubbornness, strength, foundation, stability, defense.",Morl + Thar = A Resolute Heart / Stoicism; Morl + Lian = A Foundational Truth / A Dogma; Morl + Karash = Stone-Without-Vision,Morl is the ultimate metaphor for the past and for things that are unchanging.,Canon,Conceptual layer preserved; links to euphony Morlathar and existing Morl lexicon rows.,LX-V1-0022; LX-V2-0005; LX-V2-0066; PE-S1-0001,refinement,PT-S3-0001,Approved,
RM-S3-0006,Supplement 3: The Conceptual Lexicon,Part 2: The Elemental Pillars > Entry 2.4: The Root Esh- (Sky/Air),4,Esh-,Conceptual root,"Sky, air, wind; freedom, thought, divine, intellect, perspective, beginnings.",Esh + Thal = Clarity of Mind / Perspective; Esh + Shara = A Sky-Path / A Celestial Journey; Esh + Lianor = An Epiphany / A Divine Thought,Esh is the primary metaphor for the mind and for abstract thought.,Canon,Conceptual layer preserved.,LX-V1-0021; LX-V2-0006; LX-V2-0071; LX-V4-0110,refinement,PT-S3-0001,Approved,
RM-S3-0007,Supplement 3: The Conceptual Lexicon,Part 2: The Elemental Pillars > Entry 2.5: The Root terra- / Terra- (earth),4-6,terra- / Terra-,Conceptual root / capitalization distinction,"Earth, ground, soil, land; lowercase terra is mundane physical ground; capitalized Terra is the world as living spiritual entity.",Terra + Dren = Fertile Soil / The Source of Life; Terra + Rin = World-Soul / The Spirit of Ohnosha; Terra + Bel = A Foundation / A Grounding Principle,"Capitalized Terra refers to the planet as a living, spiritual entity, the ""Heart of Terra.""",Canon,Current naming applied: Ohnosha is the current world name; Terra is the Celan world/sacred term; terra is physical land/ground.,LX-V2-0001; LX-V2-0073; LX-V4-0108; CC-S3-0002,refinement,PT-S3-0002; PT-S3-0003,Needs Human Review,legacy naming clarification
RM-S3-0008,Supplement 3: The Conceptual Lexicon,Part 3: The Metaphysical Concepts > Entry 3.1: The Root Lian- (Truth),6-7,Lian-,Conceptual root,"Truth, honesty; reality, natural law, essence, logic, clarity, correctness.",Lian + Thal = Justice / Fairness; Lian + Bel = A Vow / An Oath; Ver + Lian = A Lie / Untruth,Lian is not just something you speak; it is a state of being.,Canon,Conceptual layer preserved; links to lianeth modality through existing Volume 4 material.,LX-V2-0026; LX-V2-0064; LX-V4-0114,refinement,PT-S3-0001,Approved,
RM-S3-0009,Supplement 3: The Conceptual Lexicon,Part 3: The Metaphysical Concepts > Entry 3.2: The Root Thal- (Balance),7-8,Thal-,Conceptual root / preposition overlap,"Balance, harmony, equilibrium; also preposition meaning From / Out of.",Thal + Rin = Destiny / The Natural Order; Thal + Vok = A Perfect Bond / Harmony; absence of Thal defines Rethvok,"As a Noun: Thal is an active, dynamic state, not a passive one.",Canon,Source uses Ohnoshan worldview language; current naming applied.,LX-V1-0017; LX-V2-0008; LX-V2-0023; LX-V2-0072; LX-V4-0109,refinement,PT-S3-0002; PT-S3-0007,Needs Human Review,legacy naming clarification
RM-S3-0010,Supplement 3: The Conceptual Lexicon,Part 3: The Metaphysical Concepts > Entry 3.3: The Root Reth- / Rethvok- (Uncertainty/Chaos),8,Reth- / Rethvok-,Conceptual root / conjunction overlap,"Reth: uncertainty, confusion, doubt, a question, or. Rethvok: chaos, disorder, un-ordered state.",Rethvok + Shara = A Path of Ruin / A Bad Decision; Reth + Lianor = A Paradox / A Riddle,"The conjunction ""Or"" (reth) is derived from this root, implying that the act of having to choose between options is an inherent state of uncertainty.",Canon,Refines existing Reth conjunction and Rethvok chaos rows; no resolution applied.,LX-V2-0045; LX-V4-0077; LX-V4-0103; LX-V4-0075; PE-S1-0011,refinement,PT-S3-0007,Needs Human Review,terminology overlap
RM-S3-0011,Supplement 3: The Conceptual Lexicon,Part 3: The Metaphysical Concepts > Entry 3.4: The Root Nor- (Time/Flow),8-9,Nor-,Conceptual root / prefix / preposition overlap,"Time, the flow of events; also future prefix and preposition at/in time.",Nor + Vel = Continuity / Eternity; Nor + Ka = Now / This moment; nor-ka Echo Particle,"Time is often conceptualized as a river. One can be swept along by it, or one can learn to navigate its currents.",Canon,Refines existing Nor future/preposition/passive overlaps; no resolution applied.,LX-V1-0020; LX-V2-0020; LX-V4-0100; RM-V1-0005; RM-V2-0036; RM-V4-0003,refinement,PT-S3-0007,Needs Human Review,terminology overlap
RM-S3-0012,Supplement 3: The Conceptual Lexicon,Part 3: The Metaphysical Concepts > Entry 3.5: The Root Rin- (Essence),9,Rin-,Conceptual root,"Essence, core nature, spirit, intrinsic quality.",Rin + Thal = Integrity; Ver + Rin = Soulless / Fake / Artificial,"Every object, person, and concept is believed to have a Rin. It is their unchanging, true self, distinct from their physical form.",Canon,Important identity-context refinement preserved; no existing identity entries changed.,CC-S3-0004,refinement,PT-S3-0004,Needs Human Review,identity concept refinement
RM-S3-0013,Supplement 3: The Conceptual Lexicon,Part 4: The Social & Personal Concepts > Entry 4.1: The Root Bel- (To bind/Weave),9-10,Bel-,Conceptual root,"To bind, weave, connect, fasten; civilization, bonds, restrictions, systems.",Bel + Thal = Order / The System / The Great Weave; Bel + Shara = Duty / A Bound Path; Bel + Vok = Clan / Family,Bel is the fundamental principle of civilization.,Canon,Conceptual layer preserved.,RM-V2-0003; LX-V4-0074; PE-S1-0010,refinement,PT-S3-0001,Approved,
RM-S3-0014,Supplement 3: The Conceptual Lexicon,Part 4: The Social & Personal Concepts > Entry 4.2: The Root Kal- (Strength),10,Kal-,Conceptual root,"Strength, power, force; neutral force whose virtue depends on use.",Kal + -or = Spiritual Strength / Willpower; Kal + Varok = Dominion / Tyranny; Kal + Rin = The Essence of Strength,Kal is a neutral force. It is not inherently good or bad. Its virtue is determined by how it is used.,Canon,Source uses Ohnoshan language for philosophical debate; current naming applied.,LX-V2-0031; LX-V4-0111,refinement,PT-S3-0002,Needs Human Review,legacy naming clarification
RM-S3-0015,Supplement 3: The Conceptual Lexicon,Part 4: The Social & Personal Concepts > Entry 4.3: The Root Shara- (Path),10-11,Shara-,Conceptual root,"A path, a road, a journey; life path, strategy, decision path.",Shara + -ka = Freedom; Shara + Thal = An Outcome / A Result; Lian + Shara = The True Path / Righteousness,One's life is universally seen as a Shara.,Canon,Conceptual layer preserved.,LX-V2-0010,refinement,PT-S3-0001,Approved,
RM-S3-0016,Supplement 3: The Conceptual Lexicon,Part 4: The Social & Personal Concepts > Entry 4.4: The Root Ohm- (Connection/Unity),11,Ohm-,Conceptual root,"Connection, meeting point, circuit; spiritual connection distinct from Bel.",Ohm + -aen = To Love / To Cherish / To Attune With; Ohm + Rin = Attunement / Empathy; Ohm + Vok = The Collective Consciousness / The Great Bond,Ohm is the principle that no person or thing is an island.,Canon,Conceptual layer preserved; Bel/Ohm distinction flagged because it affects interpretation.,RM-V2-0024,refinement,PT-S3-0005,Needs Human Review,contextual meaning overlap
RM-S3-0017,Supplement 3: The Conceptual Lexicon,Part 4: The Social & Personal Concepts > Entry 4.5: The Root Thar- (Heart),11-12,Thar-,Conceptual root,"The physical heart; source of emotion, will, and true inner self.",Thar + -ka = Desire / Will; Thar + Lian = An Oath / A Heart-Truth; Morl + Thar = Stoicism / A Resolute Heart,"The mind (Lianor) thinks, but the heart (Thar) is.",Canon,Source uses Ohnoshan stories language; current naming applied.,LX-V2-0007; LX-V2-0057; LX-V4-0115; PE-S1-0001,refinement,PT-S3-0002,Needs Human Review,legacy naming clarification
RM-S3-0018,Supplement 3: The Conceptual Lexicon,Part 5: The Concepts of Action & Being > Entry 5.1: The Root Var- (To Go/Move),12,Var-,Conceptual root / preposition overlap,"To go, move, travel; also preposition to/towards; action and existence.",Var + Ok = To Command / To Direct; Ver + Var = Stasis / Inaction,"In Celan, ""to be"" is often expressed as an act of ""going"" or ""moving.""",Canon,Conceptual layer preserved; links to existing Var verb/preposition rows.,LX-V1-0015; LX-V2-0034; LX-V2-0063; LX-V3-0010; LX-V4-0099,refinement,PT-S3-0007,Needs Human Review,terminology overlap
RM-S3-0019,Supplement 3: The Conceptual Lexicon,Part 5: The Concepts of Action & Being > Entry 5.2: The Root Aen- (To Speak/Breathe),12-13,Aen-,Conceptual root / complementizer overlap,"To speak, breathe, make a sound; also complementizer that.",Aen + -or = The Ear / Place of Sound; Aen + Nor = Music,Speech and breath are considered two sides of the same life-giving coin.,Canon,Refines Aen/Aenor polysemy and complementizer usage; no resolution applied.,LX-V2-0028; LX-V2-0062; LX-V3-0009; LX-V4-0102; RM-V3-0005; LX-V2-0049; LX-V4-0081; LX-V4-0107,refinement,PT-S3-0006; PT-S3-0007,Needs Human Review,terminology overlap
RM-S3-0020,Supplement 3: The Conceptual Lexicon,Part 5: The Concepts of Action & Being > Entry 5.3: The Root Pralaen- (To Make/Craft),13,Pralaen-,Conceptual root,"To make, craft, shape with care; skill, purpose, imposing order.",Pralaen + Shal = To Create Fate; Pralaen + Rethvok = To cause destruction / To make a mess,"Pralaen is distinct from simple ""creation."" It implies skill, purpose, and the act of imposing order (Belthal).",Canon,Conceptual layer preserved.,LX-V4-0049,refinement,PT-S3-0001,Approved,
RM-S3-0021,Supplement 3: The Conceptual Lexicon,Part 5: The Concepts of Action & Being > Entry 5.4: The Root Rav- (To Pull/Yearn),13-14,Rav-,Conceptual root,"To pull, draw towards; desire, deep yearning, destiny pull.",Rav- + -okhaen = To Desire / To Yearn For; Rav- + Thar = A Yearning Heart / Passionate Longing,"Rav- is the root of desire. It represents the gravitational pull of the heart (Thar) or spirit towards a person, object, or goal.",Canon,Conceptual layer preserved.,RM-V2-0021,refinement,PT-S3-0001,Approved,
RM-S3-0022,Supplement 3: The Conceptual Lexicon,Part 5: The Concepts of Action & Being > Entry 5.5: The Root Vok- (To Break/Unite),14,Vok-,Conceptual root / duality,Duality of breaking a bond and forming a unity; noun Vok means unity; verb vokaen breaks unity.,Vok + -aen = To Betray / To Break a Bond; Bel + Vok = Clan / Family; Reth + Vok = Chaos,"This root embodies a profound duality. The noun Vok means ""Unity."" The primary verb vokaen means ""to break that unity.""",Canon,Refines Vok unity/betrayal polysemy; no merge or correction applied.,LX-V4-0120,refinement,PT-S3-0008,Needs Human Review,contextual meaning overlap
RM-S3-0023,Supplement 3: The Conceptual Lexicon,Part 6: The Concepts of Society & Culture > Entry 6.1: The Root Ser- (Friend/With),14-15,Ser-,Conceptual root / preposition / conjunction overlap,"Friend, ally; also with and and.",Ser + Rin = Friendship / Comradery; Kal + Ser = An Ally of Strength / A Bodyguard,"To connect two things with ""and"" (ser) is to place them in accompaniment (ser), which is the very essence of being a friend (Ser).",Canon,Refines existing Ser friend/with/and polysemy; no resolution applied.,LX-V1-0016; LX-V2-0036; LX-V2-0065; LX-V4-0076; LX-V4-0112,refinement,PT-S3-0007,Needs Human Review,terminology overlap
RM-S3-0024,Supplement 3: The Conceptual Lexicon,Part 6: The Concepts of Society & Culture > Entry 6.2: The Root Rath- (Enemy/If),15,Rath-,Conceptual root / conditional overlap,"Enemy, foe, adversary; also conditional particle if.",Rath + -or = Enemy Territory / A Place of Great Danger; Rath + Vethor = A Hidden Enemy / An Assassin; Rath + Thar = A Hateful Heart / Malevolence,"The conditional ""if"" (rath) is derived from the word for ""enemy.""",Canon,Refines Rath conditional/foe relation; no resolution applied.,LX-V2-0040; RM-V1-0012; RM-V3-0009; PE-S1-0002,refinement,PT-S3-0007,Needs Human Review,terminology overlap
RM-S3-0025,Supplement 3: The Conceptual Lexicon,Part 6: The Concepts of Society & Culture > Entry 6.3: The Root Khum- (To Listen/Know),15-16,Khum-,Conceptual root,"To listen, perceive, know through hearing; patient knowing and introspection.",Khum- + -rel = To Listen Deeply / To Meditate On; Khum- + -lor = A Circle / A Council,"Khum- implies a deeper, more patient form of knowing than the visual Shalaen (to see).",Canon,Conceptual layer preserved.,RM-V2-0025,refinement,PT-S3-0001,Approved,
RM-S3-0026,Supplement 3: The Conceptual Lexicon,Part 6: The Concepts of Society & Culture > Entry 6.4: The Root Zhir- (Thread/Lineage),16,Zhir-,Conceptual root,"Thread, line, cord; connection through time, lineage, history, cause-effect, fate.",Ka + Zhir = Without Lineage / Bastard; Zhir + Vok = A Severed Tie / A Betrayal of Heritage,Zhir- is the primary metaphor for connection through time. This is distinct from Bel (social binding) and Ohm (spiritual connection).,Canon,Conceptual layer preserved; Bel/Ohm/Zhir distinctions flagged because they affect interpretation.,,refinement,PT-S3-0005,Needs Human Review,contextual meaning overlap
RM-S3-0027,Supplement 3: The Conceptual Lexicon,Part 6: The Concepts of Society & Culture > Entry 6.5: The Root Kel- (To Say/Name),16-17,Kel-,Conceptual root,"To say, speak, name; definition and ordering through language.",Kel- + -ka = A Word; Kel- + Rin = A Name; Kel- + Ver = Silence,"Kel- is distinct from the life-giving Aen (to speak/breathe). Kel- is the intellectual, ordering act of defining reality through language.",Canon,Conceptual layer preserved; Aen/Kel distinction flagged because it affects lookup and interpretation.,LX-V3-0012; LX-V4-0121,refinement,PT-S3-0005,Needs Human Review,contextual meaning overlap
