sense_id,headword,word_type,meaning,source_headword,source_entry_id,celan,english,review_result
var-s1,Var,Verb,Go / Move,Kadfel,PE-LA1-0002,var kadfel an teremil.,The boy goes home.,
var-s1,Var,Verb,Go / Move,Theefel,PE-LA1-0006,var theefel an teremil.,The neutral child goes home.,
var-s2,Var,Preposition,To / Towards,Kadfel,PE-LA1-0002,var kadfel an teremil.,The boy goes home.,
var-s2,Var,Preposition,To / Towards,Theefel,PE-LA1-0006,var theefel an teremil.,The neutral child goes home.,
ser-s1,Ser,Noun,Friend / Ally,Lia‘ser,PE-SP2C-0033,Lia‘ser.,Understood.,
ser-s2,Ser,Preposition,With,Lia‘ser,PE-SP2C-0033,Lia‘ser.,Understood.,
ser-s3,Ser,Conjunction,And,Lia‘ser,PE-SP2C-0033,Lia‘ser.,Understood.,
thal-s1,Thal,Noun,Balance / Harmony,I,PE-SP2C-0032,reth‘thal nor-var I an evan.,Perhaps I will go to the market.,
thal-s1,Thal,Noun,Balance / Harmony,I,PE-SP2C-0052,thal'talaen I emil an lorash.,I relinquish food at the shrine.,
thal-s1,Thal,Noun,Balance / Harmony,Ser,PE-V2-0111,thal'vokaen Tharvin dren ser morl.,Autumn balances the water with the mountain.,
thal-s1,Thal,Noun,Balance / Harmony,An,PE-SP2C-0045,rinaen thal'vok an lorash.,There is harmonious unity at the shrine.,
thal-s1,Thal,Noun,Balance / Harmony,An,PE-SP2C-0053,rinaen thal'taleth an lorash.,There is a sacrifice ritual at the shrine.,
thal-s1,Thal,Noun,Balance / Harmony,Lorinen,PE-SP2C-0047,thal'vokaen lorinen belvok.,The honored guide brings the family into harmony.,
thal-s2,Thal,Preposition,From / Out of,I,PE-SP2C-0032,reth‘thal nor-var I an evan.,Perhaps I will go to the market.,
thal-s2,Thal,Preposition,From / Out of,I,PE-SP2C-0052,thal'talaen I emil an lorash.,I relinquish food at the shrine.,
thal-s2,Thal,Preposition,From / Out of,Ser,PE-V2-0111,thal'vokaen Tharvin dren ser morl.,Autumn balances the water with the mountain.,
thal-s2,Thal,Preposition,From / Out of,An,PE-SP2C-0045,rinaen thal'vok an lorash.,There is harmonious unity at the shrine.,
thal-s2,Thal,Preposition,From / Out of,An,PE-SP2C-0053,rinaen thal'taleth an lorash.,There is a sacrifice ritual at the shrine.,
thal-s2,Thal,Preposition,From / Out of,Lorinen,PE-SP2C-0047,thal'vokaen lorinen belvok.,The honored guide brings the family into harmony.,
nor-s1,Nor,Noun,Time / Flow of Time,I,PE-V3-0028,"rath var Ya an dren, nor-vekaen I shena var Ya.","If you go to the water, I will bring coinage.",
nor-s1,Nor,Noun,Time / Flow of Time,I,PE-ER2-0060,nor-var I an dren.,I will go to the water.,
nor-s1,Nor,Noun,Time / Flow of Time,I,PE-SP2-0002,nor-var I an Eshvan.,I will go to the shop.,
nor-s1,Nor,Noun,Time / Flow of Time,I,PE-SP2C-0032,reth‘thal nor-var I an evan.,Perhaps I will go to the market.,
nor-s1,Nor,Noun,Time / Flow of Time,I,PE-V1-0019,Nor-var I dren.,“I will go to the water.”,
nor-s1,Nor,Noun,Time / Flow of Time,I,PE-V1-0029,"Rath Nor-var ser, Nor-var I dren.","“If the friend will go, I will go to the water.”",
nor-s1,Nor,Noun,Time / Flow of Time,I,PE-V1-0036,Nor-var I an Varthas.,I will go to the city.,
nor-s1,Nor,Noun,Time / Flow of Time,I,PE-V1-0040,Nor-var I an Tera.,“I will go at the home.”,
nor-s2,Nor,Preposition,At / In (time),I,PE-V3-0028,"rath var Ya an dren, nor-vekaen I shena var Ya.","If you go to the water, I will bring coinage.",
nor-s2,Nor,Preposition,At / In (time),I,PE-ER2-0060,nor-var I an dren.,I will go to the water.,
nor-s2,Nor,Preposition,At / In (time),I,PE-SP2-0002,nor-var I an Eshvan.,I will go to the shop.,
nor-s2,Nor,Preposition,At / In (time),I,PE-SP2C-0032,reth‘thal nor-var I an evan.,Perhaps I will go to the market.,
nor-s2,Nor,Preposition,At / In (time),I,PE-V1-0019,Nor-var I dren.,“I will go to the water.”,
nor-s2,Nor,Preposition,At / In (time),I,PE-V1-0029,"Rath Nor-var ser, Nor-var I dren.","“If the friend will go, I will go to the water.”",
nor-s2,Nor,Preposition,At / In (time),I,PE-V1-0036,Nor-var I an Varthas.,I will go to the city.,
nor-s2,Nor,Preposition,At / In (time),I,PE-V1-0040,Nor-var I an Tera.,“I will go at the home.”,
morl-s1,Morl,Noun,Mountain,Var,PE-SP2C-0063,"aen ser ""morl-karash"" var mekral.",The friend says “stone-brained” to the mechanic.,
morl-s3,Morl,Preposition,"Under, beneath",Var,PE-SP2C-0063,"aen ser ""morl-karash"" var mekral.",The friend says “stone-brained” to the mechanic.,
dren-s1,Dren,Noun,Water,Kadfel,PE-LA1-0001,drenaen kadfel dren.,The boy drinks water.,
dren-s1,Dren,Noun,Water,Azfel,PE-LA1-0004,drenaen azfel dren.,The girl drinks water.,
dren-s1,Dren,Noun,Water,Kadon,PE-LA1-0007,drenaen kadon dren.,The masculine woman drinks water.,
dren-s2,Dren,Noun,Water - symbolic,Kadfel,PE-LA1-0001,drenaen kadfel dren.,The boy drinks water.,
dren-s2,Dren,Noun,Water - symbolic,Azfel,PE-LA1-0004,drenaen azfel dren.,The girl drinks water.,
dren-s2,Dren,Noun,Water - symbolic,Kadon,PE-LA1-0007,drenaen kadon dren.,The masculine woman drinks water.,
dren-s3,Dren,Noun,Water / River,Kadfel,PE-LA1-0001,drenaen kadfel dren.,The boy drinks water.,
dren-s3,Dren,Noun,Water / River,Azfel,PE-LA1-0004,drenaen azfel dren.,The girl drinks water.,
dren-s3,Dren,Noun,Water / River,Kadon,PE-LA1-0007,drenaen kadon dren.,The masculine woman drinks water.,
shal-s1,Shal,Noun,Light / New Beginnings / Fate,I,PE-SP2C-0070,shalaen I shal'taleth an lorash.,I see a light-offering ritual at the shrine.,
shal-s1,Shal,Noun,Light / New Beginnings / Fate,An,PE-SP2C-0048,rinaen shal'taleth an lorash.,There is a light-offering ritual at the shrine.,
shal-s2,Shal,Verb,Hope,I,PE-SP2C-0070,shalaen I shal'taleth an lorash.,I see a light-offering ritual at the shrine.,
shal-s2,Shal,Verb,Hope,An,PE-SP2C-0048,rinaen shal'taleth an lorash.,There is a light-offering ritual at the shrine.,
krez-s1,Krez,Noun,Fire,Var,PE-SP2C-0060,"aen ser ""krez-verin"" var varadan.",The friend says “ash-breather” to the merchant.,
krez-s2,Krez,Interjection,Blast! / Damn!,Var,PE-SP2C-0060,"aen ser ""krez-verin"" var varadan.",The friend says “ash-breather” to the merchant.,
thar-s1,Thar,Noun,Heart,An,PE-SP2C-0054,rinaen thar'taleth an lorash.,There is a heart-sacrifice ritual at the shrine.,
thar-s2,Thar,Modal,Want to,An,PE-SP2C-0054,rinaen thar'taleth an lorash.,There is a heart-sacrifice ritual at the shrine.,
rathor-s1,Rathor,Noun,Old City / Ancient Place,An,PE-SP2C-0041,rinaen vel'rathor an thar-ian.,There is an enduring memory in my heart.,
rathor-s2,Rathor,Noun,Past / History,An,PE-SP2C-0041,rinaen vel'rathor an thar-ian.,There is an enduring memory in my heart.,
thaal-s1,Thaal,Noun,The Unknown / Wonder,Var,PE-DR1-0003,thaal'ra var ser an Varthas.,I wonder if the friend is going to the city.,
thaal-s1,Thaal,Noun,The Unknown / Wonder,An,PE-DR1-0004,thaal'ra rinaen dren an krezor.,I wonder if there is water at the hearth.,
thaal-s2,Thaal,Particle,Superlative marker: most,Var,PE-DR1-0003,thaal'ra var ser an Varthas.,I wonder if the friend is going to the city.,
thaal-s2,Thaal,Particle,Superlative marker: most,An,PE-DR1-0004,thaal'ra rinaen dren an krezor.,I wonder if there is water at the hearth.,
lian-s1,Lian,Noun,Truth / Honesty,Lian'lia,PE-SP2C-0034,Lian'lia!,Exactly!,
lian-s2,Lian,Verb,Pray,Lian'lia,PE-SP2C-0034,Lian'lia!,Exactly!,
lian-s3,Lian,Modal,Can / Able to,Lian'lia,PE-SP2C-0034,Lian'lia!,Exactly!,
aen-s1,Aen,Verb,Speak / Tell / Breathe,I,PE-SP2C-0046,ohm'aen I Ya.,I attune to you.,
aen-s1,Aen,Verb,Speak / Tell / Breathe,An,PE-SP2C-0050,rinaen aen'moreth an lorash.,There is a breath-into-stone ritual at the shrine.,
aen-s2,Aen,Conjunction,That,I,PE-SP2C-0046,ohm'aen I Ya.,I attune to you.,
aen-s2,Aen,Conjunction,That,An,PE-SP2C-0050,rinaen aen'moreth an lorash.,There is a breath-into-stone ritual at the shrine.,
aen-s3,Aen,Suffix,-aen (verb-forming),I,PE-SP2C-0046,ohm'aen I Ya.,I attune to you.,
aen-s3,Aen,Suffix,-aen (verb-forming),An,PE-SP2C-0050,rinaen aen'moreth an lorash.,There is a breath-into-stone ritual at the shrine.,
aen-s4,Aen,Noun,Breath of Life,I,PE-SP2C-0046,ohm'aen I Ya.,I attune to you.,
aen-s4,Aen,Noun,Breath of Life,An,PE-SP2C-0050,rinaen aen'moreth an lorash.,There is a breath-into-stone ritual at the shrine.,
arthen-s1,Arthen,Noun,Destiny / Purpose,An,PE-SP2C-0055,rinaen arthen'taleth an lorash.,There is a sacrifice-for-destiny ritual at the shrine.,
vaar-s1,Vaar,Noun,Peace / Unity,I,PE-V3-0069,Vaar'kelaen I an shal.,I feel relief in the light.,
vaar-s2,Vaar,Adjective,Good,I,PE-V3-0069,Vaar'kelaen I an shal.,I feel relief in the light.,
vaar-s3,Vaar,Interjection,Relief / Phew,I,PE-V3-0069,Vaar'kelaen I an shal.,I feel relief in the light.,
lorin-s1,Lorin,Noun,Guide,An,PE-SP2C-0051,rinaen lorin'ohmeth an lorash.,There is a guidance-seeking ritual at the shrine.,
lorin-s2,Lorin,Noun,Guide / Teacher,An,PE-SP2C-0051,rinaen lorin'ohmeth an lorash.,There is a guidance-seeking ritual at the shrine.,
lorin-s3,Lorin,Verb,To guide,An,PE-SP2C-0051,rinaen lorin'ohmeth an lorash.,There is a guidance-seeking ritual at the shrine.,
fah-s1,Fah,Noun,Darkness / Fear / Night,I,PE-SP2C-0043,fah'tharaen I ser.,I mourn the friend.,
fah-s1,Fah,Noun,Darkness / Fear / Night,An,PE-SP2C-0040,rinaen fah'thar an thar-ian.,There is grief in my heart.,
fah-s2,Fah,Interjection,Ugh! / Bah!,I,PE-SP2C-0043,fah'tharaen I ser.,I mourn the friend.,
fah-s2,Fah,Interjection,Ugh! / Bah!,An,PE-SP2C-0040,rinaen fah'thar an thar-ian.,There is grief in my heart.,
reth-s1,Reth,Noun,Confusion / Uncertainty,I,PE-SP2C-0032,reth‘thal nor-var I an evan.,Perhaps I will go to the market.,
reth-s2,Reth,Conjunction,Or,I,PE-SP2C-0032,reth‘thal nor-var I an evan.,Perhaps I will go to the market.,
ian-s1,Ian,Possessive,My / Direct Possession marker,I,PE-ER2-0066,kes I rav an thar-ian.,I feel the pull in my heart.,
ian-s1,Ian,Possessive,My / Direct Possession marker,I,PE-SP2C-0012,drenselaen I aenvor-ian.,I wash my nose.,
ian-s1,Ian,Possessive,My / Direct Possession marker,I,PE-SP2C-0014,drenselaen I kalvar-ian.,I wash my arm.,
ian-s1,Ian,Possessive,My / Direct Possession marker,I,PE-SP2C-0016,drenselaen I morlka-ian.,I wash my foot.,
ian-s1,Ian,Possessive,My / Direct Possession marker,I,PE-V4-0094,Min I an dren. Rinaen kelvor-ian kadreneth ser Krez.,Headed to water. My mouth is dry with the heat.,
ian-s1,Ian,Possessive,My / Direct Possession marker,I,PE-V4-0098,Var I an phelvin. Rinaen kelvor-ian kadreneth. Rinaen belshara.,Proceeding to acquire a beverage. My mouth is dry. Hydration is a necessity.,
ian-s1,Ian,Possessive,My / Direct Possession marker,I,PE-V4-0100,Shalil I an dren. Rinaen thar-ian ser mahr kadreneth.,I flow to the water. My heart feels like a dry sea.,
ian-s1,Ian,Possessive,My / Direct Possession marker,I,PE-V4-0102,"Var I an velithor. Rinaen thar-ian moreth, ser vaar ka.",I'm going for strong ale. My spirit is hard/unsettled and lacks comfort.,
eshen-s1,Eshen,Possessive,His/Her/Their / Direct Possession marker,Kelvor,PE-SP2C-0037,rinaen kelvor-eshen kadreneth.,Their mouth is dry.,
talaen-s1,Talaen,Verb,To give/offer (used for simpler offerings).,I,PE-SP2C-0052,thal'talaen I emil an lorash.,I relinquish food at the shrine.,
talaen-s2,Talaen,Verb,"To Take (contextual), To Receive",I,PE-SP2C-0052,thal'talaen I emil an lorash.,I relinquish food at the shrine.,
shalaen-s1,Shalaen,Verb,To Hope / See Light Ahead.,Azfel,PE-LA1-0003,shalaen azfel eshlin.,The girl sees a bird.,
shalaen-s1,Shalaen,Verb,To Hope / See Light Ahead.,Theefel,PE-LA1-0005,shalaen theefel eshlin.,The neutral child sees a bird.,
shalaen-s2,Shalaen,Verb,"To See, To perceive with light",Azfel,PE-LA1-0003,shalaen azfel eshlin.,The girl sees a bird.,
shalaen-s2,Shalaen,Verb,"To See, To perceive with light",Theefel,PE-LA1-0005,shalaen theefel eshlin.,The neutral child sees a bird.,
vokaen-s1,Vokaen,Verb,To Betray / Break Bond.,Ser,PE-V2-0111,thal'vokaen Tharvin dren ser morl.,Autumn balances the water with the mountain.,
vokaen-s1,Vokaen,Verb,To Betray / Break Bond.,Lorinen,PE-SP2C-0047,thal'vokaen lorinen belvok.,The honored guide brings the family into harmony.,
verin-s1,Verin,Noun,Zero,Var,PE-SP2C-0060,"aen ser ""krez-verin"" var varadan.",The friend says “ash-breather” to the merchant.,
shen-s1,Shen,Noun,Coinage / Currency,Ilin,PE-V2-0050,Vanesh Ilin ka-shen lialor.,We trade via barter indeed.,
shen-s2,Shen,Measure,Unit of weight / measure,Ilin,PE-V2-0050,Vanesh Ilin ka-shen lialor.,We trade via barter indeed.,
shen-s3,Shen,Verb,To measure / To count,Ilin,PE-V2-0050,Vanesh Ilin ka-shen lialor.,We trade via barter indeed.,
kor-s1,Kor,Noun,Source / Strength,An,PE-SP2C-0056,rinaen kor'taleth an lorash.,There is an offering-to-a-power-source ritual at the shrine.,
kor-s2,Kor,Measure,Unit of length / handspan measure,An,PE-SP2C-0056,rinaen kor'taleth an lorash.,There is an offering-to-a-power-source ritual at the shrine.,
kor-s3,Kor,Noun,Center or middle; the central position or region within a bounded whole,An,PE-SP2C-0056,rinaen kor'taleth an lorash.,There is an offering-to-a-power-source ritual at the shrine.,
vok-s1,Vok,Noun,Unity / Bond,An,PE-SP2C-0045,rinaen thal'vok an lorash.,There is harmonious unity at the shrine.,
vok-s2,Vok,Verb,Betray,An,PE-SP2C-0045,rinaen thal'vok an lorash.,There is harmonious unity at the shrine.,
