item,sense_id,headword_id,celan,english,placement,entry_id,note
1,lumor-s1,lumor,lorin lumor I.,Insight guides me.,new direct sentence,PE-109B1-0001,
2,lumor-s2,lumor,dor I lumor an pralor.,I put the talisman on the table.,new direct sentence,PE-109B1-0002,
3,arthen-s1,arthen,lorin arthen I.,Destiny guides me.,new direct sentence,PE-109B1-0003,
4,ian-s1,ian,rinaen belkor-ian verdeth.,My tunic is green.,existing placement linked,PE-V4-0042,
5,anen-s1,anen,rinaen anen morlak an pralor.,Your bread is on the table.,new related illustration,PE-109B1-0005,
6,eshen-s1,eshen,rinaen kelvor-eshen kadreneth.,Their mouth is dry.,existing placement linked,PE-SP2C-0037,
7,velian-s1,velian,rinaen velian morlak an pralor.,Our bread is on the table.,new related illustration,PE-109B1-0007,
8,eth-s1,-eth,rinaen kalmek kaleth.,The machine is powerful.,approved earlier under -eth,PE-ETH-0001,Standalone Eth remains separate.
9,eth-s2,-eth,rinaen khumeth an shalor.,The sacred ritual is at the sanctuary.,approved earlier under -eth,PE-ETH-0002,Standalone Eth remains separate.
10,im-s1,im,rinaen im an pralor.,A device is on the table.,new direct sentence,PE-109B1-0010,
11,trak-s1,trak,rinaen quen trakorin an xaror.,There are four boots in the room.,new related illustration,PE-ER2-0007,
12,kav-s1,kav,rinaen kaleth kaveth.,The fortress is old.,new related illustration,PE-V4-0033,
13,tla-s1,tla,shalilaen tlakhura ser zhivor.,An unspoken bond flows with the family.,new related illustration,PE-V2-0036,
14,lor-s1,lor,lorin liorin aelin.,The elder guides the pupil.,new related illustration,PE-109B1-0014,
15,vin-s1,vin,vindrenaen I vilor.,I dry the fruit.,new related illustration,PE-FAP2-0045,
16,nk-s1,nk,rinaen nkathal an thar-ian.,There is grief in my heart.,new related illustration,PE-DR2-0007,
17,nku-s1,nku,mbaen nkural aelin.,The mentor helps the pupil.,new related illustration,PE-109B1-0017,
18,mb-s1,mb,mbaen I Ya.,I help you.,new related illustration,PE-109B1-0018,
19,rek-s1,rek,rinaen krezrek nor fenrek.,There is a heatwave in summer.,new related illustration,PE-109B1-0019,
20,thaen-s1,thaen,kes I thaenin.,I notice a spirit-being.,new related illustration,PE-109B1-0020,
21,elor-s1,elor,rinaen elor an verdin.,There is growth in the plant.,new direct sentence,PE-109B1-0021,
22,livar-s1,livar,livaraen I nesh ser jelkor.,I cure the fish with seasoning.,new related illustration,PE-FAP2-0047,
23,marin-s1,marin,rinaen marin an verdmarin.,There is a branch on the tree.,new direct sentence,PE-109B1-0023,
24,tarin-s1,tarin,rinaen voktarin an pralor.,The preserved dates are on the table.,new related illustration,PE-109B1-0024,
25,soril-s1,soril,jelaen I vethsoril.,I taste the shadowspice stew.,new related illustration,PE-109B1-0025,
26,tham-s1,tham,felthamaen I saren.,I grind the wheat.,new related illustration,PE-FAP2-0031,
27,lak-s1,lak,talaen I morlak an felka.,I offer bread to the child.,new related illustration,PE-S3-0011,
28,kadren-s1,kadren,drenaen kadfel dren.,The boy drinks water.,new related illustration,PE-LA1-0001,
29,azan-s1,azan,drenaen azfel dren.,The girl drinks water.,new related illustration,PE-LA1-0004,
30,thee-s1,thee,tal theon thal an Ilin.,The neutral person gives balance to us.,new related illustration,PE-ER2-0013,
31,tha--s1,tha-,tha-var I an dren.,I went to the water.,new related illustration,PE-109B1-0031,
32,nor--s2,nor-,nor-var I an dren.,I will go to the water.,existing placement linked,PE-ER2-0060,
33,-al-s1,-al,varal I an dren.,I am going to the water.,new related illustration,PE-109B1-0033,
34,-ath-s1,-ath,varath I an dren.,I have gone to the water.,new related illustration,PE-109B1-0034,
35,-as-s1,-as,varas I an dren.,I usually go to the water.,new related illustration,PE-109B1-0035,
36,-ka-s1,-ka,rinaen I-ka dren an drenvor.,My water is in the bowl.,new related illustration,PE-109B1-0036,
37,kilv-s1,kilv,tal I dren nor kilvlum an veth.,I receive water at midnight in shadow.,new related illustration,PE-V2-0007,
38,nk--s1,nk-,rinaen nkathal an thar-ian.,There is grief in my heart.,new related illustration,PE-DR2-0007,
39,rav--s1,rav-,rinaen rav kaleth an kalravor.,There is a strong pull in the gravity pocket.,existing placement linked,PE-ER2-0065,
40,mb--s1,mb-,mbaen I Ya.,I help you.,new related illustration,PE-109B1-0040,
41,tla--s1,tla-,shalilaen tlakhura ser zhivor.,An unspoken bond flows with the family.,new related illustration,PE-V2-0036,
42,ohm--s1,ohm-,rinaen ohm ser Ilin.,Connection is with us.,existing placement linked,PE-S4A-0005,
43,khum--s1,khum-,lorbelaen khumkel felbelor.,The council governs the district.,new related illustration,PE-GCI1-0005,
44,zhae--s1,zhae-,zhaeaen azron ser nkathal.,The woman empathizes with the sadness.,new related illustration,PE-V3-0068,
45,nku--s1,nku-,mbaen nkural aelin.,The mentor helps the pupil.,new related illustration,PE-109B1-0045,
46,-in-s1,-in,var tren serin an dren.,Three friends go to the water.,new related illustration,PE-ER2-0005,
47,-in-s2,-in,var shalor-in an shalor.,A sanctuary member goes to the sanctuary.,new related illustration,PE-109B1-0047,
48,-n-s1,-n,rinaen teran an Varthas.,There are homes in the city.,new related illustration,PE-109B1-0048,
49,-or-s1,-or,rinaen krezor feneth.,The hearth is hot.,new related illustration,PE-V4-0023,
50,-en-s1,-en,lorin Liorinen aelin.,The honored elder guides the pupil.,new related illustration,PE-109B1-0050,No exact sense assignment because two -en honorific meanings overlap.
