sense_id,celan,english,kind,status
lumor-s1,lorin lumor I.,Insight guides me.,ordinary,proposed_figurative
lumor-s2,dor I lumor an pralor.,I put the talisman on the table.,ordinary,proposed
arthen-s1,lorin arthen I.,Destiny guides me.,ordinary,proposed_figurative
ian-s1,rinaen belkor-ian verdeth.,My tunic is green.,construction,existing_approved_pattern
anen-s1,rinaen anen morlak an pralor.,Your bread is on the table.,construction,needs_usage_scope_confirmation
eshen-s1,rinaen kelvor-eshen kadreneth.,Their mouth is dry.,construction,existing_approved_pattern
velian-s1,rinaen velian morlak an pralor.,Our bread is on the table.,construction,needs_usage_scope_confirmation
eth-s1,rinaen kalmek kaleth.,The machine is powerful.,construction,needs_eth_vs_suffix_decision
eth-s2,rinaen khumeth an shalor.,The sacred ritual is at the sanctuary.,construction,proposed_verify_eth_analysis
im-s1,rinaen im an pralor.,A device is on the table.,ordinary,proposed
im-s2,,,construction,needs_decision_particle_syntax_not_explained
trak-s1,rinaen quen trakor an xaror.,There are four boots in the room.,construction,existing_sentence
kav-s1,rinaen kaleth kaveth.,The fortress is old.,construction,proposed
tla-s1,Shalilaen tlakhura ser Zhivor.,An unspoken bond flows with the family.,construction,proposed_poetic
lor-s1,lorin liorin aelin.,The elder guides the pupil.,construction,proposed
vin-s1,vindrenaen I vilor.,I dry the fruit.,construction,existing_sentence
nk-s1,rinaen nkathal an thar-ian.,There is grief in my heart.,construction,proposed_partial_root_range
nku-s1,mbaen nkural aelin.,The mentor helps the pupil.,construction,proposed_family_link_review
mb-s1,mbaen I Ya.,I help you.,construction,proposed
rek-s1,rinaen krezrek nor fenrek.,There is a heatwave in summer.,construction,proposed
thaen-s1,kes I thaenin.,I notice a spirit-being.,construction,proposed
elor-s1,rinaen elor an verdin.,There is growth in the plant.,ordinary,proposed
livar-s1,livaraen I nesh ser jelkor.,I cure the fish with seasoning.,construction,existing_sentence
marin-s1,rinaen marin an verdmarin.,There is a branch on the tree.,ordinary,proposed
tarin-s1,rinaen voktarin an pralor.,The preserved dates are on the table.,construction,proposed_number_review
soril-s1,jelaen I vethsoril.,I taste the shadowspice stew.,construction,proposed
tham-s1,felthamaen I saren.,I grind the wheat.,construction,existing_sentence
lak-s1,talaen I morlak an Felka.,I offer bread to the child.,construction,existing_sentence
kadren-s1,drenaen kadfel dren.,The boy drinks water.,construction,existing_sentence
azan-s1,drenaen azfel dren.,The girl drinks water.,construction,existing_sentence
thee-s1,tal theon thal an Ilin.,The neutral person gives balance to us.,construction,existing_sentence
tha--s1,tha-var I an dren.,I went to the water.,construction,approved_grammar_pattern
nor--s2,nor-var I an dren.,I will go to the water.,construction,approved_grammar_pattern
-al-s1,varal I an dren.,I am going to the water.,construction,approved_grammar_pattern
-ath-s1,varath I an dren.,I have gone to the water.,construction,approved_grammar_pattern
-as-s1,varas I an dren.,I usually go to the water.,construction,approved_grammar_pattern
-ka-s1,rinaen I-ka dren an drenvor.,My water is in the bowl.,construction,proposed_approved_possession_pattern
kilv-s1,tal I dren nor kilvlum an veth.,I receive water at midnight in shadow.,construction,existing_sentence
nk--s1,rinaen nkathal an thar-ian.,There is grief in my heart.,construction,proposed_partial_root_range
rav--s1,rinaen rav kaleth an kalravor.,There is a strong pull in the gravity pocket.,construction,existing_sentence
mb--s1,mbaen I Ya.,I help you.,construction,proposed
tla--s1,Shalilaen tlakhura ser Zhivor.,An unspoken bond flows with the family.,construction,proposed_poetic
ohm--s1,Rinaen Ohm ser Ilin.,Connection is with us.,construction,existing_sentence
khum--s1,lorbelaen khumkel felbelor.,The council governs the district.,construction,existing_sentence
zhae--s1,Zhaeaen Azron ser Nkathal.,The woman empathizes with the sadness.,construction,needs_root_link_confirmation
nku--s1,mbaen nkural aelin.,The mentor helps the pupil.,construction,proposed_family_link_review
tl--s1,,,construction,needs_decision_no_confirmed_formed_word
-in-s1,var tren serin an dren.,Three friends go to the water.,construction,existing_sentence
-in-s2,var shalor-in an shalor.,A sanctuary member goes to the sanctuary.,construction,proposed_approved_participant_form
-n-s1,rinaen teran an Varthas.,There are homes in the city.,construction,proposed_approved_plural_form
-or-s1,rinaen krezor feneth.,The hearth is hot.,construction,existing_sentence
-en-s1,lorin Liorinen aelin.,The honored elder guides the pupil.,construction,proposed_honorific
-en-s2,lorin Liorinen aelin.,The honored elder guides the pupil.,construction,proposed_meaning_overlap
-en-s3,ohmaen Ya kalvok-en.,You love your bonded partner.,construction,existing_sentence
-lin-s1,shalaen I eshlin.,I see a bird.,construction,proposed_partial_suffix_range
-aen-s1,drenaen I dren.,I drink water.,construction,proposed
ver--s1,ver var I an dren.,I do not go to the water.,construction,approved_grammar_pattern
li--s1,var Li-Ya an dren.,You respectfully go to the water.,construction,proposed_respect_form
li--s2,var Li-Ya an dren.,You respectfully go to the water.,construction,proposed_meaning_overlap
-esh-s1,rinaen thalesh an shalor.,The sacred balance ceremony is at the sanctuary.,construction,proposed_partial_suffix_range
-el-s1,,,construction,needs_decision_no_confirmed_formed_word
-vel-s1,,,construction,needs_decision_no_confirmed_formed_word
ten--s1,Rinaen I Ten-del tharvinwek kaveth.,I am 20 years old.,construction,existing_sentence
hek--s1,Rinaen kaleth Hek-unar shar thalor.,The fortress is 100 strides outside.,construction,existing_sentence
mel--s1,rinaen Mel-unar welrinin an Varthas.,There are 1000 citizens in the city.,construction,proposed_approved_number_form
fen--s1,rinaen Fen-unar welrinin an Varthas.,There are 10000 citizens in the city.,construction,proposed_approved_number_form
hek-mel--s1,rinaen Hek-Mel-unar welrinin an Varthas.,There are 100000 citizens in the city.,construction,proposed_approved_number_form
-eth-s1,rinaen krezor feneth.,The hearth is hot.,construction,existing_sentence
-eth-s2,rinaen shal'taleth an shalor.,The light-offering ritual is at the sanctuary.,construction,proposed_approved_ritual_form
shal--s1,shalaen I eshlin.,I see a bird.,construction,proposed
krez--s1,krezdrenaen I dren.,I boil the water.,construction,proposed
dren--s1,drenaen I dren.,I drink water.,construction,proposed
morl--s1,rinaen kaleth thal kalmorl.,The fortress is made from granite.,construction,existing_sentence
esh--s1,eshvaraen eshlin esh verdor.,The bird flies above the forest.,construction,proposed
terra- / terra--s1,moraen I an terra.,I stand on the ground.,construction,existing_sentence_lowercase_sense_only
lian--s1,aen I lian.,I speak truth.,construction,proposed
thal--s1,tal theon thal an Ilin.,The neutral person gives balance to us.,construction,existing_sentence
reth- / rethvok--s1,fahaen I rethvok.,I fear chaos.,construction,existing_sentence_rethvok_half_only
rin--s1,lorin rin thar-ian.,Essence guides my heart.,construction,existing_sentence_poetic
bel--s1,belmekaen I zhirvok.,I fasten the belt.,construction,existing_sentence
kal--s1,rinaen kalmek kaleth.,The machine is powerful.,construction,existing_sentence
shara--s1,var I an shara.,I go on the path.,construction,existing_sentence
thar--s1,rinaen aiv an thar-ian.,There is pain in my heart.,construction,proposed_approved_body_pattern
var--s1,var I an dren.,I go to the water.,construction,approved_grammar_sentence
aen--s1,aen I lian.,I speak truth.,construction,proposed
pralaen--s1,pralaen I krezor.,I make a hearth.,construction,existing_sentence
vok--s1,rinaen vok an belvok.,There is unity in the family.,construction,existing_sentence
ser--s1,var ser an dren.,The friend goes to the water.,construction,proposed
rath--s1,arth Ilin vok thal rath.,We protect the bond from the enemy.,construction,proposed
zhir--s1,korinaen I zhirin.,I hold the cord.,construction,existing_sentence
kel--s1,aen zhirkelral zhirkel.,The storyteller tells a story.,construction,existing_sentence
zharrel-s1,gavaen zharrel an verdor.,The Zharrel hunts in the forest.,ordinary,user_proposed_reviewed
tharnspinners-s1,pralaen tharnspinners selzhir an xarmorl.,The Tharnspinner makes silk in the cave.,ordinary,needs_species_number_decision
veilgliders-s1,shalil veilgliders esh verdor.,The Veilglider glides above the forest.,ordinary,needs_species_number_decision
velshen-s1,kesbrenaen velshen morlzhir an verdor.,The Velshen forages for roots in the forest.,ordinary,user_proposed_reviewed
shavrek-s1,kesbrenaen shavrek an pelmorl.,The Shavrek forages on the cliff.,ordinary,user_proposed_reviewed
mossquill-s1,var mossquill an zhaelin.,The Mossquill goes to the flower.,ordinary,reviewed_revision
rynarth-s1,gavaen rynarth an felmorl.,The Rynarth hunts on the hill.,ordinary,user_proposed_reviewed
vroshan-s1,kesbrenaen vroshan emil an mor.,The Vroshan forages for food on the ground.,ordinary,reviewed_revision
brinnek-s1,wekvaraen brinnek shan selmor.,The Brinnek migrates across the plain.,ordinary,user_proposed_reviewed
thravic-s1,dar thravic an veth.,The Thravic waits in the shadow.,ordinary,user_proposed_reviewed
fennlur-s1,var fennlur joreth an felmorl.,The Fennlur moves quickly on the hill.,ordinary,reviewed_translation
vexflit-s1,eshvaraen vexflit nor zhaelor.,The Vexflit flies in spring.,ordinary,reviewed_time_marker
grivol-s1,kesbrenaen grivol balvek an sov.,The Grivol gathers seeds in the field.,ordinary,user_proposed_reviewed
rethal-s1,gavaen rethal an drenfel.,The Rethal hunts in the stream.,ordinary,user_proposed_reviewed
lumora-s1,shalaen I lumora an mahr.,I see the Lumora in the ocean.,ordinary,user_proposed_reviewed
thryssal-s1,kesbrenaen thryssal an drenverd.,The Thryssal forages in the wetland.,ordinary,reviewed_translation
braskal-s1,kesbrenaen braskal mahrfennil an terramahr.,The Braskal forages for seaweed on the coast.,ordinary,reviewed_translation
selkari-s1,arth selkari mahr.,The Selkari protects the ocean.,ordinary,user_proposed_reviewed
zhenlor-s1,aen Ilin Zhenlor-ka zhirkel.,We tell Zhenlor's story.,ordinary,reviewed_revision
zharak-s1,arth Zharak kaleth.,Zharak protects the fortress.,ordinary,user_proposed_reviewed
lorynth-s1,tha-lorin Lorynth sharavok.,Lorynth guided caravans.,ordinary,reviewed_past_marker
