number,headword,sense_id,word_type,current_meaning,classification,evidence_id,evidence_celan,evidence_english,finding,next_action
1,Esh,esh-s3,Suffix,-esh (relational),Needs a clearer formed-word illustration,PE-S3-0010,bel-esh,to be bound,"Bel-esh appears as a teaching form, while the linked Thalesh ceremony does not demonstrate deep personal ties.",Keep the suffix. Review a sentence with a relational -esh word before claiming this meaning has a representative example.
2,Dren,dren-s2,Noun,Water - symbolic,Meaning lacks a clear example,,,,"The water sentences on Dren's page show physical water, not the symbolic flow meaning.",Find an existing symbolic use or write and review one example; preserve the physical meaning.
3,Dren,dren-s3,Noun,Water / River,Meaning lacks a clear example,,,,"The Dren page has water sentences, but none directly identifies dren as a river/current.",Find or compose a river-context example if this remains a standalone Dren meaning.
4,Krez,krez-s2,Interjection,Blast! / Damn!,Canonical interjection exists in Expressions,EX-SRC-LX-V2-0222,,,Krez! already appears as the approved ‘Blast! / Damn!’ expression.,No new word meaning is needed. Decide later whether an exchange sentence should also appear on the dictionary page.
5,Lian,lian-s3,Modal,Can / Able to,Meaning needs a scope decision,,,,"Lian's modal ‘can’ has no matching page sentence; the app grammar names Lianeth for ability, and Lianeth now has the approved modal sentence.",Decide whether standalone Lian still has a distinct modal use before adding an example.
6,Aen,aen-s3,Suffix,-aen (verb-forming),Meaning needs a scope decision,PE-109B2-0054,,,"Aen carries a verb-forming -aen meaning, while a separate -aen headword and the grammar guide already teach that ending with formed verbs.",Decide whether the suffix should appear only under -aen or also as a separate Aen meaning.
7,Aen,aen-s4,Noun,Breath of Life,Meaning lacks a clear example,,,,"Aen's page has speaking examples, but none clearly shows Aen as the noun ‘Breath of Life.’",Review a poetic or ceremonial noun use before assigning an example.
8,Vaar,vaar-s3,Interjection,Relief / Phew,Related expression exists; form differs,EX-SRC-LX-V2-0221,,,The approved expression is Vaar'a! for ‘Phew!’; the Vaar page labels standalone Vaar as the interjection.,Decide whether standalone Vaar! is also approved or the dictionary should point to Vaar'a!.
9,Fah,fah-s2,Interjection,Ugh! / Bah!,Canonical interjection exists in Expressions,EX-SRC-LX-V2-0220,,,Fah! already appears as the approved ‘Ugh! / Bah!’ expression.,No new word meaning is needed. Decide later whether to show a dialogue example on the word page.
10,Aenor,aenor-s1,Noun,Ear,Meaning lacks a clear example,,,,Aenor's two page sentences show ‘moment/soon’; neither shows its distinct Ear noun.,Create or find one reviewed example for Ear if this homograph remains current.
11,Dral,dral-s2,Interjection,Wow! / Heavens!,Canonical interjection exists in Expressions,EX-SRC-LX-V2-0219,,,Dral! already appears as the approved ‘Wow! / Heavens!’ expression.,No new word meaning is needed. Decide later whether to show a dialogue example on the word page.
12,Morldren,morldren-s1,Noun,Waterfall,Meaning lacks a clear example,,,,"Morldren has no example placement on its page; the grammar guide names it as a compound for waterfall, but supplies no sentence using it.",Find or compose a waterfall sentence and review its translation.
13,Felorin,felorin-s1,Noun,Berry from Coral Reefs,Meaning lacks a clear example,,,,"Felorin's page sentences say berries, but never mention a coral reef origin.","Keep reef-specific meaning unlinked until a reef example is reviewed, as previously decided."
14,Kel,kel-s1,Verb,Say / Talk (informal),Meaning lacks a clear example,,,,"Kel's page now demonstrates naming, word, and text; none clearly uses it to say/talk informally.",Keep the informal verb unlinked until an actual dialogue use is reviewed.
15,Ian,ian-s1,Possessive,My / Direct Possession marker,Existing related-form illustration,PE-V1-0006,rinaen ser-ian Kadron kaleth.,My friend is a strong man.,My friend uses the possessive -ian form; Ian's page has many such related sentences.,Already illustrated as a form. Do not require standalone Ian in a sentence solely to satisfy the count.
16,Anen,anen-s1,Possessive,Your / Direct Possession marker,Existing related-form illustration,PE-109B1-0005,rinaen anen morlak an pralor.,Your bread is on the table.,‘Your bread is on the table’ shows anen modifying bread.,Existing formed-use example is available; no new sentence solely for this count.
17,Eshen,eshen-s1,Possessive,His/Her/Their / Direct Possession marker,Existing related-form illustration,PE-SP2C-0037,rinaen kelvor-eshen kadreneth.,Their mouth is dry.,‘Their mouth is dry’ shows the -eshen possessive form.,Existing formed-use example is available; no new sentence solely for this count.
18,Velian,velian-s1,Possessive,Our / Direct Possession marker,Existing related-form illustration,PE-109B1-0007,rinaen velian morlak an pralor.,Our bread is on the table.,‘Our bread is on the table’ shows velian modifying bread.,Existing formed-use example is available; no new sentence solely for this count.
19,Tenar,tenar-s1,Number,Ten,Approved number illustration,PE-V3-0203,Tenar unar,11 (10 + 1),"Tenar unar is the approved 10 + 1 number illustration, intentionally not an ordinary sentence.",Already settled; keep this as a number illustration.
20,Thar-ka,thar-ka-s2,Noun,Desire,Teaching example exists; noun use still open,PE-S4B-0009,Rinaen I an Thar-ka.,I am Desire itself.,"‘I am Desire itself’ uses capitalized Thar-ka as an archetypal teaching illustration, not an ordinary noun example.",Keep the noun unlinked as approved; review an everyday noun use if one is wanted.
21,Kor,kor-s2,Measure,Unit of length / handspan measure,Meaning lacks a clear example,,,,Kor's page sentences show center; none gives a handspan length.,Keep the specialized measure unlinked pending a measurement example.
22,Pral,pral-s2,Verb,Make,Meaning lacks a clear example,,,,"Pral's current sentences show detail or ‘working,’ not the verb ‘make.’","Keep standalone Make unlinked; if it is active, find a sentence distinct from Pralaen."
23,Vok,vok-s2,Verb,Betray,Meaning lacks a clear example,,,,"Vok's direct sentences show bond/unity, never betrayal.","Find or review a sentence that actually means betray, without changing the approved unity use."
24,Thael,thael-s2,Adjective,Gentle motion; breeze-like rhythm,Meaning lacks a clear example,,,,"Thael's page sentences use it as the noun rhythm, not a gentle-motion adjective.",Keep the adjective unlinked as approved; decide whether standalone Thael can act adjectivally.
25,Thalesh,thalesh-s2,Verb,To perform a balance rite,Existing phrase needs sentence review,PE-V3-0144,Thalesh var dren shal.,Perform the ritual at the water's light.,"A direct phrase is translated ‘Perform the ritual at the water's light,’ but it is labeled a phrase and has not been checked as an ordinary verb sentence.",Review whether this phrase demonstrates the verb; retain its phrase label until then.
26,Thalor,thalor-s1,Noun,Exterior / outer place,Meaning wording needs a decision,,,,"The page still lists a noun ‘Exterior / outer place,’ although the creator said Thalor means outside, not a location.",Reconcile this old noun meaning with the approved outside use before adding an example.
27,Vanesh,vanesh-s1,Noun,Commerce; formal trade; merchant work,Meaning lacks a clear example,,,,Vanesh's page sentences use trading as an action; none clearly uses Vanesh as the noun commerce.,Keep the noun unlinked as approved until a noun sentence is reviewed.
28,Kar,kar-s1,Noun,Strike; mechanical force; tool-work,Meaning lacks a clear example,,,,Kar's direct sentences use kar to strike; none clearly uses it as the noun strike/force/tool-work.,Review a noun example or narrow this compound meaning.
29,Trak,trak-s1,Noun,Tread; step; foot-borne movement,Existing related-form illustration,PE-ER2-0007,rinaen quen trakorin an xaror.,There are four boots in the room.,"The page already shows a sentence using this root or ending in a related word. This illustrates its form, not every nuance of the full definition.",Do not add a standalone sentence solely for the count; check wording and accuracy in the separate sentence review.
30,Kav,kav-s1,Noun,Age; preservation; ancient duration,Existing related-form illustration,PE-V4-0033,rinaen kaleth kaveth.,The fortress is old.,"The page already shows a sentence using this root or ending in a related word. This illustrates its form, not every nuance of the full definition.",Do not add a standalone sentence solely for the count; check wording and accuracy in the separate sentence review.
31,Tla,tla-s1,Noun,Intimacy; closeness; unspoken connection,Existing related-form illustration,PE-V2-0036,shalilaen tlakhura ser zhivor.,An unspoken bond flows with the family.,"The page already shows a sentence using this root or ending in a related word. This illustrates its form, not every nuance of the full definition.",Do not add a standalone sentence solely for the count; check wording and accuracy in the separate sentence review.
32,Lor,lor-s1,Noun,Guidance; sight; focus of leadership,Existing related-form illustration,PE-109B1-0014,lorin liorin aelin.,The elder guides the pupil.,"The page already shows a sentence using this root or ending in a related word. This illustrates its form, not every nuance of the full definition.",Do not add a standalone sentence solely for the count; check wording and accuracy in the separate sentence review.
33,Vin,vin-s1,Noun,Pull; extraction; drawing out essence,Existing related-form illustration,PE-FAP2-0045,vindrenaen I vilor.,I dry the fruit.,"The page already shows a sentence using this root or ending in a related word. This illustrates its form, not every nuance of the full definition.",Do not add a standalone sentence solely for the count; check wording and accuracy in the separate sentence review.
34,Nk,nk-s1,Noun,Endurance; hidden strength,Existing related-form illustration,PE-DR2-0007,rinaen nkathal an thar-ian.,There is grief in my heart.,"The page already shows a sentence using this root or ending in a related word. This illustrates its form, not every nuance of the full definition.",Do not add a standalone sentence solely for the count; check wording and accuracy in the separate sentence review.
35,Nku,nku-s1,Adjective,Hidden nurturing; held calm,Existing related-form illustration,PE-109B1-0017,mbaen nkural aelin.,The mentor helps the pupil.,"The page already shows a sentence using this root or ending in a related word. This illustrates its form, not every nuance of the full definition.",Do not add a standalone sentence solely for the count; check wording and accuracy in the separate sentence review.
36,Mb,mb-s1,Noun,Support; pillar; foundational weight,Existing related-form illustration,PE-109B1-0018,mbaen I Ya.,I help you.,"The page already shows a sentence using this root or ending in a related word. This illustrates its form, not every nuance of the full definition.",Do not add a standalone sentence solely for the count; check wording and accuracy in the separate sentence review.
37,Rek,rek-s1,Noun,Peak intensity; burning or heated state,Existing related-form illustration,PE-109B1-0019,rinaen krezrek nor fenrek.,There is a heatwave in summer.,"The page already shows a sentence using this root or ending in a related word. This illustrates its form, not every nuance of the full definition.",Do not add a standalone sentence solely for the count; check wording and accuracy in the separate sentence review.
38,Thaen,thaen-s1,Noun,Spirit-breath; still internal seasonality,Existing related-form illustration,PE-109B1-0020,kes I thaenin.,I notice a spirit-being.,"The page already shows a sentence using this root or ending in a related word. This illustrates its form, not every nuance of the full definition.",Do not add a standalone sentence solely for the count; check wording and accuracy in the separate sentence review.
39,Livar,livar-s1,Noun,Preservation; salt-fixing; anti-decay,Existing related-form illustration,PE-FAP2-0047,livaraen I nesh ser jelkor.,I cure the fish with seasoning.,"The page already shows a sentence using this root or ending in a related word. This illustrates its form, not every nuance of the full definition.",Do not add a standalone sentence solely for the count; check wording and accuracy in the separate sentence review.
40,Tarin,tarin-s1,Noun,Dried sweetness; sun-preserved fruit,Existing related-form illustration,PE-109B1-0024,rinaen voktarin an pralor.,The preserved dates are on the table.,"The page already shows a sentence using this root or ending in a related word. This illustrates its form, not every nuance of the full definition.",Do not add a standalone sentence solely for the count; check wording and accuracy in the separate sentence review.
41,Soril,soril-s1,Noun,Depth of flavor; complex taste-body,Existing related-form illustration,PE-109B1-0025,jelaen I vethsoril.,I taste the shadowspice stew.,"The page already shows a sentence using this root or ending in a related word. This illustrates its form, not every nuance of the full definition.",Do not add a standalone sentence solely for the count; check wording and accuracy in the separate sentence review.
42,Tham,tham-s1,Verb,Mashing; softening; breaking structure down,Existing related-form illustration,PE-FAP2-0031,felthamaen I saren.,I grind the wheat.,"The page already shows a sentence using this root or ending in a related word. This illustrates its form, not every nuance of the full definition.",Do not add a standalone sentence solely for the count; check wording and accuracy in the separate sentence review.
43,Lak,lak-s1,Noun,Grain; earthy food-substance; bread material,Existing related-form illustration,PE-S3-0011,talaen I morlak an felka.,I offer bread to the child.,"The page already shows a sentence using this root or ending in a related word. This illustrates its form, not every nuance of the full definition.",Do not add a standalone sentence solely for the count; check wording and accuracy in the separate sentence review.
44,Kadren,kadren-s1,Noun,"Masculine essence (strength, groundedness).",Existing related-form illustration,PE-LA1-0001,drenaen kadfel dren.,The boy drinks water.,"The page already shows a sentence using this root or ending in a related word. This illustrates its form, not every nuance of the full definition.",Do not add a standalone sentence solely for the count; check wording and accuracy in the separate sentence review.
45,Azan,azan-s1,Noun,"Feminine essence (nurturing, fluidity).",Existing related-form illustration,PE-LA1-0004,drenaen azfel dren.,The girl drinks water.,"The page already shows a sentence using this root or ending in a related word. This illustrates its form, not every nuance of the full definition.",Do not add a standalone sentence solely for the count; check wording and accuracy in the separate sentence review.
46,Thee,thee-s1,Noun,"Neutral essence (balance, unity).",Existing related-form illustration,PE-ER2-0013,tal theon thal an Ilin.,The neutral person gives balance to us.,"The page already shows a sentence using this root or ending in a related word. This illustrates its form, not every nuance of the full definition.",Do not add a standalone sentence solely for the count; check wording and accuracy in the separate sentence review.
47,Tha-,tha--s1,Prefix,Past Tense,Existing related-form illustration,PE-109B1-0031,tha-var I an dren.,I went to the water.,"The page already shows a sentence using this root or ending in a related word. This illustrates its form, not every nuance of the full definition.",Do not add a standalone sentence solely for the count; check wording and accuracy in the separate sentence review.
48,Nor-,nor--s2,Prefix,Future Tense,Existing related-form illustration,PE-ER2-0060,nor-var I an dren.,I will go to the water.,"The page already shows a sentence using this root or ending in a related word. This illustrates its form, not every nuance of the full definition.",Do not add a standalone sentence solely for the count; check wording and accuracy in the separate sentence review.
49,-al,-al-s1,Suffix,Continuous,Existing related-form illustration,PE-109B1-0033,varal I an dren.,I am going to the water.,"The page already shows a sentence using this root or ending in a related word. This illustrates its form, not every nuance of the full definition.",Do not add a standalone sentence solely for the count; check wording and accuracy in the separate sentence review.
50,-ath,-ath-s1,Suffix,Perfective,Existing related-form illustration,PE-109B1-0034,varath I an dren.,I have gone to the water.,"The page already shows a sentence using this root or ending in a related word. This illustrates its form, not every nuance of the full definition.",Do not add a standalone sentence solely for the count; check wording and accuracy in the separate sentence review.
51,-as,-as-s1,Suffix,Habitual,Existing related-form illustration,PE-109B1-0035,varas I an dren.,I usually go to the water.,"The page already shows a sentence using this root or ending in a related word. This illustrates its form, not every nuance of the full definition.",Do not add a standalone sentence solely for the count; check wording and accuracy in the separate sentence review.
52,-ka,-ka-s1,Particle,Possessive/linking marker,Existing related-form illustration,PE-109B1-0036,rinaen I-ka dren an drenvor.,My water is in the bowl.,"The page already shows a sentence using this root or ending in a related word. This illustrates its form, not every nuance of the full definition.",Do not add a standalone sentence solely for the count; check wording and accuracy in the separate sentence review.
53,Kilv,kilv-s1,Noun,shadow/time,Existing related-form illustration,PE-V2-0007,tal I dren nor kilvlum an veth.,I receive water at midnight in shadow.,"The page already shows a sentence using this root or ending in a related word. This illustrates its form, not every nuance of the full definition.",Do not add a standalone sentence solely for the count; check wording and accuracy in the separate sentence review.
54,Nk-,nk--s1,Noun,"Endurance, hidden strength",Existing related-form illustration,PE-DR2-0007,rinaen nkathal an thar-ian.,There is grief in my heart.,"The page already shows a sentence using this root or ending in a related word. This illustrates its form, not every nuance of the full definition.",Do not add a standalone sentence solely for the count; check wording and accuracy in the separate sentence review.
55,Rav-,rav--s1,Noun,"Pull, yearning",Existing related-form illustration,PE-ER2-0065,rinaen rav kaleth an kalravor.,There is a strong pull in the gravity pocket.,"The page already shows a sentence using this root or ending in a related word. This illustrates its form, not every nuance of the full definition.",Do not add a standalone sentence solely for the count; check wording and accuracy in the separate sentence review.
56,Mb-,mb--s1,Noun,"Layered, supportive",Existing related-form illustration,PE-109B1-0040,mbaen I Ya.,I help you.,"The page already shows a sentence using this root or ending in a related word. This illustrates its form, not every nuance of the full definition.",Do not add a standalone sentence solely for the count; check wording and accuracy in the separate sentence review.
57,Tla-,tla--s1,Noun,"Close, intimate connection",Existing related-form illustration,PE-V2-0036,shalilaen tlakhura ser zhivor.,An unspoken bond flows with the family.,"The page already shows a sentence using this root or ending in a related word. This illustrates its form, not every nuance of the full definition.",Do not add a standalone sentence solely for the count; check wording and accuracy in the separate sentence review.
58,Ohm-,ohm--s1,Noun,"Connection, unity",Existing related-form illustration,PE-S4A-0005,rinaen ohm ser Ilin.,Connection is with us.,"The page already shows a sentence using this root or ending in a related word. This illustrates its form, not every nuance of the full definition.",Do not add a standalone sentence solely for the count; check wording and accuracy in the separate sentence review.
59,Khum-,khum--s1,Noun,"Circle, reconciliation",Existing related-form illustration,PE-GCI1-0005,lorbelaen khumkel felbelor.,The council governs the district.,"The page already shows a sentence using this root or ending in a related word. This illustrates its form, not every nuance of the full definition.",Do not add a standalone sentence solely for the count; check wording and accuracy in the separate sentence review.
60,Zhae-,zhae--s1,Noun,"Light, empathy",Existing related-form illustration,PE-V3-0068,zhaeaen azron ser nkathal.,The woman empathizes with the sadness.,"The page already shows a sentence using this root or ending in a related word. This illustrates its form, not every nuance of the full definition.",Do not add a standalone sentence solely for the count; check wording and accuracy in the separate sentence review.
61,Nku-,nku--s1,Adjective,"Hidden, nurturing",Existing related-form illustration,PE-109B1-0045,mbaen nkural aelin.,The mentor helps the pupil.,"The page already shows a sentence using this root or ending in a related word. This illustrates its form, not every nuance of the full definition.",Do not add a standalone sentence solely for the count; check wording and accuracy in the separate sentence review.
62,-in,-in-s1,Suffix,Plural marker added to nouns ending in consonants,Existing related-form illustration,PE-ER2-0005,var tren serin an dren.,Three friends go to the water.,"The page already shows a sentence using this root or ending in a related word. This illustrates its form, not every nuance of the full definition.",Do not add a standalone sentence solely for the count; check wording and accuracy in the separate sentence review.
63,-in,-in-s2,Suffix,"Person or participant connected to a bond, place, or category",Existing related-form illustration,PE-109B1-0047,var shalor-in an shalor.,A sanctuary member goes to the sanctuary.,"The page already shows a sentence using this root or ending in a related word. This illustrates its form, not every nuance of the full definition.",Do not add a standalone sentence solely for the count; check wording and accuracy in the separate sentence review.
64,-n,-n-s1,Suffix,Plural marker added to nouns ending in vowels,Existing related-form illustration,PE-109B1-0048,rinaen teran an Varthas.,There are homes in the city.,"The page already shows a sentence using this root or ending in a related word. This illustrates its form, not every nuance of the full definition.",Do not add a standalone sentence solely for the count; check wording and accuracy in the separate sentence review.
65,-or,-or-s1,Suffix,Place/Location,Existing related-form illustration,PE-V4-0023,rinaen krezor feneth.,The hearth is hot.,"The page already shows a sentence using this root or ending in a related word. This illustrates its form, not every nuance of the full definition.",Do not add a standalone sentence solely for the count; check wording and accuracy in the separate sentence review.
66,-en,-en-s1,Suffix,Honorific/Formal-High Respect,Related illustration does not separate senses,PE-V2-0042,var Liorinen lianaen an shalor.,The Honored Elder goes to pray in the sanctuary.,"An honored elder illustrates respectful -en, but does not distinguish this wording from item 67.",Keep the shared illustration; review whether the two honorific -en meanings are distinct.
67,-en,-en-s2,Suffix,Honorific/Respected form,Related illustration does not separate senses,PE-V2-0042,var Liorinen lianaen an shalor.,The Honored Elder goes to pray in the sanctuary.,The same honored-elder form also fits item 66; one sentence cannot establish a second role.,Review whether items 66 and 67 should be one meaning.
68,-en,-en-s3,Suffix,Partner bonded to you,Existing related-form illustration,PE-V3-0055,ohmaen Ya kalvok-en.,You love your bonded partner.,"The page already shows a sentence using this root or ending in a related word. This illustrates its form, not every nuance of the full definition.",Do not add a standalone sentence solely for the count; check wording and accuracy in the separate sentence review.
69,-lin,-lin-s1,Suffix,Collective/Diminutive,Existing partial word-form illustration,PE-109B2-0053,shalaen I eshlin.,I see a bird.,"Eshlin shows a -lin word, but does not demonstrate both collective and diminutive functions.","Keep it as a linked-word illustration, not a proof of the whole suffix rule."
70,-aen,-aen-s1,Suffix,Verb-forming,Existing related-form illustration,PE-109B2-0054,drenaen I dren.,I drink water.,"The page already shows a sentence using this root or ending in a related word. This illustrates its form, not every nuance of the full definition.",Do not add a standalone sentence solely for the count; check wording and accuracy in the separate sentence review.
71,Ver-,ver--s1,Prefix,Negation,Existing related-form illustration,PE-ER2-0014,ver var I an dren.,I do not go to the water.,"The page already shows a sentence using this root or ending in a related word. This illustrates its form, not every nuance of the full definition.",Do not add a standalone sentence solely for the count; check wording and accuracy in the separate sentence review.
72,Li-,li--s1,Prefix,Respect/Honorific,Related illustration does not separate senses,PE-109B2-0056,var Li-Ya an dren.,You respectfully go to the water.,"Li-Ya shows respect, but does not distinguish the two Li- labels.",Review whether items 72 and 73 should be one meaning.
73,Li-,li--s2,Prefix,show respect,Related illustration does not separate senses,PE-109B2-0056,var Li-Ya an dren.,You respectfully go to the water.,The same Li-Ya form also fits item 72; no separate function is shown.,Review whether items 72 and 73 should be one meaning.
74,-esh,-esh-s1,Suffix,deep relational ties,Needs a clearer formed-word illustration,PE-S3-0010,bel-esh,to be bound,Bel-esh is a teaching form; Thalesh is ceremonial and does not prove deep personal ties.,Review a relational -esh sentence before treating the suffix as illustrated.
75,-el,-el-s1,Suffix,Affectionate suffix marking a beloved bond or endearment,Existing related-form illustration,PE-109B2-0059,rinaen Ohmbaen-el an shalor.,The beloved is at the sanctuary.,"The page already shows a sentence using this root or ending in a related word. This illustrates its form, not every nuance of the full definition.",Do not add a standalone sentence solely for the count; check wording and accuracy in the separate sentence review.
76,Ten-,ten--s1,Prefix,Tens prefix,Existing related-form illustration,PE-V4-0090,rinaen I Ten-del tharvinwek kaveth.,I am 20 years old.,"The page already shows a sentence using this root or ending in a related word. This illustrates its form, not every nuance of the full definition.",Do not add a standalone sentence solely for the count; check wording and accuracy in the separate sentence review.
77,Hek-,hek--s1,Prefix,Hundreds prefix,Existing related-form illustration,PE-V4-0085,rinaen kaleth Hek-unar shar thalor.,The fortress is 100 strides outside.,"The page already shows a sentence using this root or ending in a related word. This illustrates its form, not every nuance of the full definition.",Do not add a standalone sentence solely for the count; check wording and accuracy in the separate sentence review.
78,Mel-,mel--s1,Prefix,Thousands prefix,Existing related-form illustration,PE-109B2-0062,rinaen Mel-unar welrinin an Varthas.,There are 1000 citizens in the city.,"The page already shows a sentence using this root or ending in a related word. This illustrates its form, not every nuance of the full definition.",Do not add a standalone sentence solely for the count; check wording and accuracy in the separate sentence review.
79,Fen-,fen--s1,Prefix,Tens of thousands prefix,Existing related-form illustration,PE-109B2-0063,rinaen Fen-unar welrinin an Varthas.,There are 10000 citizens in the city.,"The page already shows a sentence using this root or ending in a related word. This illustrates its form, not every nuance of the full definition.",Do not add a standalone sentence solely for the count; check wording and accuracy in the separate sentence review.
80,Hek-Mel-,hek-mel--s1,Prefix,Hundreds of thousands construction,Existing related-form illustration,PE-109B2-0064,rinaen Hek-Mel-unar welrinin an Varthas.,There are 100000 citizens in the city.,"The page already shows a sentence using this root or ending in a related word. This illustrates its form, not every nuance of the full definition.",Do not add a standalone sentence solely for the count; check wording and accuracy in the separate sentence review.
81,-eth,-eth-s1,Suffix,"Adjectival quality suffix: -like, -ful; marks a root's inherent quality or essential manifestation",Existing related-form illustration,PE-SP2C-0069,rinaen dren shaleth.,The water is bright.,"The page already shows a sentence using this root or ending in a related word. This illustrates its form, not every nuance of the full definition.",Do not add a standalone sentence solely for the count; check wording and accuracy in the separate sentence review.
82,-eth,-eth-s2,Suffix,Elevated or ritual noun suffix: sacred act or ritual of a root,Existing related-form illustration,PE-SP2C-0070,shalaen I shal'taleth an lorash.,I see a light-offering ritual at the shrine.,"The page already shows a sentence using this root or ending in a related word. This illustrates its form, not every nuance of the full definition.",Do not add a standalone sentence solely for the count; check wording and accuracy in the separate sentence review.
83,Shal-,shal--s1,Noun,"Light, glow, brightness; hope, truth, creation, clarity, revelation, wisdom, life, beginnings.",Existing related-form illustration,PE-109B2-0067,shalaen I eshlin.,I see a bird.,"The page already shows a sentence using this root or ending in a related word. This illustrates its form, not every nuance of the full definition.",Do not add a standalone sentence solely for the count; check wording and accuracy in the separate sentence review.
84,Krez-,krez--s1,Noun,"Fire, heat, energy; passion, creation, strength, life-force, warmth, resilience, purification.",Existing related-form illustration,PE-FAP2-0021,krezdrenaen I dren.,I boil the water.,"The page already shows a sentence using this root or ending in a related word. This illustrates its form, not every nuance of the full definition.",Do not add a standalone sentence solely for the count; check wording and accuracy in the separate sentence review.
85,Dren-,dren--s1,Noun,"Water, liquid, fluid; life, flow, change, healing, emotion, intuition, cleansing, adaptation.",Existing related-form illustration,PE-109B2-0069,drenaen I dren.,I drink water.,"The page already shows a sentence using this root or ending in a related word. This illustrates its form, not every nuance of the full definition.",Do not add a standalone sentence solely for the count; check wording and accuracy in the separate sentence review.
86,Morl-,morl--s1,Noun,"Stone, rock, mountain; endurance, history, stubbornness, strength, foundation, stability, defense.",Existing related-form illustration,PE-CWM2-0001,rinaen kaleth thal kalmorl.,The fortress is made from granite.,"The page already shows a sentence using this root or ending in a related word. This illustrates its form, not every nuance of the full definition.",Do not add a standalone sentence solely for the count; check wording and accuracy in the separate sentence review.
87,Esh-,esh--s1,Noun,"Sky, air, wind; freedom, thought, divine, intellect, perspective, beginnings.",Existing related-form illustration,PE-109B2-0071,eshvaraen eshlin esh verdor.,The bird flies above the forest.,"The page already shows a sentence using this root or ending in a related word. This illustrates its form, not every nuance of the full definition.",Do not add a standalone sentence solely for the count; check wording and accuracy in the separate sentence review.
88,terra- / Terra-,terra- / terra--s1,Noun,"Earth, ground, soil, land; lowercase terra is mundane physical ground; capitalized Terra is the world as living spiritual entity.",Existing related-form illustration,PE-V4-0061,moraen I an terra.,I stand on the ground.,"The page already shows a sentence using this root or ending in a related word. This illustrates its form, not every nuance of the full definition.",Do not add a standalone sentence solely for the count; check wording and accuracy in the separate sentence review.
89,Lian-,lian--s1,Noun,"Truth, honesty; reality, natural law, essence, logic, clarity, correctness.",Existing related-form illustration,PE-109B2-0073,aen I lian.,I speak truth.,"The page already shows a sentence using this root or ending in a related word. This illustrates its form, not every nuance of the full definition.",Do not add a standalone sentence solely for the count; check wording and accuracy in the separate sentence review.
90,Thal-,thal--s1,Noun,"Balance, harmony, equilibrium; also preposition meaning From / Out of.",Existing related-form illustration,PE-ER2-0013,tal theon thal an Ilin.,The neutral person gives balance to us.,"The page already shows a sentence using this root or ending in a related word. This illustrates its form, not every nuance of the full definition.",Do not add a standalone sentence solely for the count; check wording and accuracy in the separate sentence review.
91,Reth- / Rethvok-,reth- / rethvok--s1,Noun,"Reth: uncertainty, confusion, doubt, a question, or. Rethvok: chaos, disorder, un-ordered state.",Existing related-form illustration,PE-V4-0081,fahaen I rethvok.,I fear chaos.,"The page already shows a sentence using this root or ending in a related word. This illustrates its form, not every nuance of the full definition.",Do not add a standalone sentence solely for the count; check wording and accuracy in the separate sentence review.
92,Rin-,rin--s1,Noun,"Essence, core nature, spirit, intrinsic quality.",Existing related-form illustration,PE-ER2-0035,lorin rin thar-ian.,Essence guides my heart.,"The page already shows a sentence using this root or ending in a related word. This illustrates its form, not every nuance of the full definition.",Do not add a standalone sentence solely for the count; check wording and accuracy in the separate sentence review.
93,Bel-,bel--s1,Verb,"To bind, weave, connect, fasten; civilization, bonds, restrictions, systems.",Existing related-form illustration,PE-CWM1-0025,belmekaen I zhirvok.,I fasten the belt.,"The page already shows a sentence using this root or ending in a related word. This illustrates its form, not every nuance of the full definition.",Do not add a standalone sentence solely for the count; check wording and accuracy in the separate sentence review.
94,Kal-,kal--s1,Noun,"Strength, power, force; neutral force whose virtue depends on use.",Existing related-form illustration,PE-TM1-0003,rinaen kalmek kaleth.,The machine is powerful.,"The page already shows a sentence using this root or ending in a related word. This illustrates its form, not every nuance of the full definition.",Do not add a standalone sentence solely for the count; check wording and accuracy in the separate sentence review.
95,Shara-,shara--s1,Noun,"A path, a road, a journey; life path, strategy, decision path.",Existing related-form illustration,PE-ER2-0018,var I an shara.,I go on the path.,"The page already shows a sentence using this root or ending in a related word. This illustrates its form, not every nuance of the full definition.",Do not add a standalone sentence solely for the count; check wording and accuracy in the separate sentence review.
96,Thar-,thar--s1,Noun,"The physical heart; source of emotion, will, and true inner self.",Existing related-form illustration,PE-109B2-0080,rinaen aiv an thar-ian.,There is pain in my heart.,"The page already shows a sentence using this root or ending in a related word. This illustrates its form, not every nuance of the full definition.",Do not add a standalone sentence solely for the count; check wording and accuracy in the separate sentence review.
97,Var-,var--s1,Verb,"To go, move, travel; also preposition to/towards; action and existence.",Existing related-form illustration,PE-V1-0001,var I an dren.,I go to the water.,"The page already shows a sentence using this root or ending in a related word. This illustrates its form, not every nuance of the full definition.",Do not add a standalone sentence solely for the count; check wording and accuracy in the separate sentence review.
98,Aen-,aen--s1,Verb,"To speak, breathe, make a sound; also complementizer that.",Existing related-form illustration,PE-109B2-0082,aen I lian.,I speak truth.,"The page already shows a sentence using this root or ending in a related word. This illustrates its form, not every nuance of the full definition.",Do not add a standalone sentence solely for the count; check wording and accuracy in the separate sentence review.
99,Pralaen-,pralaen--s1,Verb,"To make, craft, shape with care; skill, purpose, imposing order.",Existing related-form illustration,PE-V4-0055,pralaen I krezor.,I make a hearth.,"The page already shows a sentence using this root or ending in a related word. This illustrates its form, not every nuance of the full definition.",Do not add a standalone sentence solely for the count; check wording and accuracy in the separate sentence review.
100,Vok-,vok--s1,Noun,Duality of breaking a bond and forming a unity; noun Vok means unity; verb vokaen breaks unity.,Existing related-form illustration,PE-109B2-0084,rinaen vok an belvok.,There is unity in the family.,"The page already shows a sentence using this root or ending in a related word. This illustrates its form, not every nuance of the full definition.",Do not add a standalone sentence solely for the count; check wording and accuracy in the separate sentence review.
101,Ser-,ser--s1,Noun,"Friend, ally; also with and and.",Existing related-form illustration,PE-ER2-0078,var ser an dren.,The friend goes to the water.,"The page already shows a sentence using this root or ending in a related word. This illustrates its form, not every nuance of the full definition.",Do not add a standalone sentence solely for the count; check wording and accuracy in the separate sentence review.
102,Rath-,rath--s1,Noun,"Enemy, foe, adversary; also conditional particle if.",Existing related-form illustration,PE-109B2-0086,arth Ilin vok thal rath.,We protect the bond from the enemy.,"The page already shows a sentence using this root or ending in a related word. This illustrates its form, not every nuance of the full definition.",Do not add a standalone sentence solely for the count; check wording and accuracy in the separate sentence review.
103,Zhir-,zhir--s1,Noun,"Thread, line, cord; connection through time, lineage, history, cause-effect, fate.",Existing related-form illustration,PE-109B2-0087,korinaen I zhirin.,I hold the cord.,"The page already shows a sentence using this root or ending in a related word. This illustrates its form, not every nuance of the full definition.",Do not add a standalone sentence solely for the count; check wording and accuracy in the separate sentence review.
104,Kel-,kel--s1,Verb,"To say, speak, name; definition and ordering through language.",Existing related-form illustration,PE-PSAC1-0029,aen zhirkelral zhirkel.,The storyteller tells a story.,"The page already shows a sentence using this root or ending in a related word. This illustrates its form, not every nuance of the full definition.",Do not add a standalone sentence solely for the count; check wording and accuracy in the separate sentence review.
