number,headword,sense_id,word_type,current_meaning,existing_example_id,existing_celan,existing_english,example_status,review_call,why,recommendation,decision_needed,creator_decision,status
51,Kal,kal-s1,Noun,Strength / Power,PE-ER2-0074,rinaen kal an kareth.,There is strength in the hammer.,current,Clear example lead,Kal names strength in the hammer.,Link this sentence to the noun.,Approve this link?,Approved: kal is the standalone noun strength in the hammer sentence.,Applied
52,Kal,kal-s2,Adjective,Retired: Strong (standalone adjective),,,,,No clear example selected,The inspected Kal sentences use kal as strength or strengthen; none clearly uses standalone kal to mean strong.,Keep the adjective meaning separate while its use is checked.,"Does standalone kal mean strong, and what sentence shows it?",Remove the standalone adjective Strong from Kal; Kaleth carries strong/powerful.,Removed from current app
53,Kal,kal-s3,Verb,To strengthen,PE-FAP1-0001,kal balpral belvok.,Farming strengthens the family.,current,Clear example lead,Kal is the strengthening action in the farming sentence.,Link this sentence to the verb.,Approve this link?,Approved: kal is the verb strengthens in Farming strengthens the family.,Applied
54,Kalor,kalor-s1,Noun,Courage / Strength of Spirit / Willpower,PE-V3-0110,Va var kalor thal!,Go in strength and balance!,current,Possible example,"Go in strength and balance fits courage or strength of spirit, but does not name courage explicitly.",Keep the two Kalor definitions separate for now.,"Does this sentence show courage, and is that distinct from item 55?",Merge 54–55 as one noun: courage / strength of spirit / willpower. Use Go in strength and balance!,Applied
55,Kalor,kalor-s2,Noun,Merged: Strength (of the mind or spirit),PE-V3-0110,Va var kalor thal!,Go in strength and balance!,current,Possible duplicate,The same sentence could fit both Kalor definitions; the difference is not clear from the current page.,Consider one meaning if these are the same idea.,Are items 54 and 55 separate meanings or one?,Merge into item 54; preserve the old wording in the audit archive.,Merged
56,Seren,seren-s1,Noun,Guardian / Protector,PE-ER2-0029,arth Li-Seren kaleth.,The Respected Guardian defends the fortress.,current,Clear example lead,Seren is the guardian who defends the fortress.,Link this sentence to the guardian noun.,Approve the link and consider merging item 57?,Keep one guardian / protector noun and use The Respected Guardian defends the fortress.,Applied
57,Seren,seren-s2,Noun,Merged: Guardian/Protector,PE-ER2-0029,arth Li-Seren kaleth.,The Respected Guardian defends the fortress.,current,Likely duplicate,Guardian / Protector and Guardian/Protector say the same thing.,Merge into one meaning if you agree.,May I merge item 57 into item 56?,Exact duplicate of item 56; merge it into that noun.,Merged
58,Vaar,vaar-s1,Noun,Peace / Unity / Calm,PE-S3-0014,var I an vaar.,I go in peace.,current,Clear example lead,Vaar is peace in I go in peace.,Link this sentence to the noun.,Approve this link?,Approved noun wording Peace / Unity / Calm and I go in peace.,Applied
59,Vaar,vaar-s2,Adjective,Retired: Good (standalone adjective),,,,,No clear example selected,The page uses vaar as peace or peaceful; it does not plainly say good.,Keep good unlinked until shown directly.,Does standalone vaar also mean good?,Remove the standalone adjective Good from Vaar; Vaareth carries good/peaceful.,Removed from current app
60,Vaar,vaar-s3,Interjection,Relief / Phew,,,,,No clear example selected,None of the ten current sentences uses vaar as a spoken Phew!,Keep the interjection unlinked until shown directly.,Is Phew! an active Vaar use?,"Keep the interjection visible but unlinked; Vaar'a! already exists as an approved expression, while no dictionary sentence is linked here.",On hold
61,Lorin,lorin-s1,Noun,Guide / Mentor,PE-CNE1-0028,aen lorin tharshara.,The guide states the choice.,current,Clear example lead,Lorin is the guide who states the choice.,Link to the guide noun.,Approve this link?,Merge the two guide nouns as Guide / Mentor and link the guide-states-the-choice sentence.,Applied
62,Lorin,lorin-s2,Noun,Merged: Guide / Teacher,PE-CNE1-0028,aen lorin tharshara.,The guide states the choice.,current,Possible overlap,This shows guide. It does not demonstrate teacher as an additional role.,Decide whether teacher is part of the same meaning or a separate use needing an example.,Are items 61 and 62 one meaning?,Merge into item 61; teacher is not retained as a separate Lorin meaning.,Merged
63,Lorin,lorin-s3,Verb,To guide,PE-ER2-0026,lorin nor shara-ian.,Time guides my path.,current,Clear example lead,Lorin is the action guides in Time guides my path.,Link to the verb.,Approve this link?,Link Time guides my path to the verb to guide.,Applied
64,Rath,rath-s1,Noun,Enemy / Foe,PE-V2-0037,Va jorkal an rath!,Charge the enemy!,current,Clear example lead,Rath is the enemy in Charge the enemy!,Link to the enemy noun.,Approve this link?,Link Charge the enemy! to the enemy noun.,Applied
65,Rath,rath-s2,Particle,Conditional: if,PE-V3-0028,"rath var Ya an dren, nor-vekaen I shena var Ya.","If you go to the water, I will bring coinage.",current,Clear example lead,Rath introduces the if clause.,Link to the conditional particle if these two definitions are consolidated.,Approve the example and merge items 65–66?,Merge the two conditional-if meanings and link the water/coinage conditional.,Applied
66,Rath,rath-s3,Particle,Merged: Conditional marker: if,PE-V3-0028,"rath var Ya an dren, nor-vekaen I shena var Ya.","If you go to the water, I will bring coinage.",current,Likely duplicate,Conditional If and Conditional marker: if describe the same function.,Merge into one if meaning if you agree.,May I merge item 66 into item 65?,Duplicate if meaning merged into item 65.,Merged
67,Fah,fah-s1,Noun,Darkness / The Void,PE-V3-0060,rathaen lalin fah.,They hate the darkness.,current,Partial example,This shows darkness. It does not by itself show fear or night.,Link only as an illustration of darkness; keep the broader wording for review.,Does Fah also independently mean fear and night?,Focus the noun on Darkness / The Void and link They hate the darkness. Night as a time period is distinct.,Applied
68,Fah,fah-s2,Interjection,Ugh! / Bah!,,,,,No clear example selected,None of the three current sentences uses Fah as a spoken Ugh! or Bah!,Keep the interjection unlinked.,Is this interjection current Celan?,Keep Ugh! / Bah! visible without a linked sentence until a dialogue example is reviewed.,On hold
69,Reth,reth-s1,Noun,Uncertainty / Confusion / Doubt,PE-ICAES1-0057,tal rethzheldava reth an dava.,Signal interference causes uncertainty in the information.,current,Clear example lead,Reth is uncertainty caused in the information.,Link to the noun; the sentence shows uncertainty specifically.,Approve this link?,"Keep uncertainty, confusion, and doubt as the noun; link the signal-interference sentence.",Applied
70,Reth,reth-s2,Conjunction,Or,PE-V4-0083,Ra drenaen Ya dren reth phelvin?,Do you drink water or the comfort-drink?,current,Clear example lead,Reth joins water or comfort drink.,Link to the conjunction.,Approve this link?,Link the water-or-comfort-drink question to the conjunction or.,Applied
71,Dral,dral-s1,Noun,Sky / Heavens / Celestial Expanse,PE-V3-0064,Thaalaen Ilin an Dral.,We wonder at the heavens.,current,Partial example,Dral means heavens here. The sentence does not show wonder as a separate noun meaning.,Link for heavens only and review the broader wording.,Does Dral independently mean wonder?,Remove noun wonder; lowercase dral is physical sky and capitalized Dral is the heavens. Link We wonder at the heavens to the capitalized use.,Applied
72,Dral,dral-s2,Interjection,Wow! / Heavens!,,,,,No clear example selected,Neither current sentence uses Dral as the spoken exclamation Wow! or Heavens!,Keep the interjection unlinked.,Is this interjection current Celan?,Keep Wow! / Heavens! visible without a linked sentence until dialogue is reviewed.,On hold
73,Tal,tal-s1,Verb,Give / Offer,PE-V2-0044,tal Ilin talrin ser vaar.,We give an offering with peace.,current,Clear example lead,Tal is give in We give an offering with peace.,Link to Give / Offer.,Approve this link?,Link We give an offering with peace to Give / Offer.,Applied
74,Tal,tal-s2,Verb,Take / Receive,PE-NE1-0033,tal I fennilphel.,I take the herbal remedy.,current,Clear example lead,Tal is take in I take the herbal remedy.,Link to Take / Receive.,Approve this link?,Link I take the herbal remedy to Take / Receive.,Applied
75,Lun,lun-s1,Noun,Lake,PE-FAP1-0025,rinaen nesh an lun.,The aquatic creature is in the lake.,current,Clear example lead,Lun is the lake holding the aquatic creature.,Link to lake.,Approve this link?,Link The aquatic creature is in the lake to lake.,Applied
76,Lun,lun-s3,Noun,Moon; Ohnosha's natural satellite or lunar body,PE-LPC1-0001,rinaen Lun an esh.,The Moon is in the sky.,current,Clear example lead,Capitalized Lun is the Moon in the sky.,Link to moon.,Approve this link?,"Link The Moon is in the sky to capitalized Lun, the Moon.",Applied
77,Kaleth,kaleth-s1,Noun,Fortress / Stronghold,PE-SP2-0004,rinaen theren an kaleth kaveth.,The village is at the old fortress.,current,Clear example lead,Kaleth is the old fortress.,Link to fortress.,Approve this link?,Link The village is at the old fortress to fortress.,Applied
78,Kaleth,kaleth-s2,Adjective,Strong / Powerful / Intense / High in magnitude or reading,PE-TM1-0003,rinaen kalmek kaleth.,The machine is powerful.,current,Clear example lead,Kaleth describes the machine as powerful.,Link to the adjective; other uses such as high readings need separate review.,Approve this link for powerful?,Link The machine is powerful to the adjective; the larger range remains in its established meaning.,Applied
79,Krezor,krezor-s1,Noun,Forge / Place of Fire,PE-TM1-0020,rinaen delkorin an krezor.,The tongs are at the forge.,current,Possible duplicate,Forge is already included in items 80 and 81.,Consider one forge meaning and keep hearth as an additional use if intended.,May I merge item 79 with the forge meaning?,Merge 79–80 into Forge / Place of Fire; link The tongs are at the forge.,Applied
80,Krezor,krezor-s2,Noun,Merged: Forge / Place of Fire,PE-TM1-0020,rinaen delkorin an krezor.,The tongs are at the forge.,current,Possible duplicate,Forge / Place of Fire overlaps both other Krezor definitions.,Decide whether this is a single place-of-fire meaning or distinct from hearth.,How should items 79–81 be divided?,Duplicate forge meaning merged into item 79.,Merged
81,Krezor,krezor-s3,Noun,Hearth / Fireplace,PE-V4-0023,rinaen krezor feneth.,The hearth is hot.,current,Clear example lead,The sentence clearly calls Krezor a hearth.,Link to the hearth use; retain forge only if it is also intended.,Approve the hearth link and the division among 79–81?,Keep Hearth / Fireplace distinct and link The hearth is hot.,Applied
82,Phelvin,phelvin-s1,Noun,Comforting drink / warm herbal beverage,PE-V4-0059,Drenaen Ya phelvin.,You drink the comforting drink.,current,Clear example lead,Phelvin is the comforting drink that you drink.,Link one drink meaning.,Approve the link and merge item 83?,Merge the two drink nouns as Comforting drink / warm herbal beverage; link You drink the comforting drink.,Applied
83,Phelvin,phelvin-s2,Noun,Merged: Comfort Drink,PE-V4-0059,Drenaen Ya phelvin.,You drink the comforting drink.,current,Likely duplicate,Comforting drink and Comfort Drink name the same thing.,Merge into one meaning if you agree.,May I merge item 83 into item 82?,Duplicate drink meaning merged into item 82.,Merged
84,Jorvak,jorvak-s1,Noun,Bursting Stew,PE-V2-0057,Welaen jorvak an dren.,The bursting stew is shared by the water.,current,Clear example lead,The English explicitly calls Jorvak a bursting stew.,Link to the stew meaning.,Approve this link?,Link The bursting stew is shared by the water to the concrete dish.,Applied
85,Jorvak,jorvak-s2,Noun,Archived: Bursting warmth,PE-V2-0019,Jorvak kal dren.,The warmth strengthens by the water.,archived,Meaning question,Another sentence translates Jorvak as warmth. The two translations suggest different things.,"Keep both meanings until you decide whether this is a stew, warmth, or both.",Does Jorvak independently mean bursting warmth?,"Bursting warmth was an old figurative translation, not a current dictionary meaning. Archived the sense and all student placements of its old sentence.",Archived
86,Welrim,welrim-s1,Noun,Archived: Continuous Feast,,,,,No clear example selected,The current sentences show a feast; none makes its continuous duration clear.,Keep continuous feast unlinked until its distinct meaning is shown.,Does continuous describe a distinct Welrim meaning?,Continuous feast was an unneeded old definition. Archived it; shared feast remains current.,Archived
87,Welrim,welrim-s2,Noun,Shared feast / communal banquet,PE-V2-0023,Welaen welrim ser dren ser Serin.,The feast is shared with friends and water.,current,Clear example lead,The sentence says the feast is shared with friends.,Link to shared feast.,Approve this link?,Link The feast is shared with friends and water to Shared feast / communal banquet.,Applied
88,Xilvar,xilvar-s1,Noun,Hidden spice / secret seasoning blend,PE-V2-0027,Nethaen xilvar an dren.,The hidden spice rests by the water.,current,Partial example,"The English calls Xilvar hidden spice, but the sentence alone does not show what is hidden about it.",Link only if the existing meaning note supplies that context.,Approve this illustration of hidden spice?,Keep Hidden spice / secret seasoning blend and link The hidden spice rests by the water.,Applied
89,Xilvar,xilvar-s2,Noun,Archived: Fragmented Salt,PE-V2-0065,Shalilaen xilvar an dren.,The salt flows lightly by the water.,archived,Meaning question,The same Celan word is translated salt here and hidden spice elsewhere.,Keep the two established meanings visible while checking whether both are intended.,Is Fragmented Salt a distinct Xilvar meaning?,Fragmented Salt was an older loose gloss. Archived the sense and all student placements of its old salt sentence.,Archived
90,Belshara,belshara-s1,Noun,Archived: Coordinated Maneuver / Tactical Path,,,,,No clear example selected,None of the five direct sentences describes a coordinated troop maneuver or tactical path.,Leave this meaning without a direct example until a suitable sentence is found.,Is this tactical meaning still current?,Tactical maneuver was a superseded draft meaning. Archived it; duty and the must modal remain current.,Archived
91,Belshara,belshara-s2,Noun,Duty / Obligation (Bound Path),PE-ER2-0012,lorin belshara Ilin shan vethor.,Duty guides us through the shadow.,current,Clear example lead,Belshara is duty guiding us.,Link to Duty.,Approve this link?,Merge Duty and Obligation as one noun; link both duty sentences.,Applied
92,Belshara,belshara-s3,Modal,Must / Have to,PE-V4-0002,Var I belshara.,I must go.,current,Clear example lead,"Var I belshara is translated I must go, showing the modal use.",Link to Must / Have to.,Approve this link?,Link I must go to the modal Must / Have to.,Applied
93,Belshara,belshara-s4,Noun,Merged: Necessity / Obligation,PE-V4-0072,Rinaen belshara an Ilin.,Duty is with us.,current,Clear example lead,Belshara is duty or obligation with us in this sentence.,Link to the necessity noun if distinct from Duty.,Is item 93 a distinct noun meaning from item 91?,Necessity / Obligation noun merged into item 91.,Merged
94,Felorin,felorin-s1,Noun,Berry from Coral Reefs,,,,,No clear example selected,The three current berry sentences do not mention a coral reef.,Keep this specific origin unlinked pending an example or clarification.,Are Felorin specifically reef berries?,Keep the reef-specific meaning unlinked; current sentences do not mention reefs.,On hold
95,Felorin,felorin-s2,Noun,Berry/Small Fruit,PE-V2-0084,Nethaen felorin an dren.,The berries rest by the water.,current,Clear example lead,Felorin are berries by the water.,Link to berry / small fruit.,Approve this link?,Link The berries rest by the water to Berry / Small Fruit.,Applied
96,Zhelvek,zhelvek-s1,Noun,Energy bar / dense food ration,PE-V2-0077,Zhelvek kal dren.,The energy bar strengthens with water.,current,Clear example lead,The English calls Zhelvek an energy bar.,Link to the food meaning.,Approve this link?,Link the energy-bar sentence to the food use; retain the separate engineering use.,Applied
97,Zhelvek,zhelvek-s2,Noun,Energy carrier / power cell,PE-CNE1-0014,jekaen mekral zhelvek.,The mechanic turns the energy carrier.,current,Clear example lead,"The mechanic turns an energy carrier, a different object from a snack bar.",Link to the device meaning.,Approve this distinct use?,Link the mechanic sentence to Energy carrier / power cell.,Applied
98,Eshvelaneth,eshvelaneth-s1,Noun,Hailstorm,PE-V2-0122,Eshvelaneth kal morl.,The hailstorm strikes the mountain.,current,Clear example lead,The English calls Eshvelaneth a hailstorm striking the mountain.,Link to hailstorm.,Approve this link?,Link The hailstorm strikes the mountain to hailstorm.,Applied
99,Eshvelaneth,eshvelaneth-s2,Noun,Snowstorm Guidance Ritual,PE-V3-0098,Eshvelaneth shan dren an Tharvok.,The snowstorm guidance passes to the family.,current,Partial example,The English says snowstorm guidance passes to the family; it does not explicitly identify a ritual.,Keep the ritual meaning visible while its wording and example are reviewed.,Is Snowstorm Guidance Ritual the intended second meaning?,Keep the Nivveilian snowstorm-guidance ritual as a distinct cultural sense and link the existing family sentence.,Applied
100,Lianor,lianor-s1,Noun,Idea / Thought,PE-V4-0074,aen Ya lianor-ya.,You speak your thought.,current,Clear example lead,Lianor-ya is your thought in You speak your thought.,Link to idea / thought; its place of truth gloss needs no proof from this sentence.,Approve this link?,Keep Idea / Thought as the noun; word origin stays in the usage note. Link You speak your thought.,Applied
