entry_id,source_volume,source_section,page_number,topic,culture_or_context,original_wording,canon_status,notes,related_entry_ids,relationship_type,potential_tension_id,review_status,review_reason
CC-V1-0001,Volume 1: Fundamentals,Introduction > The Origins of Celan,2,The Origins of Celan,Ohnosha origin context,"Celan is the universal language of Ohnosha, emerging from the convergence of the world's timelines in the aftermath of Day One—a pivotal event where time and space collided. Established as a common tongue to foster unity and facilitate communication among all nations, Celan embodies both practical functionality and deep-rooted mystical connections to Ohnosha's natural forces. Scholars recognize Celan not only as a means of everyday communication but also as a language imbued with ancient power, essential for understanding the world's history and mystical balance.",Canon,Original wording preserved.,,,,Approved,
CC-V1-0002,Volume 1: Fundamentals,Introduction > Purpose of the Guide,2,Purpose of the Guide,Guide purpose,"This guide aims to provide learners with a foundational understanding of Celan. It covers the language's phonetics, grammar, vocabulary, and usage across various contexts. Whether you are engaging in casual conversation, formal discourse, or scholarly study, this guide will equip you with the necessary tools to master Celan.",Canon,Original wording preserved.,,,,Approved,
CC-V1-0003,Volume 1: Fundamentals,Gendered and Neutral Terms > Introduction,4,Gendered and Neutral Terms,Identity and relational meaning,"Celan is a relational and poetic language that values fluidity, identity, and connection. This manual introduces terms for masculine, feminine, and neutral identities and their applications. These terms expand Celan's expressive capacity while maintaining its ethos of relational meaning.",Canon,Original wording preserved.,,,,Approved,
CC-V1-0004,Volume 1: Fundamentals,Gendered and Neutral Terms > Rules for Usage > 3. Cultural Variations,6,Cultural Variations,Ohnoshan cultural adaptation,"Each Ohnoshan culture may adapt these terms to fit their values:
● Pelagae: Emphasizes fluidity and uses Azon frequently for spiritual men.
● Nivveil: Highlights balance, favoring Thee-based descriptors.
● Valkeldor: Values strength and may use Kadon to honor warrior women.",Canon,Bullet structure preserved in original_wording field.,GR-V1-0010,related usage,,Approved,
CC-V2-0001,Volume 2: Dictionary and Word Formation,Table of Contents: Volume 2 > Volume Description,1,Volume 2 Description,Dictionary and word-building resource,"This volume serves as the primary dictionary and word-building resource for Celan. It details extensive vocabulary lists across various themes, explains how words are formed (plurals, derivations, compounds), provides roots, and includes specific vocabulary for key aspects of Ohnoshan life like food, seasons, and weather. It also incorporates basic quantifiers and interjections.",Canon,Original wording preserved.,,,,Approved,
CC-V2-0002,Volume 2: Dictionary and Word Formation,Vocabulary > Words for Times of Day,7,Words for Times of Day,"Natural rhythms of light, shadow, and time","In Celan, words for times of day are deeply connected to the natural rhythms of light, shadow, and the flow of time. To harmonize with existing vocabulary and draw inspiration from other linguistic traditions, the root words Kinn (daylight) and Kilv (shadow/time) are introduced.",Canon,Original wording preserved.,,,,Approved,
CC-V2-0003,Volume 2: Dictionary and Word Formation,Food Vocabulary > Summary of Reimagined Food Vocabulary,16,Summary of Reimagined Food Vocabulary,Food category summary,"Category / Key Words / Highlights
Staple Foods / Morlak, Velrin, Teravin, Broslak, Pelvar / Simple, earthy foods emphasizing sustenance.
Prepared Dishes / Jorvak, Welrim, Lorlivok, Phelkarin, Xarvel / Robust meals reflecting cultural practices.
Specialty Ingredients / Felorin, Jekvin, Belmor, Xilvar, Vethhar / Unique spices, herbs, and delicacies.
Beverages / Phelvin, Velithor, Tenarorin, Lianfel, Jorvilor / Diverse drinks for comfort, energy, or ritual.",Canon,Source summary table flattened into line-separated rows for CSV.,,,,Approved,
CC-V2-0004,Volume 2: Dictionary and Word Formation,Food Vocabulary by Nation > Mechuma (Varthas Shal-Kaleth),16,Mechuma (Varthas Shal-Kaleth),Food vocabulary by nation,A technologically advanced city blending innovation with tradition.,Canon,Original wording preserved.,,,,Approved,
CC-V2-0005,Volume 2: Dictionary and Word Formation,Food Vocabulary by Nation > Pelagae (Drenor Thal),17,Pelagae (Drenor Thal),Food vocabulary by nation,Island and underwater cities steeped in oceanic resources.,Canon,Original wording preserved.,,,,Approved,
CC-V2-0006,Volume 2: Dictionary and Word Formation,Food Vocabulary by Nation > Verdalris (Lorash Terra-Thar),17,Verdalris (Lorash Terra-Thar),Food vocabulary by nation,"Rooted in nature, emphasizing herbal and hearty dishes.",Canon,Original wording preserved.,,,,Approved,
CC-V2-0007,Volume 2: Dictionary and Word Formation,Food Vocabulary by Nation > Zarithan (Krez Terra-Vethor),17-18,Zarithan (Krez Terra-Vethor),Food vocabulary by nation,Desert nomads with a focus on spiced and preserved foods.,Canon,Original wording preserved.,,,,Approved,
CC-V2-0008,Volume 2: Dictionary and Word Formation,Food Vocabulary by Nation > Nivveil (Eshor Thalor),18,Nivveil (Eshor Thalor),Food vocabulary by nation,Icy northern regions with hearty and preserved dishes.,Canon,Original wording preserved.,,,,Approved,
CC-V2-0009,Volume 2: Dictionary and Word Formation,Food Vocabulary by Nation > Marakor (Kaleth Rathor),18,Marakor (Kaleth Rathor),Food vocabulary by nation,Mountain strongholds with functional and enduring foods.,Canon,Original wording preserved.,,,,Approved,
CC-V2-0010,Volume 2: Dictionary and Word Formation,Food Vocabulary by Nation > Jasara (Dren Vethor-Shalor),18-19,Jasara (Dren Vethor-Shalor),Food vocabulary by nation,Oasis dwellers with balanced and flavorful cuisine.,Canon,Original wording preserved.,,,,Approved,
CC-V2-0011,Volume 2: Dictionary and Word Formation,Food Vocabulary by Nation > Valkeldor (Morl-Kaleth Thar),19,Valkeldor (Morl-Kaleth Thar),Food vocabulary by nation,Mountain fortress cuisine reflecting resilience and strength.,Canon,Original wording preserved.,,,,Approved,
CC-V2-0012,Volume 2: Dictionary and Word Formation,Weather Terms > Summary Table for Simplified Integration,21-22,Summary Table for Simplified Integration,Seasons and weather summary,"Category / Word / Meaning
Seasons / Zhaelor / Spring (Blooming Season)
Seasons / Fenrek / Summer (Season of Warmth)
Seasons / Tharvin / Autumn (Season of Balance)
Seasons / Velthaen / Winter (Season of Cold)
Atmosphere / Eshthael / Breeze
Atmosphere / Shalithor / Sunlight
Atmosphere / Dralorim / Celestial Storm
Atmosphere / Velarshor / Fog
Precipitation / Drenalor / Rain
Precipitation / Eshvelor / Snowfall
Precipitation / Eshvelaneth / Hailstorm
Other Events / Thalorim / Lightning
Other Events / Krezrek / Heatwave
Other Events / Drenvelesh / Morning Dew",Canon,Source summary table flattened into line-separated rows for CSV.,,,,Approved,
CC-V2-0013,Volume 2: Dictionary and Word Formation,Nuances of Quantification and Specificity > Articles (Definite/Indefinite),22,Articles (Definite/Indefinite),Quantification and specificity,"Decision: Confirming Celan generally lacks specific articles like ""the"" or ""a/an"". Definiteness and indefiniteness are primarily determined by context, word order (VSO often places known info earlier), or specific demonstratives if needed (though none explicitly listed, could be developed).",Canon,"Source contains ""could be developed"" uncertainty; preserved without resolving.",,,PT-V2-0020,Source Ambiguity,source ambiguity
CC-V2-0014,Volume 2: Dictionary and Word Formation,Interjections and Exclamations,23,Interjections and Exclamations,Interjection sound pattern,"These are often short, sharp, or intuitive sounds.",Canon,Original wording preserved.,,,,Approved,
CC-V3-0001,"Volume 3: Culture, Context, and Advanced Expression",Table of Contents: Volume 3 > Volume Description,1,Volume 3 Description,"Culture, context, and advanced expression","This volume explores how Celan functions within the diverse cultures of Ohnosha and delves into more complex linguistic features. It covers politeness, social registers, advanced sentence structures, cultural expressions, kinship systems, ritual language, comparisons to other languages, and concepts for deeper emotional and cultural nuance.",Canon,Original wording preserved.,,,,Approved,
CC-V3-0002,"Volume 3: Culture, Context, and Advanced Expression",Politeness and Honorifics > Cultural Notes,5,Politeness Cultural Notes,Politeness usage,"● Li- is used for politeness with strangers, elders, and officials.
● Overusing Li- may seem insincere; balance is key.
● Honorifics like -en are reserved for highly respected individuals in formal settings.",Canon,Bullet structure preserved.,,,,Approved,
CC-V3-0003,"Volume 3: Culture, Context, and Advanced Expression",Pragmatic Usage and Discourse Markers > Cultural Notes,7,Discourse Marker Cultural Notes,Conversation flow,"● Use discourse markers to convey attitude and facilitate conversation flow.
● Balance their usage to avoid sounding indecisive or pushy.",Canon,Bullet structure preserved.,,,,Approved,
CC-V3-0004,"Volume 3: Culture, Context, and Advanced Expression",Kinship Terms > Updated Kinship Summary Table,12-13,Updated Kinship Summary Table,Kinship summary table,Celan Term / Meaning / Derived From / Example table preserved in lexicon and phrase entries.,Canon,Source table represented as linked lexicon and phrase rows.,,,,Approved,
CC-V3-0005,"Volume 3: Culture, Context, and Advanced Expression",Possession > When to Use Each System?,14,When to Use Each System?,Possession usage,"● ""Ian"" (Direct Possession) → For personal ownership (my love, my home, my heart).
● ""-esh"" (Relational Connection) → For relationships (my partner, my family, my bonded).",Canon,Bullet structure preserved.,,,PT-V3-0012,Needs Human Review,possible overlap with earlier rule
CC-V3-0006,"Volume 3: Culture, Context, and Advanced Expression",Language Use Across the Nations of Ohnosha > Overview,17,Language Use Overview,National language use,"Celan is the dominant language across Ohnosha, serving as the universal tongue for communication, trade, and diplomacy. However, regional languages like Arvan and Trerran persist in more remote or culturally distinct areas, reflecting the unique landscapes and traditions of their speakers.",Canon,Original wording preserved.,,,,Approved,
CC-V3-0007,"Volume 3: Culture, Context, and Advanced Expression",Language Use Across the Nations of Ohnosha > Language Familiarity by Nation,18,Verdalris,Language familiarity by nation,"Nation: Verdalris
Primary Language: Celan
Familiarity with Arvan: Low to Moderate
Familiarity with Trerran: Low
Notes: Celan used with nature and balance metaphors.",Canon,Original wording preserved.,,,,Approved,
CC-V3-0008,"Volume 3: Culture, Context, and Advanced Expression",Language Use Across the Nations of Ohnosha > Language Familiarity by Nation,18,Mechuma,Language familiarity by nation,"Nation: Mechuma
Primary Language: Celan
Familiarity with Arvan: Low
Familiarity with Trerran: Moderate
Notes: Appreciates Trerran's efficiency for trade and engineering.",Canon,Original wording preserved.,,,,Approved,
CC-V3-0009,"Volume 3: Culture, Context, and Advanced Expression",Language Use Across the Nations of Ohnosha > Language Familiarity by Nation,18,Pelagae,Language familiarity by nation,"Nation: Pelagae
Primary Language: Celan
Familiarity with Arvan: Moderate
Familiarity with Trerran: Low
Notes: Celan is fluid and poetic, reflecting oceanic life.",Canon,Original wording preserved.,,,,Approved,
CC-V3-0010,"Volume 3: Culture, Context, and Advanced Expression",Language Use Across the Nations of Ohnosha > Language Familiarity by Nation,18,Nivveil,Language familiarity by nation,"Nation: Nivveil
Primary Language: Arvan
Familiarity with Arvan: High
Familiarity with Trerran: Very Low
Notes: Arvan is native, used daily and in rituals; Celan also spoken.",Canon,Original wording preserved.,,,,Approved,
CC-V3-0011,"Volume 3: Culture, Context, and Advanced Expression",Language Use Across the Nations of Ohnosha > Language Familiarity by Nation,18,Valkeldor,Language familiarity by nation,"Nation: Valkeldor
Primary Language: Arvan & Celan
Familiarity with Arvan: High
Familiarity with Trerran: Low
Notes: Arvan for rituals and warrior oaths; Celan for practical use.",Canon,Original wording preserved.,,,,Approved,
CC-V3-0012,"Volume 3: Culture, Context, and Advanced Expression",Language Use Across the Nations of Ohnosha > Language Familiarity by Nation,18,Zarithan,Language familiarity by nation,"Nation: Zarithan
Primary Language: Trerran
Familiarity with Arvan: Low
Familiarity with Trerran: High
Notes: Trerran is native, used for all life aspects; Celan for trade.",Canon,Original wording preserved.,,,,Approved,
CC-V3-0013,"Volume 3: Culture, Context, and Advanced Expression",Language Use Across the Nations of Ohnosha > Language Familiarity by Nation,18,Jasara,Language familiarity by nation,"Nation: Jasara
Primary Language: Celan & Trerran
Familiarity with Arvan: Low
Familiarity with Trerran: High
Notes: Trerran used daily; Celan for broader communication.",Canon,Original wording preserved.,,,,Approved,
CC-V3-0014,"Volume 3: Culture, Context, and Advanced Expression",Language Use Across the Nations of Ohnosha > Language Familiarity by Nation,18,Marakor,Language familiarity by nation,"Nation: Marakor
Primary Language: Celan
Familiarity with Arvan: Moderate
Familiarity with Trerran: Low
Notes: Celan is dominant; some northern Arvan influence.",Canon,Original wording preserved.,,,,Approved,
CC-V3-0015,"Volume 3: Culture, Context, and Advanced Expression","Language Use Across the Nations of Ohnosha > Comparison Between Celan, Arvan, and Trerran",18-19,"Comparison Between Celan, Arvan, and Trerran",Language comparison,"Feature / Celan / Arvan / Trerran
Primary Regions / Universal across Ohnosha / Northern mountainous regions (Nivveil, Valkeldor) / Southern desert regions (Zarithan, Jasara)
Phonetic Style / Clear, practical with some fluidity / Poetic, flowing, musical / Harsh, direct, guttural
Common Uses / Daily communication, trade, diplomacy / Rituals, oaths, philosophical discussions / Day-to-day survival, oral traditions
Cultural Themes / Clarity, practicality, balance / Mysticism, nature connection, survival / Resilience, resourcefulness, practicality
Typical Phrases / Practical and metaphorical / Poetic and spiritually infused / Minimalist and action-focused
Language Quality / Straightforward and efficient / Mystical and lyrical / Tough and direct",Canon,Source table flattened into line-separated rows for CSV.,,,,Approved,
CC-V3-0016,"Volume 3: Culture, Context, and Advanced Expression",Language Use Across the Nations of Ohnosha > Arvan: The Language of the North,19,Arvan: The Language of the North,Regional language,"Overview: Arvan is primarily spoken in the northern and mountainous regions of Ohnosha. The language is poetic and mystically infused, with phrases that emphasize the harsh but awe-inspiring landscapes of the cold north, as well as the people's deep connection to nature and cosmic forces.",Canon,Original wording preserved.,,,,Approved,
CC-V3-0017,"Volume 3: Culture, Context, and Advanced Expression",Language Use Across the Nations of Ohnosha > Trerran: The Language of the South,20,Trerran: The Language of the South,Regional language,"Overview: Trerran is spoken in the southern desert regions of Ohnosha. It is a harsh, direct language with clipped consonants and a focus on practicality and survival in the barren, often unforgiving landscapes.",Canon,Original wording preserved.,,,,Approved,
CC-V3-0018,"Volume 3: Culture, Context, and Advanced Expression",Language Use Across the Nations of Ohnosha > Updated Regional Summary Table,24-25,Updated Regional Summary Table,Regional ceremonial terms,"Pelagae / Drenvokesh, Eshlorien / Water Unity, Wave Naming
Verdalris / Terrashaneth, Velpralim / Earth Blessing, Wisdom Transfer
Zarithan / Kreztharim, Zhivokesh / Fire Heart, Bond Renewal
Mechuma / Dralshaneth, Zhirelorim / Heaven's Blessing, Cosmic Coming-of-Age
Valkeldor / Morlatharim, Velmarineth / Stone Heart, Elder's Blessing
Nivveil / Velthaelvok, Eshvelaneth / Winter Unity, Snowstorm Guidance
Jasara / Drenkorath, Shalorveth, Velterim / Oasis Blessing, Shadowlight, Desert Passage
Marakor / Krezmorath, Tharvelim, Kalorinath / Fire Bond, Mountain Ancestor, Fortress Bonding",Canon,Source table flattened into line-separated rows for CSV.,,,,Approved,
CC-V3-0019,"Volume 3: Culture, Context, and Advanced Expression",Slurs for each of the eight nations,25,Slurs Context Note,Interregional tensions and stereotypes,"Below is a summary chart that lists the proposed slurs along with their meanings and a brief note on context. These words are designed to reflect interregional tensions and stereotypes within your world, while remaining consistent with Celan's thematic style.",Canon,Original wording preserved.,,,PT-V3-0017,Source Ambiguity,source ambiguity
CC-V3-0020,"Volume 3: Culture, Context, and Advanced Expression",Numbering System and Basic Math in Celan,29,Numbering System and Basic Math Overview,Numbering and math,The Celan language features a logical and harmonious numeric system that allows for both simple counting and complex mathematical expressions. This guide outlines the numbering system and introduces basic arithmetic concepts such as addition and subtraction.,Canon,Original wording preserved.,,,,Approved,
CC-V3-0021,"Volume 3: Culture, Context, and Advanced Expression",Numbering System and Basic Math in Celan > Summary,31,Numbering and Basic Math Summary,Numbering and math,"Celan's numeric system is intuitive and poetic, built on prefixes like Ten- (tens), Hek- (hundreds), Mel- (thousands), and Fen- (tens of thousands). Arithmetic operations such as addition and subtraction are expressed through additive constructions and the marker Ven placed between number expressions, ensuring clarity and harmony in mathematical communication. This structure not only supports practical counting but also reflects the cultural values of precision and balance inherent in Celan.",Canon,Corrected to match the actual subtraction pattern used elsewhere in the canon data.,,,,Approved,
CC-V3-0022,"Volume 3: Culture, Context, and Advanced Expression",Conclusion > Mastering Celan,32,Mastering Celan,Conclusion,"To master Celan, learners must engage with both its practical grammatical structure and its deep, symbolic ties to Ohnosha's natural and mystical elements. This guide provides a comprehensive framework covering phonetics, grammar, vocabulary, and cultural usage. By following these principles, you can effectively communicate in Celan, whether in casual conversations, formal discourse, or scholarly endeavors.",Canon,Original wording preserved.,,,,Approved,
CC-V3-0023,"Volume 3: Culture, Context, and Advanced Expression",Conclusion > Next Steps,32,Next Steps,Conclusion,"● Practice: Use sample sentences and phrases to build fluency.
● Expand Vocabulary: Refer to the Celan Word List and appendices to learn more words.
● Engage with Culture: Understand how Celan is used across Ohnosha's nations to appreciate its contextual nuances.
Embark on your journey to learn Celan and unlock the ancient wisdom and harmonious balance that this language embodies.",Canon,Bullet structure preserved.,,,,Approved,
CC-V4-0001,"Volume 4: Expansion, Tangible Lexicon, Modality, and National Speech",Table of Contents: Volume 4 > Volume Description,1,Volume 4 Description,Official expansion / living document,"This volume serves as the first official expansion to the core Celan language guide. It addresses key linguistic blindspots and provides the necessary vocabulary and grammatical systems to facilitate more grounded, naturalistic, and culturally nuanced storytelling. It details the development of a mundane lexicon for tangible reality, a system for adjectival derivation, advanced grammatical tools for modality, and a practical guide to expressing the distinct cultural voices of Ohnosha's nations. This is a living document, intended to be the foundation for future linguistic growth.",Canon,Original wording preserved.,,,,Approved,
CC-V4-0002,"Volume 4: Expansion, Tangible Lexicon, Modality, and National Speech",Systemic Expansion > Section 2.1: The Adjectival Suffix -eth > Cultural Note,2-3,The In-World Connection,Ohnoshan worldview / morphology,"For a native Celan speaker, these two functions are not contradictory but are seen as natural extensions of the same principle. The mundane quality of being Moreth (hard, ""earth-like"") is a physical reflection of the same essential principle honored in the sacred Aen'Moreth (the ritual of speaking to the earth).",Canon,Original wording preserved.,,,,Approved,
CC-V4-0003,"Volume 4: Expansion, Tangible Lexicon, Modality, and National Speech",Systemic Expansion > Section 2.2: Subjunctive Mood > Cultural Note,3,Subjunctive Cultural Note,Poetic and ceremonial Celan,"The subjunctive mood is the heart of poetic and ceremonial Celan. Verdalrisians use it frequently in blessings, and it adds a layer of grace and formality to all speech.",Canon,Original wording preserved.,,,,Approved,
CC-V4-0004,"Volume 4: Expansion, Tangible Lexicon, Modality, and National Speech",Systemic Expansion > Section 2.3: Passive Voice > Cultural Note,4,Passive Voice Cultural Note,Mythic/formal/evasive usage,"This structure is deeply philosophical. It is common in myths, prophecies, and formal histories where events are presented as having unfolded by the hand of fate. It can also be used by officials to be deliberately evasive, attributing an action to the impersonal ""flow of time"" rather than a specific person.",Canon,Original wording preserved.,,,,Approved,
CC-V4-0005,"Volume 4: Expansion, Tangible Lexicon, Modality, and National Speech",Systemic Expansion > Section 2.4: Advanced Pronouns > Cultural Notes,4-5,Advanced Pronouns Cultural Notes,Dual and clusivity,"The dual is used frequently between close partners, spouses (Kalvok), or warriors sworn to each other. Clusivity is a powerful tool for establishing social boundaries. Imen is used by officials, military units, and families to create a clear ""us vs. them"" distinction.",Canon,Original wording preserved.,,,,Approved,
CC-V4-0006,"Volume 4: Expansion, Tangible Lexicon, Modality, and National Speech",The Living Lexicon > Section 3.10: A System of Measurement,15,Measurement System Overview,Measurement,"The system is designed to be intuitive, grounded in natural or physical benchmarks that would be commonly understood across diverse cultures. In written form, compound words are presented as single units.",Canon,Original wording preserved.,,,,Approved,
CC-V4-0007,"Volume 4: Expansion, Tangible Lexicon, Modality, and National Speech","Section 3.11: Expanded Interjections, Oaths, & Expressions",17,Expanded Interjections Context,Culturally specific expressions,This section expands upon the basic interjections listed in Volume 2 to provide more culturally specific expressions. These phrases are crucial for creating authentic character voices and reflecting the diverse vernaculars of Ohnosha.,Canon,Original wording preserved.,,,,Approved,
CC-V4-0008,"Volume 4: Expansion, Tangible Lexicon, Modality, and National Speech",Section 3.12: The Fluidity of Meaning: Polysemy and Context in Celan,19,Polysemy and Context Overview,Polysemy / linguistic philosophy,"Celan, the universal language of Ohnosha, is not a language of rigid, single-use words. It reflects the dynamic and interconnected nature of the Ohnoshan worldview, where a single core concept can manifest in multiple ways. Many words and roots serve different grammatical functions or carry related shades of meaning, which are made clear through context and Celan's VSO structure.",Canon,Original wording preserved.,,,,Approved,
CC-V4-0009,"Volume 4: Expansion, Tangible Lexicon, Modality, and National Speech",Section 4.1: Introduction to National Vernaculars,25,Introduction to National Vernaculars,National speech / cultural voice,"While Celan serves as the universal tongue of Ohnosha, its application is not monolithic. Generations of use by peoples with diverse histories, environments, and philosophies have given rise to distinct vernaculars, or ""cultural voices."" These are not separate dialects with unique grammar, but rather unique and consistent patterns of vocabulary choice, metaphor, sentence structure, and pragmatic usage that reflect the core values of each nation.",Canon,Original wording preserved.,,,,Approved,
CC-V4-0010,"Volume 4: Expansion, Tangible Lexicon, Modality, and National Speech",Section 4.2: Comparative Dialogue Exercise: The Meeting in the Market,26,Comparative Dialogue Scenario,National speech / comparative dialogue,Scenario: Two friends meet in a neutral market. Speaker A asks Speaker B where they are going. Speaker B responds that they are heading to get a drink because they are thirsty.,Canon,Original wording preserved.,,,,Approved,
CC-V4-0011,"Volume 4: Expansion, Tangible Lexicon, Modality, and National Speech",Section 4.2: Comparative Dialogue Exercise > Zarithan,26-29,Zarithan,National vernacular / cultural lens,"Life in the barren deserts has made the Zarithan people practical, direct, and focused on survival.",Canon,Original wording preserved.,,,,Approved,
CC-V4-0012,"Volume 4: Expansion, Tangible Lexicon, Modality, and National Speech",Section 4.2: Comparative Dialogue Exercise > Verdalrisian,26-29,Verdalrisian,National vernacular / cultural lens,"Deeply connected to the living world, Verdalrisians are lyrical, patient, and speak with natural metaphors.",Canon,Original wording preserved.,,,,Approved,
CC-V4-0013,"Volume 4: Expansion, Tangible Lexicon, Modality, and National Speech",Section 4.2: Comparative Dialogue Exercise > Mechuman,26-29,Mechuman,National vernacular / cultural lens,"Mechumans value efficiency, logic, and purpose.",Canon,Original wording preserved.,,,,Approved,
CC-V4-0014,"Volume 4: Expansion, Tangible Lexicon, Modality, and National Speech",Section 4.2: Comparative Dialogue Exercise > Pelagaean,26-29,Pelagaean,National vernacular / cultural lens,"Fluid, communal, and poetic, the Pelagaean vernacular is filled with metaphors of water, tides, and flow.",Canon,Original wording preserved.,,,,Approved,
CC-V4-0015,"Volume 4: Expansion, Tangible Lexicon, Modality, and National Speech",Section 4.2: Comparative Dialogue Exercise > Valkeldorian,26-29,Valkeldorian,National vernacular / cultural lens,"Their language is strong, resolute, and grounded in stone, mountains, strength, and resilience.",Canon,Original wording preserved.,,,,Approved,
CC-V4-0016,"Volume 4: Expansion, Tangible Lexicon, Modality, and National Speech",Section 4.2: Comparative Dialogue Exercise > Nivveilian,26-29,Nivveilian,National vernacular / cultural lens,"Reserved, patient, and stoic; often understated, emphasizing endurance.",Canon,Original wording preserved.,,,,Approved,
CC-V4-0017,"Volume 4: Expansion, Tangible Lexicon, Modality, and National Speech",Section 4.2: Comparative Dialogue Exercise > Jasaran,26-29,Jasaran,National vernacular / cultural lens,A unique blend of Zarithan practicality and mysticism focused on water and balance.,Canon,Original wording preserved.,,,,Approved,
CC-V4-0018,"Volume 4: Expansion, Tangible Lexicon, Modality, and National Speech",Section 4.2: Comparative Dialogue Exercise > Marakorian,26-29,Marakorian,National vernacular / cultural lens,"Similar to Valkeldor but with stronger emphasis on discipline, order, and formality.",Canon,Original wording preserved.,,,,Approved,
CC-S1-0001,Supplement 1: The Rule of Euphony and Historical Variance,Section 5:1: Advanced Phonology - The Rule of Euphony and Historical Variance,1,Supplement 1 Source Framing,Supplemental canon source,"While the foundational phonetics of Celan are detailed in Volume 1, a deeper understanding of the language reveals a sophisticated, aesthetic-driven principle known as the Rule of Euphony (""good sound"").",Canon,User-designated source name used as canonical source_volume. PDF metadata/TOC mismatch tracked separately.,GR-S1-0001; PT-S1-0001,source ambiguity,PT-S1-0001,Source Ambiguity,source ambiguity
CC-S1-0002,Supplement 1: The Rule of Euphony and Historical Variance,The Rule of Euphony: A National Brief,3,National Brief Overview,Cultural voice / advanced phonology,"These are not rigid laws, but strong cultural tendencies that define their unique ""Cultural Voice.""",Canon,Current naming applied: Ohnosha.,GR-S1-0005; CC-V4-0009; PT-V4-0011,expansion,PT-S1-0002; PT-S1-0006,Needs Human Review,possible overlap with earlier rule
CC-S1-0003,Supplement 1: The Rule of Euphony and Historical Variance,The Rule of Euphony: A National Brief > Zarithan,3,Zarithan Euphony Preference,National cultural voice / euphony,"Approach: Pragmatic & Guttural. Brief: The Zarithan care about clarity and efficiency above all else. They will use a euphonic vowel only when a consonant cluster is nearly impossible to pronounce (th-th). Example Preference: Krezthal (harsh), Belshara (standard).",Canon,Original national brief wording condensed only by preserving labeled fields in one row.,GR-S1-0005; CC-S1-0002; CC-V4-0009,expansion,PT-S1-0006,Needs Human Review,possible overlap with earlier rule
CC-S1-0004,Supplement 1: The Rule of Euphony and Historical Variance,The Rule of Euphony: A National Brief > Mechuman,3-4,Mechuman Euphony Preference,National cultural voice / euphony,"Approach: Systematic & Standardized. Brief: The Mechuman apply the Rule of Euphony as it is written in the official guides, with absolute consistency. Example Preference: Morlathar (correct), Belshara (standard).",Canon,Original national brief wording condensed only by preserving labeled fields in one row.,GR-S1-0005; CC-S1-0002; CC-V4-0009,expansion,PT-S1-0006,Needs Human Review,possible overlap with earlier rule
CC-S1-0005,Supplement 1: The Rule of Euphony and Historical Variance,The Rule of Euphony: A National Brief > Valkeldorian,4,Valkeldorian Euphony Preference,National cultural voice / euphony,"Approach: Conservative & Harsh. Brief: The Valkeldorian actively prefer the harder, non-euphonic forms. Example Preference: Krezthal (preferred), Belshara (preferred).",Canon,Original national brief wording condensed only by preserving labeled fields in one row.,GR-S1-0005; CC-S1-0002; CC-V4-0009,expansion,PT-S1-0006,Needs Human Review,possible overlap with earlier rule
CC-S1-0006,Supplement 1: The Rule of Euphony and Historical Variance,The Rule of Euphony: A National Brief > Marakorian,4,Marakorian Euphony Preference,National cultural voice / euphony,"Approach: Formal & Archaic. Brief: The Marakorian have a deep reverence for tradition. Example Preference: Belthal (archaic), Belashara (formal/poetic).",Canon,Original national brief wording condensed only by preserving labeled fields in one row.,GR-S1-0005; CC-S1-0002; CC-V4-0009,expansion,PT-S1-0006,Needs Human Review,possible overlap with earlier rule
CC-S1-0007,Supplement 1: The Rule of Euphony and Historical Variance,The Rule of Euphony: A National Brief > Pelagaean,4,Pelagaean Euphony Preference,National cultural voice / euphony,"Approach: Fluid & Melodic. Brief: The Pelagaean value flow (shalil) in all things, especially speech. Example Preference: Krezathal (preferred), Belashara (preferred).",Canon,Original national brief wording condensed only by preserving labeled fields in one row.,GR-S1-0005; CC-S1-0002; CC-V4-0009,expansion,PT-S1-0006,Needs Human Review,possible overlap with earlier rule
CC-S1-0008,Supplement 1: The Rule of Euphony and Historical Variance,The Rule of Euphony: A National Brief > Verdalrisian,4-5,Verdalrisian Euphony Preference,National cultural voice / euphony,"Approach: Poetic & Harmonious. Brief: Similar to the Pelagaean, the Verdalrisian prize beauty in speech. They are the most likely to use Advanced Euphony (Vowel Harmony). Example Preference: Belashara (preferred), and they would be the ones to say Vokonor.",Canon,Original national brief wording condensed only by preserving labeled fields in one row.,GR-S1-0005; CC-S1-0002; CC-V4-0009,expansion,PT-S1-0006,Needs Human Review,possible overlap with earlier rule
CC-S1-0009,Supplement 1: The Rule of Euphony and Historical Variance,The Rule of Euphony: A National Brief > Nivveilian,5,Nivveilian Euphony Preference,National cultural voice / euphony,"Approach: Patient & Minimalist. Brief: The Nivveilian are people of few words, and they make every sound count. Example Preference: Morlathar (correct), Belshara (standard).",Canon,Original national brief wording condensed only by preserving labeled fields in one row.,GR-S1-0005; CC-S1-0002; CC-V4-0009,expansion,PT-S1-0006,Needs Human Review,possible overlap with earlier rule
CC-S1-0010,Supplement 1: The Rule of Euphony and Historical Variance,The Rule of Euphony: A National Brief > Jasaran,5,Jasaran Euphony Preference,National cultural voice / euphony,"Approach: Balanced & Elegant. Brief: The Jasaran see balance in all things, including phonetics. Example Preference: Morlathar (correct), Krezathal (balanced), Belshara (standard).",Canon,Original national brief wording condensed only by preserving labeled fields in one row.,GR-S1-0005; CC-S1-0002; CC-V4-0009,expansion,PT-S1-0006,Needs Human Review,possible overlap with earlier rule
CC-S2-0001,Supplement 2: Ohnosha Nations and Cultures 3.0,Document Overview,1,Ohnosha Nations and Cultures Source Framing,Supplemental world/culture canon,"This document provides an in-depth analysis of the 8 diverse nations of Ohnosha, focusing on their cultural identities, internal conflicts, and relationships with other nations.",Canon,"User-approved treatment: supplemental culture context, not a replacement for language volumes.",CC-V4-0009; CC-S1-0002,related usage,,Approved,
CC-S2-0002,Supplement 2: Ohnosha Nations and Cultures 3.0,Document Overview,1,Supplement 2 Language-Context Role,World context for national language nuance,"It explores each nation's government, societal structures, key spiritual and mystical practices, and how they interact with the broader world following the Day One event.",Canon,"Language implication metadata only: this source informs national voice, metaphor, ritual register, and cultural nuance. It does not create grammar rules by itself.",CC-V4-0009; PT-V4-0011; CC-S1-0002,expansion,PT-S2-0001,Needs Human Review,contextual meaning overlap
CC-S2-0003,Supplement 2: Ohnosha Nations and Cultures 3.0,Valkeldor Profile,1-6,Valkeldor: The Stronghold of Resilience and Tradition,Valkeldor culture/context,"Valkeldor stands as a testament to resilience, strength, and unyielding tradition.",Canon,Original wording excerpt preserved.,CC-S1-0005; CC-V4-0015; PT-S1-0006,related usage,PT-S2-0003,Approved,
CC-S2-0004,Supplement 2: Ohnosha Nations and Cultures 3.0,Valkeldor Profile > Language Nuance Implications,1-6,Valkeldor Language Nuance Context,Valkeldor national voice support,Strength Through Unity; Calm Confidence; Connection to the Land; martial discipline and community spirit.,Canon,"Language implication metadata only: supports direct, resilient, strength-oriented national voice and harder euphony preferences in Supplement 1.",CC-S1-0005; CC-V4-0015; PT-S1-0006,expansion,PT-S2-0003,Needs Human Review,contextual meaning overlap
CC-S2-0005,Supplement 2: Ohnosha Nations and Cultures 3.0,Nivveil Profile,7-10,Nivveil Cultural Profile,Nivveil culture/context,"In Nivveil, survival is a shared responsibility, and the strength of the community is paramount.",Canon,Original wording excerpt preserved.,CC-S1-0009; CC-V4-0016; PT-S1-0006,related usage,PT-S2-0005,Approved,
CC-S2-0006,Supplement 2: Ohnosha Nations and Cultures 3.0,Nivveil Profile > Language Nuance Implications,7-10,Nivveil Language Nuance Context,Nivveil national voice support,Heart of Terra; winter spirits; communal survival; internal harmony; preservation vs. progress.,Canon,"Language implication metadata only: supports sparse, patient, stoic, endurance-oriented national voice.",CC-S1-0009; CC-V4-0016; PT-S1-0006,expansion,PT-S2-0005,Needs Human Review,contextual meaning overlap
CC-S2-0007,Supplement 2: Ohnosha Nations and Cultures 3.0,Verdalris Profile,10-13,Verdalris: The Kingdom of Living Mysticism,Verdalris culture/context,"Verdalris is more than just a kingdom—it is an experience, a living dialogue between humankind and the natural world.",Canon,Original wording excerpt preserved.,CC-S1-0008; CC-V4-0012; PT-S1-0006,related usage,,Approved,
CC-S2-0008,Supplement 2: Ohnosha Nations and Cultures 3.0,Verdalris Profile > Language Nuance Implications,10-13,Verdalris Language Nuance Context,Verdalris national voice support,"Heart of Terra; rituals; music, dance, and storytelling; artisanship with magic; stewardship of nature.",Canon,"Language implication metadata only: supports lyrical, nature-rooted, poetic, harmony-seeking national voice and advanced euphony/vowel harmony.",CC-S1-0008; CC-V4-0012; PT-S1-0006,expansion,PT-S2-0001,Needs Human Review,contextual meaning overlap
CC-S2-0009,Supplement 2: Ohnosha Nations and Cultures 3.0,Mechuma Profile,13-18,Mechuma: The City of Innovation and Progress,Mechuma culture/context,Mechuma stands as a beacon of technological advancement and magical innovation.,Canon,Original wording excerpt preserved.,CC-S1-0004; CC-V4-0013; PT-S1-0006,related usage,PT-S2-0002; PT-S2-0005,Approved,
CC-S2-0010,Supplement 2: Ohnosha Nations and Cultures 3.0,Mechuma Profile > Language Nuance Implications,13-18,Mechuma Language Nuance Context,Mechuma national voice support,Grand Council; progress as evolution; harmony between magic and technology; innovation for survival.,Canon,"Language implication metadata only: supports precise, systematic, technical, purpose-driven national voice.",CC-S1-0004; CC-V4-0013; PT-S1-0006,expansion,PT-S2-0002; PT-S2-0005,Needs Human Review,contextual meaning overlap
CC-S2-0011,Supplement 2: Ohnosha Nations and Cultures 3.0,Marakor Profile,19-23,Marakor Cultural Profile,Marakor culture/context,"Marakor stands as a bastion of discipline, knowledge, and strength in Ohnosha.",Canon,Original wording excerpt preserved.,CC-S1-0006; CC-V4-0018; PT-S1-0006,related usage,,Approved,
CC-S2-0012,Supplement 2: Ohnosha Nations and Cultures 3.0,Marakor Profile > Language Nuance Implications,19-23,Marakor Language Nuance Context,Marakor national voice support,Discipline and strength; preservation of knowledge; order; tradition and innovation; centralized authority.,Canon,"Language implication metadata only: supports formal, disciplined, archaic, order-focused national voice.",CC-S1-0006; CC-V4-0018; PT-S1-0006,expansion,PT-S2-0001,Needs Human Review,contextual meaning overlap
CC-S2-0013,Supplement 2: Ohnosha Nations and Cultures 3.0,Pelagae Profile,23-28,Pelagae Cultural Profile,Pelagae culture/context,Pelagae stands as a beacon of harmony between nature and human ingenuity.,Canon,Original wording excerpt preserved.,CC-S1-0007; CC-V4-0014; PT-S1-0006,related usage,PT-S2-0004; PT-S2-0005,Approved,
CC-S2-0014,Supplement 2: Ohnosha Nations and Cultures 3.0,Pelagae Profile > Language Nuance Implications,23-28,Pelagae Language Nuance Context,Pelagae national voice support,Balance and Flow; ocean reverence; aquatic technology and magic; maritime identity; preservation vs. progress.,Canon,"Language implication metadata only: supports fluid, melodic, oceanic, flow-oriented national voice.",CC-S1-0007; CC-V4-0014; PT-S1-0006,expansion,PT-S2-0004; PT-S2-0005,Needs Human Review,contextual meaning overlap
CC-S2-0015,Supplement 2: Ohnosha Nations and Cultures 3.0,Jasara Profile,28-34,Jasara: The Desert Oasis Nurtured by Eshara,Jasara culture/context,Jasara thrives in the unforgiving desert through a deep respect for water and meticulous conservation practices.,Canon,Original wording excerpt preserved.,CC-S1-0010; CC-V4-0017; PT-S1-0006,related usage,PT-S2-0004,Approved,
CC-S2-0016,Supplement 2: Ohnosha Nations and Cultures 3.0,Jasara Profile > Language Nuance Implications,28-34,Jasara Language Nuance Context,Jasara national voice support,Spring of Life; Council of Elders; water as sacred gift; conservation; balance; control vs. liberty.,Canon,"Language implication metadata only: supports elegant, balanced, water-centered, formal national voice.",CC-S1-0010; CC-V4-0017; PT-S1-0006,expansion,PT-S2-0004,Needs Human Review,contextual meaning overlap
CC-S2-0017,Supplement 2: Ohnosha Nations and Cultures 3.0,Zarithan Profile,35-42,Zarithan: Embracing the Nomadic Spirit in a Shifting World,Zarithan culture/context,Zarithans live by ancient customs and survival skills.,Canon,Original wording excerpt preserved.,CC-S1-0003; CC-V4-0011; PT-S1-0006,related usage,PT-S2-0004,Approved,
CC-S2-0018,Supplement 2: Ohnosha Nations and Cultures 3.0,Zarithan Profile > Language Nuance Implications,35-42,Zarithan Language Nuance Context,Zarithan national voice support,Survival through freedom; path of sky and sand; adapt or perish; independence as sacred; nomadic spirituality.,Canon,"Language implication metadata only: supports pragmatic, direct, survival-oriented, guttural national voice.",CC-S1-0003; CC-V4-0011; PT-S1-0006,expansion,PT-S2-0004,Needs Human Review,contextual meaning overlap
CC-S2-0019,Supplement 2: Ohnosha Nations and Cultures 3.0,Top 5 Jobs in each nation > Jasara,43,Jasara Occupation Context,Jasara occupations / cultural roles,"A society rooted in desert elegance, storytelling, and opulence. Water Steward; Storykeeper; Textile Artisan; Spice Merchant; Council Elder.",Canon,Job titles preserved as culture/context only; not converted to Celan lexicon rows. Later lexicon extraction would require Celan terms or explicit user approval.,CC-S2-0018,related usage,,Approved,
CC-S2-0020,Supplement 2: Ohnosha Nations and Cultures 3.0,Top 5 Jobs in each nation > Zarithan,43,Zarithan Occupation Context,Zarithan occupations / cultural roles,"Nomadic and resourceful, living in harmony with the harsh desert. Pathfinder; Tinker; Herbalist; Sand Shepherd; Cultural Guide.",Canon,Job titles preserved as culture/context only; not converted to Celan lexicon rows. Later lexicon extraction would require Celan terms or explicit user approval.,CC-S2-0018,related usage,,Approved,
CC-S2-0021,Supplement 2: Ohnosha Nations and Cultures 3.0,Top 5 Jobs in each nation > Valkeldor,43-44,Valkeldor Occupation Context,Valkeldor occupations / cultural roles,Futuristic-bohemian with a focus on resilience and Afro-futurism. Tech-Tailor; Energy Architect; Cultural Vanguard; Combat Innovator; Mountaineer Courier.,Canon,Job titles preserved as culture/context only; not converted to Celan lexicon rows. Later lexicon extraction would require Celan terms or explicit user approval.,CC-S2-0004,related usage,,Approved,
CC-S2-0022,Supplement 2: Ohnosha Nations and Cultures 3.0,Top 5 Jobs in each nation > Verdalris,44,Verdalris Occupation Context,Verdalris occupations / cultural roles,"Nature-bound and mystical, with a focus on harmony and magic. Forest Alchemist; Tree Shaper; Mystic Weaver; Guardian of the Glade; Songkeeper.",Canon,Job titles preserved as culture/context only; not converted to Celan lexicon rows. Later lexicon extraction would require Celan terms or explicit user approval.,CC-S2-0008,related usage,,Approved,
CC-S2-0023,Supplement 2: Ohnosha Nations and Cultures 3.0,Top 5 Jobs in each nation > Nivveil,44,Nivveil Occupation Context,Nivveil occupations / cultural roles,"Resilient and elegant, thriving in icy, challenging terrains. Ice Sculptor; Frostbinder; Snow Forager; Clothier of the Furred; Aurora Guide.",Canon,Job titles preserved as culture/context only; not converted to Celan lexicon rows. Later lexicon extraction would require Celan terms or explicit user approval.,CC-S2-0006,related usage,,Approved,
CC-S2-0024,Supplement 2: Ohnosha Nations and Cultures 3.0,Top 5 Jobs in each nation > Pelagae,44-45,Pelagae Occupation Context,Pelagae occupations / cultural roles,"Ethereal and underwater, blending bioluminescence with aquatic mysticism. Light Artisan; Wavecaller; Hydro-engineer; Current Weaver; Pearl Forager.",Canon,Job titles preserved as culture/context only; not converted to Celan lexicon rows. Later lexicon extraction would require Celan terms or explicit user approval.,CC-S2-0016,related usage,,Approved,
CC-S2-0025,Supplement 2: Ohnosha Nations and Cultures 3.0,Top 5 Jobs in each nation > Mechuma,45,Mechuma Occupation Context,Mechuma occupations / cultural roles,"Advanced and harmonious, blending technology and magic seamlessly. H.A.R.T. Engineer; Fusion Crafter; Tech Orator; Energy Artisan; City Synthesist.",Canon,Job titles preserved as culture/context only; not converted to Celan lexicon rows. Later lexicon extraction would require Celan terms or explicit user approval.,CC-S2-0012,related usage,,Approved,
CC-S2-0026,Supplement 2: Ohnosha Nations and Cultures 3.0,Top 5 Jobs in each nation > Marakor,45,Marakor Occupation Context,Marakor occupations / cultural roles,"Structured and disciplined, with an emphasis on order and refinement. Ceremonial Smith; Code Enforcer; Ritual Planner; Philosopher-Scholar; Battle Strategist.",Canon,Job titles preserved as culture/context only; not converted to Celan lexicon rows. Later lexicon extraction would require Celan terms or explicit user approval.,CC-S2-0014,related usage,,Approved,
CC-S3-0001,Supplement 3: The Conceptual Lexicon,Introduction: The Soul of the Roots,1,The Soul of the Roots,Conceptual lexicon source framing,"This lexicon is the highest authority on the metaphorical, philosophical, and connotative meaning of Celan's core concepts. It serves as the primary reference for all advanced linguistic analysis and transcreation.",Canon,Preserved as Supplement 3 source framing. It does not overwrite prior entries; it adds conceptual interpretation metadata.,RM-S3-0001; RM-S3-0027,expansion,PT-S3-0001,Needs Human Review,source authority framing
CC-S3-0002,Supplement 3: The Conceptual Lexicon,"Part 2: The Elemental Pillars > Clarification on Terra vs. Ohnosha",5-6,Terra / terra / Ohnosha clarification,World-name and capitalization context,"Ohnosha is the current world name. The word Terra is the Celan world term, carrying deeper philosophical meaning.",Canon,Current naming applied: Ohnosha is the current world name; Terra is the Celan world/sacred term; terra is physical land/ground.,LX-V2-0001; LX-V2-0073; LX-V4-0108; RM-S3-0007; PT-S1-0002,source ambiguity,PT-S3-0002; PT-S3-0003,Source Ambiguity,legacy naming clarification
CC-S3-0003,Supplement 3: The Conceptual Lexicon,"Part 2: The Elemental Pillars > Clarification on Terra vs. Ohnosha > Why This Matters for the App",6,Translation context for Terra,Translation/context guidance,The AI must understand this distinction to translate correctly.,Canon,"Preserves source translation guidance, with current project naming policy applied only in notes and tension tracking.",CC-S3-0002; LX-V4-0108,related usage,PT-S3-0003,Needs Human Review,source ambiguity
CC-S3-0004,Supplement 3: The Conceptual Lexicon,Part 3: The Metaphysical Concepts > Entry 3.5: The Root Rin- (Essence),9,Rin and identity basis,Identity/cultural metaphysics,"The concept of identity (Kadren, Azan, Thee) is based on one's Rin, not their body.",Canon,Important context for earlier gendered/neutral identity terms. Preserved as refinement; no identity rows changed.,RM-S3-0012; CC-V1-0003; CC-V1-0004,refinement,PT-S3-0004,Needs Human Review,identity concept refinement
CC-S4A-0001,Supplement 4A: VSO Cultural Notes,The Heart of Action: How Celan's VSO Structure Reflects Ohnoshan Worldview,text,The Heart of Action,VSO cultural philosophy,"The grammatical structure of a language is more than a set of rules; it is often a subtle mirror reflecting the core values, perspectives, and ways of being of its speakers.",Canon,"Supplement 4A frames VSO as action-first, relational, and worldview-reflective.",GR-S4A-0001; GR-V1-0004; CC-V4-0008,refinement,PT-S4A-0001,Approved,
CC-S4A-0002,Supplement 4A: VSO Cultural Notes,"De-emphasizing the ""Self"" as the Sole Initiator",text,Participant self in unfolding action,Ohnoshan worldview / syntax,"While the subject is crucial in Celan, its placement after the verb suggests that the individual is often perceived as a participant within an unfolding action or state, rather than always being the primary, standalone initiator.",Canon,Cultural interpretation preserved as supplement text.,CC-V1-0003; RM-S3-0016; RM-S3-0023,refinement,PT-S4A-0001,Approved,
CC-S4A-0003,Supplement 4A: VSO Cultural Notes,Conclusion: Celan as a Reflection of Ohnosha,text,Meaning found first in the verb,Ohnoshan worldview / syntax,"It underscores that in Ohnosha, meaning is often found first in the verb – in the doing, the being, and the becoming.",Canon,Conclusion preserved as cultural syntax philosophy.,GR-S4A-0001; RM-S3-0018,refinement,PT-S4A-0001,Approved,
CC-S4B-0001,Supplement 4B: Celan Capitalization Rules,The Rules of Celan Capitalization,text,Capitalization as semantic weight,Orthography philosophy,"In Celan, capitalization is not used for the beginning of sentences or for all proper nouns as it is in English. Instead, it is used semantically to denote concepts of primacy, sanctity, or archetypal significance.",Canon,Supplemental orthography philosophy. Existing source capitalization preserved; not applied retroactively.,GR-S4B-0001; GR-S4B-0002; GR-S4B-0003; GR-S4B-0004; GR-S4B-0005,expansion,PT-S4B-0001,Needs Human Review,orthography overlap
