expression_id,celan_expression,pronunciation,natural_meaning,literal_meaning,expression_type,register,origin_nation,social_context,tone_or_risk,source_entry_ids,dictionary_headwords,canon_status,review_status,review_reason,approval_batch,notes
EX-LC1A-0001,Kel La ser mura.,/kehl lah sehr moo-rah/,To speak evasively or use many words without giving a usable answer.,They speak with smoke.,Idiom,"Elevated; literary; ceremonial",,"Public rhetoric; serious counsel; private confrontation",Can accuse a speaker of deliberate evasion.,,"Kel; La; Ser; Mura",Canon,Approved,,Living Celan 1A,Approved expression; creates no new dictionary headword.
EX-LC1A-0002,Vekaen La dren kaveth.,/veh-kah-ehn lah dren kah-vehth/,To revive an old grievance or keep carrying an emotional burden after its cause has passed.,They carry old water.,Idiom,"Elevated; literary; ceremonial",,"Serious counsel; reconciliation; remembered disputes",Criticizes continued carrying rather than memory itself.,,"Vekaen; La; Dren; Kaveth",Canon,Approved,,Living Celan 1A,Approved expression; creates no new dictionary headword.
EX-LC1A-0003,Shen La mura.,/shehn lah moo-rah/,To spend precision or argument on something too insubstantial to support it.,They measure smoke.,Idiom,"Elevated; literary; ceremonial",,"Public debate; technical criticism; serious counsel",Criticizes false precision rather than careful measurement.,,"Shen; La; Mura",Canon,Approved,,Living Celan 1A,Approved expression; creates no new dictionary headword.
EX-LC1A-0004,Dor La morl an shara.,/dohr lah mohrl ahn shah-rah/,To create a deliberate and avoidable obstruction.,They put a stone on the path.,Idiom,"Elevated; literary; ceremonial",,"Public rhetoric; institutional criticism; serious counsel",Implies that the obstruction was chosen.,,"Dor; La; Morl; Shara",Canon,Approved,,Living Celan 1A,Approved expression; creates no new dictionary headword.
EX-LC1A-0005,Rav La zhir.,/rahv lah zheer/,To pursue a cause or hidden connection until more becomes visible.,They pull the thread.,Idiom,"Elevated; literary; ceremonial",,"Investigation; testimony; serious inquiry",Can invite continued inquiry without claiming the conclusion is known.,,"Rav; La; Zhir",Canon,Approved,,Living Celan 1A,Approved expression; creates no new dictionary headword.
EX-LC1A-0006,Kes La veth.,/kehs lah vehth/,To suspect an unstated factor without yet claiming proof.,They notice a shadow.,Idiom,"Elevated; literary; ceremonial",,"Investigation; guarded conversation; warning",Suspicion is not proof of deception or guilt.,,"Kes; La; Veth",Canon,Approved,,Living Celan 1A,Approved expression; creates no new dictionary headword.
EX-LC1A-0007,Tal La krez an mura.,/tahl lah krehz ahn moo-rah/,To intensify a rumor panic or weak claim by reacting dramatically to it.,They give fire to smoke.,Idiom,"Elevated; literary; ceremonial",,"Public rhetoric; rumor control; serious rebuke",Warns against escalation without making fire morally negative.,,"Tal; La; Krez; Mura",Canon,Approved,,Living Celan 1A,Approved expression; creates no new dictionary headword.
EX-LC1A-0008,Bel La veth.,/behl lah vehth/,To attempt to control what is still undefined hidden or unknowable.,They bind a shadow.,Idiom,"Elevated; literary; ceremonial",,"Law; planning; serious counsel",Criticizes premature control rather than all precaution.,,"Bel; La; Veth",Canon,Approved,,Living Celan 1A,Approved expression; creates no new dictionary headword.
EX-LC1A-0009,Rinaen krez ka phel.,/ree-nah-ehn krehz kah phehl/,Something is intense or impressive but offers no care usefulness or sustaining value.,The fire exists without warmth.,Idiom,"Elevated; literary; ceremonial",,"Leadership; spectacle; public criticism",Can criticize force without calling intensity itself evil.,,"Rinaen; Krez; Ka; Phel",Canon,Approved,,Living Celan 1A,Approved expression; creates no new dictionary headword.
EX-LC1A-0010,Rinaen esh an kel.,/ree-nah-ehn ehsh ahn kehl/,The speech is grand or ambitious but insufficiently grounded.,There is sky in the words.,Idiom,"Elevated; literary; ceremonial",,"Public rhetoric; planning; literary criticism",Can praise ambition in neutral context; criticism depends on missing support.,,"Rinaen; Esh; Kel",Canon,Approved,,Living Celan 1A,Approved expression; creates no new dictionary headword.
EX-LC1A-0011,Rinaen korin an zhir.,/ree-nah-ehn koh-reen ahn zheer/,Someone has active responsibility and is following the matter through time.,A hand is on the thread.,Idiom,"Elevated; professional",,"Task ownership; investigation; reassurance",Signals responsibility without promising success.,,"Rinaen; Korin; Zhir",Canon,Approved,,Living Celan 1A,Approved expression; creates no new dictionary headword.
EX-LC1A-0012,Ver var dren.,/vehr vahr dren/,The conversation process negotiation or relationship is stalled.,The water does not move.,Idiom,"Elevated; literary; ceremonial",,"Mediation; repair; public discussion",Describes stalled movement rather than permanent failure.,,"Ver; Var; Dren",Canon,Approved,,Living Celan 1A,Approved expression; creates no new dictionary headword.
EX-LC1B-0001,Ra belnoraen Ilin?,/rah behl-nohr-ah-ehn ee-leen/,Are we understanding the same thing following the same plan or ready together?,Are we synchronized?,Idiom,"Contemporary; neutral",Mechuma,"Systems work; multi-crew coordination; mixed cities",Direct coordination check rather than a demand for agreement.,,"Ra; Belnoraen; Ilin",Canon,Approved,,Living Celan 1B,Origin indicates characteristic development not exclusive use.
EX-LC1B-0002,Rinaen zheldava ka.,/ree-nah-ehn zhehl-dah-vah kah/,I cannot read your intention or the expected confirmation never arrived.,The signal is missing.,Idiom,"Contemporary; casual",,"Communications; dispatch; distant relationships",Can sound like a complaint when aimed at a person.,,"Rinaen; Zheldava; Ka",Canon,Approved,,Living Celan 1B,Approved expression; creates no new dictionary headword.
EX-LC1B-0003,Var belraku; rinaen la kaveth.,/vahr behl-rah-koo; ree-nah-ehn lah kah-vehth/,Someone is repeating an inherited habit policy prejudice or solution after its purpose expired.,The program runs; it is old.,Idiom,"Contemporary; dry criticism",Mechuma,"Programming; institutions; inherited procedures",Criticizes an outdated routine rather than age itself.,,"Var; Belraku; Rinaen; La; Kaveth",Canon,Approved,,Living Celan 1B,Often shortened to Belraku kaveth.
EX-LC1B-0004,Rinaen welvek an kel.,/ree-nah-ehn wehl-vehk ahn kehl/,Too many people are speaking across one another for the conversation to move.,There is traffic in the talk.,Idiom,"Contemporary; mildly humorous",,"Transit work; crowded markets; meetings",Usually a meeting-room complaint rather than a personal insult.,,"Rinaen; Welvek; Kel",Canon,Approved,,Living Celan 1B,Approved expression; creates no new dictionary headword.
EX-LC1B-0005,Wek'aen aenthael.,/wehk-ah-ehn ah-ehn-thah-ehl/,We are hearing the same excuse argument promise or complaint again.,The song repeats.,Idiom,"Contemporary; familiar",,"Rehearsal crews; households; recurring disputes",Weary or teasing depending on tone.,,"Wek'aen; Aenthael",Canon,Approved,,Living Celan 1B,Approved expression; creates no new dictionary headword.
EX-LC1B-0006,Anvekaen Ya mura.,/ahn-vehk-ah-ehn yah moo-rah/,You brought an empty claim useless information or impressive-looking material with no substance.,You loaded smoke.,Idiom,"Contemporary; direct",,"Cargo crews; couriers; markets; inspections",A direct accusation; lighter among coworkers.,,"Anvekaen; Ya; Mura",Canon,Approved,,Living Celan 1B,Approved expression; creates no new dictionary headword.
EX-LC1B-0007,Rinaen varvek ka lorvekral.,/ree-nah-ehn vahr-vehk kah lohr-vehk-rahl/,A project has activity and resources but nobody has accepted responsibility for directing it.,The vehicle is without an operator.,Idiom,"Contemporary; professional",,"Transport; civic work; project coordination",Criticizes absent ownership not lack of authoritarian control.,,"Rinaen; Varvek; Ka; Lorvekral",Canon,Approved,,Living Celan 1B,Approved expression; creates no new dictionary headword.
EX-LC1B-0008,Rinaen worzhel an felmek.,/ree-nah-ehn wohr-zhehl ahn fehl-mehk/,One person or small part of a group is carrying more demand than it can safely sustain.,The overload is in one component.,Idiom,"Contemporary; professional",,"Energy work; engineering; caregiving",A serious warning; must not blame the overloaded person.,,"Rinaen; Worzhel; Felmek",Canon,Approved,,Living Celan 1B,Approved expression; creates no new dictionary headword.
EX-LC1B-0009,Kavdava ka.,/kahv-dah-vah kah/,Playful denial that an embarrassing event happened or a demand for evidence.,No record.,Idiom,"Contemporary; casual",,"Archives; civic offices; performers; friends",Funny among friends; evasive or corrupt from an official.,,"Kavdava; Ka",Canon,Approved,,Living Celan 1B,Approved expression; creates no new dictionary headword.
EX-LC1B-0010,Rinaen khumkes; ver pralaen La.,/ree-nah-ehn khoom-kehs; vehr prah-lah-ehn lah/,Many people are watching judging or advising while nobody helps do the work.,There is an audience; they make nothing.,Idiom,"Contemporary; worker complaint",,"Workshops; rehearsals; repairs; crowded kitchens",Can criticize spectators or invite them to help.,,"Rinaen; Khumkes; Ver; Pralaen; La",Canon,Approved,,Living Celan 1B,Approved expression; creates no new dictionary headword.
EX-LC1C-0001,"Dar, dar.",/dahr dahr/,Hold on; one thing at a time.,Stop stop.,Colloquialism,"Informal; familiar",,"Friends; coworkers; siblings; teachers; crews",Gentle amused or irritated depending on tone.,,Dar,Canon,Approved,,Living Celan 1C,Repetition regulates conversational speed.
EX-LC1C-0002,Ilin-ka.,/ee-leen-kah/,Ours or one of ours.,Our with the understood noun omitted.,Colloquialism,"Informal; inclusive",,"Crews; households; community responsibility",Inclusion through shared claim or obligation; never ownership of a person.,PE-V1-0005,"Ilin; Ka",Canon,Approved,,Living Celan 1C,Approved ellipsis of the established possessive construction.
EX-LC1C-0003,Ver-ilin.,/vehr-ee-leen/,Not us; not one of us.,Not-us.,Colloquialism,"Informal; socially marked",,"Ethical repudiation; clique exclusion; survivor identity",Can express principled disavowal or cruel social exile.,,"Ver; Ilin",Canon,Approved,,Living Celan 1C,Approved register-marked contraction; not ordinary standard negation.
EX-LC1C-0004,Inko-ka.,/een-koh-kah/,Ours two; this is between us.,Our-two with the understood noun omitted.,Colloquialism,"Informal; intimate",,"Partners; paired workers; siblings; rivals",Marks a private shared matter promise route joke or burden.,,"Inko; Ka",Canon,Approved,,Living Celan 1C,Approved dual ellipsis.
EX-LC1C-0005,Dro?,/droh/,Water?; an offer of care and room to recover without demanding disclosure.,Water?,Colloquialism,"Informal; caring",,"Households; healers; markets; travel",Offers care without forcing the other person to explain.,,Dro,Canon,Approved,,Living Celan 1C,Conventional omission surrounding a real offer.
EX-LC1C-0006,Nor-ka.,/nohr-kah/,Set blame aside for now and work the aftermath.,The actor is unknown or irrelevant.,Colloquialism,"Occupational; urgent",,"Healers; rescue crews; engineers; investigators",Defers blame during containment; does not erase later accountability.,RM-V1-0015,"Nor; Ka",Canon,Approved,,Living Celan 1C,Occupational clipping of the existing echo particle.
EX-LC1C-0007,Wek'aen?,/wehk-ah-ehn/,Again?,The event repeats?,Colloquialism,"Informal; familiar",,"Recurring faults; family arguments; repeated performance takes",Annoyance disbelief or delight comes from tone.,LX-V3-0038,Wek'aen,Canon,Approved,,Living Celan 1C,Whole-clause ellipsis using an established discourse particle.
EX-LC1C-0008,Athnor.,/ath-nohr/,Already; I know; it is done; you are behind the moment.,Already.,Colloquialism,"Informal; clipped",,"Fast crews; adolescents; colleagues",Can be efficient familiar or impatient.,,Athnor,Canon,Approved,,Living Celan 1C,Whole-clause ellipsis using an established particle.
EX-LC1E-0001,Va tal dro; va ver kel.,/vah tahl droh; vah vehr kehl/,Prove care or commitment through useful action rather than promises.,Give water; do not talk.,National expression,Characteristic national,Zarithan,"Hospitality; scarcity; moral responsibility",Does not imply that testimony planning or reassurance never matter.,,"Va; Tal; Dro; Ver; Kel",Canon,Approved,,Living Celan 1E,National origin does not restrict who may use the expression.
EX-LC1E-0002,Va var ser mahr.,/vah vahr sehr mahhr/,Adapt to changing conditions; stop wasting strength against the larger movement.,Go with the ocean.,National expression,Characteristic national,Pelagae,"Navigation; tides; collective travel",Recommends adaptive movement not passive surrender.,,"Va; Var; Ser; Mahr",Canon,Approved,,Living Celan 1E,National origin does not restrict who may use the expression.
EX-LC1E-0003,Ver jekaen morl.,/vehr jeh-kah-ehn mohrl/,The decision stands; the foundation will not be casually moved.,Stone does not turn.,National expression,Characteristic national,Valkeldor,"Stonework; load; endurance; engineered stability",May praise resolve or criticize stubbornness.,,"Ver; Jekaen; Morl",Canon,Approved,,Living Celan 1E,National origin does not restrict who may use the expression.
EX-LC1E-0004,Va aenaen verd.,/vah ah-eh-nah-ehn vehrd/,Be patient and attend to quiet signs before acting.,Hear the living green.,National expression,Characteristic national,Verdalris,"Forest stewardship; close observation",Living systems do not literally speak in every use.,,"Va; Aenaen; Verd",Canon,Approved,,Living Celan 1E,National origin does not restrict who may use the expression.
EX-LC1E-0005,Va kes esh; va ver kes felmor.,/vah kehs ehsh; vah vehr kehs fehl-mohr/,Step back and recover the larger perspective.,Notice the sky; do not notice only the dust.,National expression,Characteristic national,Nivveil,"Visibility; weather judgment; distance; hazard communication",Does not dismiss small evidence when it is genuinely diagnostic.,,"Va; Kes; Esh; Ver; Felmor",Canon,Approved,,Living Celan 1E,National origin does not restrict who may use the expression.
EX-LC1E-0006,Zhaelpralaen La mura.,/zhah-ehl-prahl-ah-ehn lah moo-rah/,To fix a symptom display or report while leaving the failing system untouched.,They repair smoke.,National expression,Characteristic national,Mechuma,"Diagnostics; machinery; institutional criticism",Does not diminish legitimate emergency containment.,,"Zhaelpralaen; La; Mura",Canon,Approved,,Living Celan 1E,National origin does not restrict who may use the expression.
EX-LC1E-0007,Kes veth veth.,/kehs vehth vehth/,A guarded person recognizes another person's concealment; I see what you are doing.,A shadow notices a shadow.,National expression,Characteristic national,Jasara,"Veiled knowledge; caution; perceptive restraint",Recognizing concealment does not prove harmful intent.,,"Kes; Veth",Canon,Approved,,Living Celan 1E,National origin does not restrict who may use the expression.
EX-LC1E-0008,Va aenaen rathor.,/vah ah-eh-nah-ehn rah-thor/,Consult precedent elders or remembered consequence before acting.,Hear the past.,National expression,Characteristic national,Marakor,"Historical continuity; remembered consequences",Values precedent without requiring obedience to tradition.,,"Va; Aenaen; Rathor",Canon,Approved,,Living Celan 1E,National origin does not restrict who may use the expression.
