entry_id,source_volume,source_section,page_number,related_source_volume,related_source_section,issue_type,original_wording,description,canon_status,notes,related_entry_ids,relationship_type,potential_tension_id,review_status,review_reason
PT-V1-0001,Volume 1: Fundamentals,Basic Sentence Structure > Verb-Subject-Object (VSO); Grammar > Prepositions and Case Markers > Basic Prepositions,3; 8,Volume 1: Fundamentals,Grammar > Prepositions and Case Markers > Basic Prepositions,Terminology overlap,"Var (go) – Verb; Var / To, towards / Var dren (to the water)","The form Var appears as a verb glossed “go” in the VSO analysis and as a preposition glossed “To, towards” in the Basic Prepositions table. Both are preserved as separate entries.",Needs Human Review,No resolution applied.,GR-V1-0004; GR-V1-0018; LX-V1-0015; PE-V1-0001; PE-V1-0031; PE-V1-0032; PE-V1-0039; PE-V1-0042,terminology overlap,PT-V1-0001,Needs Human Review,terminology overlap
PT-V1-0002,Volume 1: Fundamentals,Basic Sentence Structure > Forming Questions; Grammar > Prepositions and Case Markers > Basic Prepositions,3; 8,Volume 1: Fundamentals,Grammar > Prepositions and Case Markers > Basic Prepositions,Terminology overlap,"Ra var ser? / ""Where does the friend go?""; Ser / With / Var I ser ser (with a friend)",The form ser appears in examples associated with “friend” and as a preposition glossed “With.” Both are preserved as separate usages.,Needs Human Review,No resolution applied.,GR-V1-0005; GR-V1-0018; LX-V1-0016; PE-V1-0002; PE-V1-0025; PE-V1-0026; PE-V1-0028; PE-V1-0029; PE-V1-0030; PE-V1-0032,terminology overlap,PT-V1-0002,Needs Human Review,terminology overlap
PT-V1-0003,Volume 1: Fundamentals,Pronouns and Person Markers > Possessive Forms; Grammar > Prepositions and Case Markers > Basic Prepositions; Grammar > Prepositions and Case Markers > Case Markers,4; 8; 9,Volume 1: Fundamentals,Grammar > Prepositions and Case Markers > Basic Prepositions; Grammar > Prepositions and Case Markers > Case Markers,Terminology overlap,I ka dren – “My water”; Ka / Without / Var I ka shal.; The -ka particle can act as a possessive/linking marker.,Ka/-ka appears as part of possession/linking and as a preposition glossed “Without.” Both are preserved as separate entries.,Needs Human Review,No resolution applied.,GR-V1-0007; GR-V1-0018; GR-V1-0020; LX-V1-0018; RM-V1-0014; PE-V1-0003; PE-V1-0034; PE-V1-0043,terminology overlap,PT-V1-0003,Needs Human Review,terminology overlap
PT-V1-0004,Volume 1: Fundamentals,Grammar > Tenses and Aspects; Grammar > Prepositions and Case Markers > Basic Prepositions,7; 8,Volume 1: Fundamentals,Grammar > Prepositions and Case Markers > Basic Prepositions,Terminology overlap,Future Tense Nor- (prefix); Nor / At/in (time) / Nor-var I nor Varthas.,Nor appears as a future tense prefix and as a temporal preposition. Both are preserved as separate entries.,Needs Human Review,No resolution applied.,GR-V1-0014; GR-V1-0018; LX-V1-0020; RM-V1-0005; PE-V1-0019; PE-V1-0036; PE-V1-0040,terminology overlap,PT-V1-0004,Needs Human Review,terminology overlap
PT-V2-0014,Volume 2: Dictionary and Word Formation,"Vocabulary > JARGON: (BATTLE, TEMPLE, MARKET) > Temple Jargon",11-13,Volume 2: Dictionary and Word Formation,"Vocabulary > JARGON: (BATTLE, TEMPLE, MARKET) > Temple Jargon",Source ambiguity,Khum (circle/reconciliation) + Eth (sacred act/embrace - assuming ),The source itself marks or implies uncertainty in the derivation for Khumeth. Preserved without resolving.,Needs Human Review,No resolution applied.,LX-V2-0133; PE-V2-0043,source ambiguity,PT-V2-0014,Source Ambiguity,possible derivation uncertainty
PT-V2-0015,Volume 2: Dictionary and Word Formation,"Vocabulary > JARGON: (BATTLE, TEMPLE, MARKET) > Market Jargon",11-13,Volume 2: Dictionary and Word Formation,"Vocabulary > JARGON: (BATTLE, TEMPLE, MARKET) > Market Jargon",Source ambiguity,"Vanesh (trade) + -em (perhaps related to emil food, or a general marker for 'items')",The source itself marks or implies uncertainty in the derivation for Vaneshem. Preserved without resolving.,Needs Human Review,No resolution applied.,LX-V2-0138; PE-V2-0048,source ambiguity,PT-V2-0015,Source Ambiguity,possible derivation uncertainty
PT-V2-0016,Volume 2: Dictionary and Word Formation,"Vocabulary > JARGON: (BATTLE, TEMPLE, MARKET) > Market Jargon",11-13,Volume 2: Dictionary and Word Formation,"Vocabulary > JARGON: (BATTLE, TEMPLE, MARKET) > Market Jargon",Source ambiguity,Thal (balance) + Aen (speak) + Shen(akar) (coinage - shortened) OR Thal + Vanesh + -en (abstract noun?),The source itself marks or implies uncertainty in the derivation for Thalaneshen. Preserved without resolving.,Needs Human Review,No resolution applied.,LX-V2-0139; PE-V2-0049,source ambiguity,PT-V2-0016,Source Ambiguity,possible derivation uncertainty
PT-V2-0017,Volume 2: Dictionary and Word Formation,"Vocabulary > JARGON: (BATTLE, TEMPLE, MARKET) > Market Jargon",11-13,Volume 2: Dictionary and Word Formation,"Vocabulary > JARGON: (BATTLE, TEMPLE, MARKET) > Market Jargon",Source ambiguity,Vel (sustenance/food or wisdom/value?) + Lian (truth/honesty),The source itself marks or implies uncertainty in the derivation for Vellian. Preserved without resolving.,Needs Human Review,No resolution applied.,LX-V2-0141; PE-V2-0051,source ambiguity,PT-V2-0017,Source Ambiguity,possible derivation uncertainty
PT-V2-0021,Volume 2: Dictionary and Word Formation,Nuances of Quantification and Specificity > Quantifiers,22-23,Volume 2: Dictionary and Word Formation,Nuances of Quantification and Specificity > Quantifiers,Source ambiguity,"Ilin (We/Collective) + -or (Place/Domain)? Suggests ""the whole domain of us.""",The source marks the derivation for Ilinor with uncertainty. Preserved without resolving.,Needs Human Review,No resolution applied.,LX-V2-0213,source ambiguity,PT-V2-0021,Source Ambiguity,possible derivation uncertainty
PT-V2-0022,Volume 2: Dictionary and Word Formation,Nuances of Quantification and Specificity > Quantifiers,22-23,Volume 2: Dictionary and Word Formation,Nuances of Quantification and Specificity > Quantifiers,Source ambiguity,"Mel- (Thousand prefix) + -en (Honorific/Collective feel)? Suggests a large, respected number.",The source marks the derivation for Melen with uncertainty. Preserved without resolving.,Needs Human Review,No resolution applied.,LX-V2-0215,source ambiguity,PT-V2-0022,Source Ambiguity,possible derivation uncertainty
PT-V2-0023,Volume 2: Dictionary and Word Formation,Nuances of Quantification and Specificity > Quantifiers,22-23,Volume 2: Dictionary and Word Formation,Nuances of Quantification and Specificity > Quantifiers,Source ambiguity,"Ek (Hypothetical root for ""one/single"" related to numbers?) + Kor (Source/Strength)? ""Each source.""",The source marks the derivation for Ekor with uncertainty. Preserved without resolving.,Needs Human Review,No resolution applied.,LX-V2-0217,source ambiguity,PT-V2-0023,Source Ambiguity,possible derivation uncertainty
PT-V2-0020,Volume 2: Dictionary and Word Formation,Nuances of Quantification and Specificity > Articles (Definite/Indefinite),22,Volume 2: Dictionary and Word Formation,Nuances of Quantification and Specificity > Articles (Definite/Indefinite),Source ambiguity,"specific demonstratives if needed (though none explicitly listed, could be developed)",The source notes possible future demonstratives but none are listed. Preserved without adding or inventing demonstratives.,Needs Human Review,No resolution applied.,GR-V2-0004; CC-V2-0012,source ambiguity,PT-V2-0020,Source Ambiguity,source ambiguity
PT-V2-0024,Volume 2: Dictionary and Word Formation,Interjections and Exclamations,23,Volume 1: Fundamentals,Grammar > Prepositions and Case Markers > Case Markers,Terminology overlap,Lia'ka!: Derivation: Lia (Yes) + -ka (Linking/Emphasis); The -ka particle can act as a possessive/linking marker.,"Volume 2 uses -ka as linking/emphasis in Lia'ka!, while Volume 1 defines -ka as possessive/linking marker. Preserved as related usage without resolution.",Needs Human Review,No resolution applied.,LX-V2-0225; RM-V1-0014,related usage,PT-V2-0024,Needs Human Review,terminology overlap
PT-V2-0001,Volume 2: Dictionary and Word Formation,Vocabulary Categories / Word Formation and Morphology,3-14,Volume 1: Fundamentals; Volume 2: Dictionary and Word Formation,Related prior or same-volume entries,Terminology overlap,Nor,Nor appears as time/flow of time and as future prefix/temporal preposition across Volume 1 and Volume 2.,Needs Human Review,No resolution applied.,LX-V2-0020; RM-V2-0036; RM-V1-0005; PT-V1-0004,terminology overlap,PT-V2-0001,Needs Human Review,terminology overlap
PT-V2-0002,Volume 2: Dictionary and Word Formation,Vocabulary Categories / Word Formation and Morphology,3-14,Volume 1: Fundamentals; Volume 2: Dictionary and Word Formation,Related prior or same-volume entries,Terminology overlap,Var,Var appears as Go/Move in Volume 2 and as verb/preposition overlap in Volume 1.,Needs Human Review,No resolution applied.,LX-V2-0034; LX-V2-0063; PT-V1-0001,terminology overlap,PT-V2-0002,Needs Human Review,terminology overlap
PT-V2-0003,Volume 2: Dictionary and Word Formation,Vocabulary Categories / Word Formation and Morphology,3-14,Volume 1: Fundamentals; Volume 2: Dictionary and Word Formation,Related prior or same-volume entries,Terminology overlap,Ser,Ser appears as Friend/Ally in Volume 2 and as With/preposition in Volume 1.,Needs Human Review,No resolution applied.,LX-V2-0036; LX-V2-0065; PT-V1-0002,terminology overlap,PT-V2-0003,Needs Human Review,terminology overlap
PT-V2-0004,Volume 2: Dictionary and Word Formation,Vocabulary Categories / Word Formation and Morphology,3-14,Volume 1: Fundamentals; Volume 2: Dictionary and Word Formation,Related prior or same-volume entries,Terminology overlap,Thal,Thal appears as Balance/Harmony in Volume 2 and as From/out of preposition in Volume 1.,Needs Human Review,No resolution applied.,LX-V2-0008; LX-V2-0023; LX-V2-0072; LX-V1-0017,terminology overlap,PT-V2-0004,Needs Human Review,terminology overlap
PT-V2-0005,Volume 2: Dictionary and Word Formation,Vocabulary Categories / Word Formation and Morphology,3-14,Volume 1: Fundamentals; Volume 2: Dictionary and Word Formation,Related prior or same-volume entries,Terminology overlap,Shalor,"Shalor appears with Light/New Beginnings/Fate, discovery/hope, and Sanctuary/light-filled place senses in Volume 2.",Needs Human Review,No resolution applied.,LX-V2-0024; LX-V2-0059; LX-V2-0084,terminology overlap,PT-V2-0005,Needs Human Review,contextual meaning overlap
PT-V2-0006,Volume 2: Dictionary and Word Formation,Vocabulary Categories / Word Formation and Morphology,3-14,Volume 1: Fundamentals; Volume 2: Dictionary and Word Formation,Related prior or same-volume entries,Terminology overlap,Vaar,Vaar appears as Peace/Unity and Peace/Calm in Volume 2.,Needs Human Review,No resolution applied.,LX-V2-0037; LX-V2-0041,terminology overlap,PT-V2-0006,Needs Human Review,contextual meaning overlap
PT-V2-0007,Volume 2: Dictionary and Word Formation,Vocabulary Categories / Word Formation and Morphology,3-14,Volume 1: Fundamentals; Volume 2: Dictionary and Word Formation,Related prior or same-volume entries,Terminology overlap,Kalor,Kalor appears as Strength (mind/spirit) and Courage/Strength of Spirit in Volume 2.,Needs Human Review,No resolution applied.,LX-V2-0032; LX-V2-0042,terminology overlap,PT-V2-0007,Needs Human Review,contextual meaning overlap
PT-V2-0008,Volume 2: Dictionary and Word Formation,Vocabulary Categories / Word Formation and Morphology,3-14,Volume 1: Fundamentals; Volume 2: Dictionary and Word Formation,Related prior or same-volume entries,Terminology overlap,Thar,Thar appears as Heart in Nature and Body contexts.,Needs Human Review,No resolution applied.,LX-V2-0007; LX-V2-0057,terminology overlap,PT-V2-0008,Needs Human Review,contextual meaning overlap
PT-V2-0009,Volume 2: Dictionary and Word Formation,Vocabulary Categories / Word Formation and Morphology,3-14,Volume 1: Fundamentals; Volume 2: Dictionary and Word Formation,Related prior or same-volume entries,Terminology overlap,Aen,Aen appears as Speak/Tell/Breath of Life and Speak/Tell.,Needs Human Review,No resolution applied.,LX-V2-0028; LX-V2-0062,terminology overlap,PT-V2-0009,Needs Human Review,contextual meaning overlap
PT-V2-0010,Volume 2: Dictionary and Word Formation,Vocabulary Categories / Word Formation and Morphology,3-14,Volume 1: Fundamentals; Volume 2: Dictionary and Word Formation,Related prior or same-volume entries,Terminology overlap,Lian,Lian appears as Truth/Honesty in multiple categories and in derivations.,Needs Human Review,No resolution applied.,LX-V2-0027; LX-V2-0064,terminology overlap,PT-V2-0010,Needs Human Review,contextual meaning overlap
PT-V2-0011,Volume 2: Dictionary and Word Formation,Vocabulary Categories / Word Formation and Morphology,3-14,Volume 1: Fundamentals; Volume 2: Dictionary and Word Formation,Related prior or same-volume entries,Terminology overlap,Rathor,Rathor appears as Past/History and Old City/Ancient Place.,Needs Human Review,No resolution applied.,LX-V2-0022; LX-V2-0085,terminology overlap,PT-V2-0011,Needs Human Review,contextual meaning overlap
PT-V2-0012,Volume 2: Dictionary and Word Formation,Vocabulary Categories / Word Formation and Morphology,3-14,Volume 1: Fundamentals; Volume 2: Dictionary and Word Formation,Related prior or same-volume entries,Terminology overlap,Krezor,Krezor appears as Forge/Place of Fire and as a compounding example.,Needs Human Review,No resolution applied.,LX-V2-0087; LX-V2-0146,terminology overlap,PT-V2-0012,Needs Human Review,terminology overlap
PT-V2-0013,Volume 2: Dictionary and Word Formation,Vocabulary Categories / Word Formation and Morphology,3-14,Volume 1: Fundamentals; Volume 2: Dictionary and Word Formation,Related prior or same-volume entries,Duplicate / cleanup record,Morldren duplicate/variant spelling cleanup,Former hyphenated variant was human-approved as Morldren. The related entries now use the same fused compound form without merging rows.,Canon,Human-approved hyphen cleanup applied; no active canon conflict remains.,LX-V2-0074; LX-V2-0145,duplicate,PT-V2-0013,Approved,
PT-V2-0019,Volume 2: Dictionary and Word Formation,Food Vocabulary > Specialty Ingredients; Food Vocabulary by Nation > Pelagae,15; 17,Volume 2: Dictionary and Word Formation,Food Vocabulary by Nation > Pelagae,Terminology overlap,Felorin: Berry/Small Fruit; Felorin: Berry from Coral Reefs,Felorin appears as a general specialty ingredient and as a Pelagae food item. Both entries preserved separately.,Needs Human Review,No resolution applied.,LX-V2-0167; LX-V2-0174,terminology overlap,PT-V2-0019,Needs Human Review,contextual meaning overlap
PT-V3-0011,"Volume 3: Culture, Context, and Advanced Expression",Complex Sentence Structures,1,"Volume 3: Culture, Context, and Advanced Expression",Complex Sentence Structures,Source ambiguity,(Placeholder for future development of other complex syntax),The table of contents references future development of other complex syntax. No rules were invented.,Needs Human Review,No resolution applied.,,source ambiguity,PT-V3-0011,Source Ambiguity,source ambiguity
PT-V3-0001,"Volume 3: Culture, Context, and Advanced Expression",Politeness and Honorifics > Levels of Politeness,4,Volume 2: Dictionary and Word Formation,Word Formation and Morphology > Derivation and Word Formation,Refinement,Li-; -en,Volume 3 refines Li- and -en as politeness/honorific forms after Volume 2 lists them as respect/honorific morphology.,Needs Human Review,No resolution applied.,RM-V3-0001; RM-V3-0002; RM-V2-0038; RM-V2-0032,refinement,PT-V3-0001,Needs Human Review,possible overlap with earlier rule
PT-V3-0002,"Volume 3: Culture, Context, and Advanced Expression",Register Markers; Complex Sentence Structures,5; 7,Volume 2: Dictionary and Word Formation,Vocabulary > Time & Mysticism / Everyday Life,Terminology overlap,Aen,"Aen appears as speak/tell/breath of life, formal vocabulary, and complementizer “that.”",Needs Human Review,No resolution applied.,LX-V3-0009; RM-V3-0005; LX-V2-0028; LX-V2-0062,terminology overlap,PT-V3-0002,Needs Human Review,terminology overlap
PT-V3-0003,"Volume 3: Culture, Context, and Advanced Expression",Register Markers,5,Volume 1: Fundamentals; Volume 2: Dictionary and Word Formation,Basic Sentence Structure / Vocabulary,Terminology overlap,Var,"Var appears as go/move, formal purposeful movement, and prior verb/preposition overlap.",Needs Human Review,No resolution applied.,LX-V3-0010; LX-V2-0034; PT-V1-0001; PT-V2-0002,terminology overlap,PT-V3-0003,Needs Human Review,terminology overlap
PT-V3-0004,"Volume 3: Culture, Context, and Advanced Expression",Register Markers > Emotional Intensity Markers,5,Volume 2: Dictionary and Word Formation,Expanded Vocabulary,Terminology overlap,Ar,Ar is used as an intensity marker; Volume 2 includes roots/derivation material involving ar in examples such as Belar. Preserved without resolving.,Needs Human Review,No resolution applied.,LX-V3-0015; RM-V3-0003,terminology overlap,PT-V3-0004,Needs Human Review,terminology overlap
PT-V3-0005,"Volume 3: Culture, Context, and Advanced Expression",Register Markers > Emotional Intensity Markers,5,Volume 2: Dictionary and Word Formation,Vocabulary / Roots,Terminology overlap,Fel,Fel is used as a diminisher and appears as small/young root in later derivations. Preserved separately.,Needs Human Review,No resolution applied.,LX-V3-0016; RM-V3-0004,terminology overlap,PT-V3-0005,Needs Human Review,terminology overlap
PT-V3-0006,"Volume 3: Culture, Context, and Advanced Expression",Pragmatic Usage and Discourse Markers > Basic Responses,6,Volume 1: Fundamentals,Prepositions and Case Markers,Terminology overlap,Ka,Ka appears as “No” in Volume 3 and as without/possessive-linking material in earlier volumes.,Needs Human Review,No resolution applied.,LX-V3-0018; PT-V1-0003; PT-V2-0024,terminology overlap,PT-V3-0006,Needs Human Review,terminology overlap
PT-V3-0007,"Volume 3: Culture, Context, and Advanced Expression",Pragmatic Usage and Discourse Markers > Discourse Particles,6,"Volume 3: Culture, Context, and Advanced Expression",Pragmatic Usage and Discourse Markers > Discourse Particles,Source ambiguity,"Structure might need careful handling (e.g., Main Clause, Kora + Reason Clause)",The source says Kora structure might need careful handling. Preserved without inventing a final rule.,Needs Human Review,No resolution applied.,LX-V3-0145,source ambiguity,PT-V3-0007,Source Ambiguity,source ambiguity
PT-V3-0008,"Volume 3: Culture, Context, and Advanced Expression",Complex Sentence Structures > Subordinate Clauses,7,Volume 2: Dictionary and Word Formation,Vocabulary > Time & Mysticism / Everyday Life,Terminology overlap,Aen (that),"Aen is introduced as complementizer “that,” overlapping with Aen as speak/tell/breath of life.",Needs Human Review,No resolution applied.,GR-V3-0002; RM-V3-0005; LX-V3-0009,terminology overlap,PT-V3-0008,Needs Human Review,terminology overlap
PT-V3-0009,"Volume 3: Culture, Context, and Advanced Expression",Complex Sentence Structures > Comparatives and Superlatives,8,Volume 4 pending,Adjectival suffix / comparatives,Possible overlap,Ther / Thaal / shaleth,Comparative/superlative system may overlap later with Volume 4 adjectival suffix material. Flagged for future cross-volume review.,Needs Human Review,No resolution applied.,GR-V3-0004; RM-V3-0008,refinement,PT-V3-0009,Needs Human Review,possible overlap with earlier rule
PT-V3-0010,"Volume 3: Culture, Context, and Advanced Expression",Complex Sentence Structures > Conditionals,8,Volume 1: Fundamentals,Grammar > Conditionals,Refinement,Rath + Clause + Main Clause,Volume 3 restates conditionals in complex sentence context after Volume 1 introduced Rath conditionals. Preserved as refinement.,Needs Human Review,No resolution applied.,GR-V3-0005; RM-V3-0009; GR-V1-0017,refinement,PT-V3-0010,Needs Human Review,possible overlap with earlier rule
PT-V3-0012,"Volume 3: Culture, Context, and Advanced Expression",Possession (Detailed),13-14,Volume 1: Fundamentals,Pronouns and Person Markers > Possessive Forms / Case Markers,Refinement,Ian / -esh possession system,Volume 3 introduces Ian and connection-based -esh possession after Volume 1 introduced pronoun-before-noun and optional -ka. Preserved as separate systems.,Needs Human Review,No resolution applied.,GR-V3-0006; GR-V1-0007; GR-V1-0020,refinement,PT-V3-0012,Needs Human Review,possible overlap with earlier rule
PT-V3-0013,"Volume 3: Culture, Context, and Advanced Expression",Cultural & Ritual Expressions,14,"Volume 3: Culture, Context, and Advanced Expression",Cultural & Ritual Expressions,Source ambiguity,Ritual Nouns (using tentative ...),The source labels the ritual noun formation as tentative. Preserved without formalizing beyond source wording.,Needs Human Review,No resolution applied.,LX-V3-0075; LX-V3-0076; LX-V3-0077; LX-V3-0078,source ambiguity,PT-V3-0013,Source Ambiguity,source ambiguity
PT-V3-0014,"Volume 3: Culture, Context, and Advanced Expression",Core Emotion Verbs,16,"Volume 3: Culture, Context, and Advanced Expression",Core Emotion Verbs,Source ambiguity,Hypothetical noun Vaaranor (Inner Peace) + -aen.,The source marks Vaaranoraen derivation as hypothetical. Preserved without resolving.,Needs Human Review,No resolution applied.,LX-V3-0102; PE-V3-0065,source ambiguity,PT-V3-0014,Source Ambiguity,source ambiguity
PT-V3-0015,"Volume 3: Culture, Context, and Advanced Expression",Core Emotion Verbs,16,"Volume 3: Culture, Context, and Advanced Expression",Core Emotion Verbs,Source ambiguity,Expressing feeling betrayed might require more complex grammar not yet defined.,The source says a related construction might require grammar not yet defined. Preserved without inventing it.,Needs Human Review,No resolution applied.,LX-V3-0103; PE-V3-0066,source ambiguity,PT-V3-0015,Source Ambiguity,source ambiguity
PT-V3-0016,"Volume 3: Culture, Context, and Advanced Expression",Core Emotion Verbs,16,"Volume 3: Culture, Context, and Advanced Expression",Core Emotion Verbs,Source ambiguity,Vaar (Peace) + hypothetical kel (arrive) + -aen.,The source marks part of Vaar'kelaen derivation as hypothetical. Preserved without resolving.,Needs Human Review,No resolution applied.,LX-V3-0106; PE-V3-0069,source ambiguity,PT-V3-0016,Source Ambiguity,source ambiguity
PT-V3-0017,"Volume 3: Culture, Context, and Advanced Expression",Slurs for each of the eight nations,25-26,"Volume 3: Culture, Context, and Advanced Expression",Slurs for each of the eight nations,Source ambiguity,proposed slurs,The source describes the slurs as proposed. Preserved without elevating or resolving status.,Needs Human Review,No resolution applied.,CC-V3-0019; LX-V3-0125; LX-V3-0126; LX-V3-0127; LX-V3-0128; LX-V3-0129; LX-V3-0130; LX-V3-0131; LX-V3-0132,source ambiguity,PT-V3-0017,Source Ambiguity,source ambiguity
PT-V3-0018,"Volume 3: Culture, Context, and Advanced Expression",Language Use Across the Nations of Ohnosha,18-20,"Volume 3: Culture, Context, and Advanced Expression",Language Familiarity / Arvan / Trerran,Related usage,Arvan / Trerran regional language use,"Regional languages coexist with Celan in national contexts. Preserved as language-use context, not a contradiction.",Needs Human Review,No resolution applied.,CC-V3-0006; CC-V3-0015; CC-V3-0016; CC-V3-0017,related usage,PT-V3-0018,Needs Human Review,terminology overlap
PT-V4-0001,"Volume 4: Expansion, Tangible Lexicon, Modality, and National Speech",Table of Contents: Volume 4,1,"Volume 4: Expansion, Tangible Lexicon, Modality, and National Speech",Introduction: From the Abstract to the Tangible,Source ambiguity,Introduction listed in table of contents but not present as a separate extracted body section.,"The table of contents lists an Introduction section, but the extracted body begins with Section 2. Preserved as an index/reference ambiguity, not inferred content.",Needs Human Review,No resolution applied.,,source ambiguity,PT-V4-0001,Source Ambiguity,source ambiguity
PT-V4-0002,"Volume 4: Expansion, Tangible Lexicon, Modality, and National Speech",Systemic Expansion > Section 2.1: The Adjectival Suffix -eth,2-3,"Volume 3: Culture, Context, and Advanced Expression",Comparatives and Superlatives; Cultural & Ritual Expressions,Refinement,-eth formally established as adjectival and ritual-nominal suffix,"Volume 4 formalizes -eth after earlier appearances in shaleth and tentative ritual nouns. This likely reframes PT-V3-0009 as refinement/expansion rather than contradiction, but PT-V3-0009 is left unchanged per instruction.",Needs Human Review,No resolution applied.,GR-V4-0001; RM-V4-0001; PT-V3-0009; PT-V3-0013,refinement,PT-V4-0002,Needs Human Review,possible overlap with earlier rule
PT-V4-0003,"Volume 4: Expansion, Tangible Lexicon, Modality, and National Speech",Systemic Expansion > Section 2.2: Verb Mood and Modality,3,"Volume 2: Dictionary and Word Formation; Volume 3: Culture, Context, and Advanced Expression",Vocabulary / Quantifiers / Discourse / Emotion Verbs,Terminology overlap,Lianeth; Belshara; Rethlian; Thar-ka,Modal adverbs reuse or extend earlier lexical material. Preserved as separate modal entries with cross-links.,Needs Human Review,No resolution applied.,GR-V4-0002; LX-V4-0001; LX-V4-0002; LX-V4-0003; LX-V4-0004,terminology overlap,PT-V4-0003,Needs Human Review,terminology overlap
PT-V4-0004,"Volume 4: Expansion, Tangible Lexicon, Modality, and National Speech",Systemic Expansion > Section 2.3: Passive Voice,4,"Volume 1: Fundamentals; Volume 2: Dictionary and Word Formation; Volume 3: Culture, Context, and Advanced Expression",Nor / Ka / -ka uses,Terminology overlap,nor-ka: Nor (Time/Flow) + -ka (particle),"Passive particle combines Nor and -ka, both already heavily polysemous/overlapping. Rule text extraction also omits the particle after Verb + Object +, so row is flagged.",Needs Human Review,No resolution applied.,GR-V4-0004; RM-V4-0003; PT-V1-0003; PT-V2-0001; PT-V3-0006,terminology overlap,PT-V4-0004,Needs Human Review,terminology overlap
PT-V4-0005,"Volume 4: Expansion, Tangible Lexicon, Modality, and National Speech",Systemic Expansion > Section 2.4: Advanced Pronouns,4-5,Volume 1: Fundamentals,Pronouns and Person Markers > Personal Pronouns,Expansion,Dual and clusivity pronouns,Volume 4 expands earlier pronoun system with dual number and inclusive/exclusive we. Earlier entries preserved unchanged.,Needs Human Review,No resolution applied.,GR-V4-0005; LX-V4-0005; LX-V4-0006; LX-V4-0007; LX-V4-0008; LX-V4-0009; GR-V1-0006,expansion,PT-V4-0005,Needs Human Review,possible overlap with earlier rule
PT-V4-0006,"Volume 4: Expansion, Tangible Lexicon, Modality, and National Speech",The Living Lexicon > Section 3.7: Essential Conjunctions,12,Volume 1/2/3,Ser usages,Terminology overlap,Ser re-purposed from Ser (With) as And,"Volume 4 explicitly documents Ser as conjunction “and,” overlapping with friend/ally and with/preposition uses. Preserved as polysemy.",Needs Human Review,No resolution applied.,GR-V4-0006,terminology overlap,PT-V4-0006,Needs Human Review,terminology overlap
PT-V4-0007,"Volume 4: Expansion, Tangible Lexicon, Modality, and National Speech",The Living Lexicon > Section 3.7: Essential Conjunctions,12,Volume 2/3,Reth usages,Terminology overlap,Reth re-purposed from Reth (Uncertainty) as Or,"Volume 4 documents Reth as conjunction “or,” overlapping with uncertainty and possibility uses. Preserved as polysemy.",Needs Human Review,No resolution applied.,GR-V4-0006,terminology overlap,PT-V4-0007,Needs Human Review,terminology overlap
PT-V4-0008,"Volume 4: Expansion, Tangible Lexicon, Modality, and National Speech",The Living Lexicon > Section 3.10: Measurement,15-17,Volume 2/3/4,Aenor / Shen / Kinn usages,Terminology overlap,Aenor; Shen; Kinn measurement uses,"Measurement units reuse existing forms: Aenor as ear/moment, Shen from coinage, Kinn as daylight/day. Preserved as polysemy.",Needs Human Review,No resolution applied.,,terminology overlap,PT-V4-0008,Needs Human Review,terminology overlap
PT-V4-0009,"Volume 4: Expansion, Tangible Lexicon, Modality, and National Speech","Section 3.11: Expanded Interjections, Oaths, & Expressions",17-19,Volume 2/3,Interjections / discourse responses / Ka / Lian'lia,Terminology overlap,"Expanded interjections, oaths, and nuanced affirmations reuse earlier particles and interjections.",Volume 4 expands interjections and expressions from prior volumes. Entries preserved separately as related usage.,Needs Human Review,No resolution applied.,,related usage,PT-V4-0009,Needs Human Review,terminology overlap
PT-V4-0010,"Volume 4: Expansion, Tangible Lexicon, Modality, and National Speech",Section 3.12: The Fluidity of Meaning: Polysemy and Context in Celan,19-25,Volumes 1-3,Previously flagged terminology overlaps,Related usage,25 significant examples of linguistic fluidity,"Volume 4 explicitly documents Celan polysemy and context dependence, explaining many earlier overlap flags without erasing them. Earlier tension rows are preserved unchanged.",Needs Human Review,No resolution applied.,PT-V1-0001; PT-V1-0002; PT-V1-0003; PT-V1-0004; PT-V2-0001; PT-V2-0002; PT-V2-0003; PT-V2-0004; PT-V3-0002; PT-V3-0006,related usage,PT-V4-0010,Needs Human Review,terminology overlap
PT-V4-0011,"Volume 4: Expansion, Tangible Lexicon, Modality, and National Speech",Section 4.1-4.2: National Vernaculars,25-29,"Volume 3: Culture, Context, and Advanced Expression",Language Use Across the Nations of Ohnosha,Expansion,National vernaculars are not separate dialects with unique grammar.,Volume 4 expands Volume 3 national language-use material by defining cultural voices and comparative dialogue patterns. Preserved as expansion.,Needs Human Review,No resolution applied.,CC-V4-0009; CC-V4-0010; PT-V3-0018,expansion,PT-V4-0011,Needs Human Review,possible overlap with earlier rule
PT-V4-0012,"Volume 4: Expansion, Tangible Lexicon, Modality, and National Speech",The Living Lexicon > Section 3.6: Essential Verbs,11,"Volume 3: Culture, Context, and Advanced Expression",Core Emotion Verbs / Ritual verbs,Terminology overlap,"Talaen: To Take (contextual), To Receive; Tal: Give/Offer","Volume 4 documents Talaen as take/receive, while earlier Tal/Talaen material uses give/offer. Polysemy section also explains exchange direction depends on context.",Needs Human Review,No resolution applied.,,terminology overlap,PT-V4-0012,Needs Human Review,terminology overlap
PT-V4-0013,"Volume 4: Expansion, Tangible Lexicon, Modality, and National Speech",The Living Lexicon > Sections 3.1-3.10,5-17,Volume 2/3,Krezor / Aenor / Belshara / Lianor / Eshvelaneth etc.,Terminology overlap,Living lexicon reuses earlier terms in new tangible domains.,"Several Volume 4 lexicon items overlap prior spiritual, grammatical, or abstract terms. Preserved as separate tangible/expanded entries.",Needs Human Review,No resolution applied.,,terminology overlap,PT-V4-0013,Needs Human Review,terminology overlap
PT-S1-0001,Supplement 1: The Rule of Euphony and Historical Variance,Table of Contents / PDF Metadata,1,PDF file and metadata,Volume 5.pdf; Celan_Ancient_Language: Volume 4C; Table of Contents: Volume 4,Source ambiguity,PDF metadata title is Celan_Ancient_Language: Volume 4C; visible TOC says Table of Contents: Volume 4.,User-designated canonical source name is Supplement 1: The Rule of Euphony and Historical Variance. Internal PDF labels conflict with that designation and are preserved as source identity metadata.,Needs Human Review,No title normalization applied.,CC-S1-0001,source ambiguity,PT-S1-0001,Source Ambiguity,source ambiguity
PT-S1-0002,Supplement 1: The Rule of Euphony and Historical Variance,The Rule of Euphony: A National Brief,3,Volumes 1-4,National language/culture material,Source ambiguity,This guide details how each of Ohnosha's eight nations may apply the Rule of Euphony in their common speech.,Current naming applied: Ohnosha.,Needs Human Review,No canon resolution applied.,CC-S1-0002; CC-V4-0009; PT-V4-0011,source ambiguity,PT-S1-0002,Source Ambiguity,source ambiguity
PT-S1-0003,Supplement 1: The Rule of Euphony and Historical Variance,Section 5:1: Advanced Phonology - The Rule of Euphony and Historical Variance,1-2,Volume 1: Fundamentals; Volume 2: Dictionary and Word Formation,Phonetics and Pronunciation; Word Formation and Morphology > Compounding,Expansion,The core principle is to avoid phonetically harsh or dissonant consonant clusters in compound words by inserting a euphonic vowel.,Supplement expands prior phonetics and compounding rules with euphonic insertion. Earlier entries preserved unchanged.,Needs Human Review,No older compounds changed.,GR-S1-0001; GR-V1-0003; GR-V2-0003,expansion,PT-S1-0003,Needs Human Review,possible overlap with earlier rule
PT-S1-0004,Supplement 1: The Rule of Euphony and Historical Variance,Tiers of Application > Tier 1: Mandatory Application,1,Supplement 1: The Rule of Euphony and Historical Variance,Tier 1 examples,Source ambiguity,Vok + Thal -> Vokathar (A Harmonious Union).,"The example pairs Vok + Thal with Vokathar. This may be source-specific, a typo, or an intentional form. Preserved without correction.",Needs Human Review,No inferred correction to Vokathal applied.,GR-S1-0002; PE-S1-0003,source ambiguity,PT-S1-0004,Source Ambiguity,source ambiguity
PT-S1-0005,Supplement 1: The Rule of Euphony and Historical Variance,Tiers of Application > Tier 2 and Tier 3,2-3,Volumes 2-4,Existing compound and lexical forms,Variant form overlap,Krezthal / Krezathal; Belshara / Belashara; Belthal; Rethvok,Supplement introduces standard/poetic variants and phonetic fossils that may reframe existing compound spellings and term overlaps. Earlier entries preserved unchanged.,Needs Human Review,No merge or standardization applied.,RM-S1-0003; RM-S1-0004; LX-V4-0002; LX-V4-0066; LX-V4-0074; LX-V4-0075,refinement,PT-S1-0005,Needs Human Review,variant form overlap
PT-S1-0006,Supplement 1: The Rule of Euphony and Historical Variance,"It's Not a Universal Rule; It's a ""Cultural Voice"" Indicator",3-5,"Volume 4: Expansion, Tangible Lexicon, Modality, and National Speech",National Vernaculars and Comparative Dialogue,Expansion,"The preference for euphonic smoothness versus harsh directness is a key marker of a nation's ""Cultural Voice.""",Supplement expands Volume 4 national vernacular material by adding phonological preferences by nation. Preserved as expansion.,Needs Human Review,No national speech entries rewritten.,GR-S1-0005; CC-S1-0002; CC-V4-0009; PT-V4-0011,expansion,PT-S1-0006,Needs Human Review,possible overlap with earlier rule
PT-S2-0001,Supplement 2: Ohnosha Nations and Cultures 3.0,Document Overview,1,Volumes 3-4; Supplement 1,National language use / cultural voice,Expansion,"cultural identities, internal conflicts, and relationships with other nations","Supplement 2 is world/culture canon, not a language-specific source. It should inform national language nuance without creating grammar rules by itself.",Needs Human Review,No resolution applied.,CC-S2-0002; CC-V4-0009; CC-S1-0002,expansion,PT-S2-0001,Needs Human Review,contextual meaning overlap
PT-S2-0002,Supplement 2: Ohnosha Nations and Cultures 3.0,Nation naming across report,13-18,Existing language databases,Mechuman / Mechuma naming,Terminology overlap,Mechuma,Supplement uses Mechuma as nation name while existing language entries often use Mechuman as adjectival/national form. Preserve separately.,Needs Human Review,No resolution applied.,CC-S2-0009; CC-S2-0010; CC-S2-0025; CC-V4-0013,terminology overlap,PT-S2-0002,Needs Human Review,terminology overlap
PT-S2-0003,Supplement 2: Ohnosha Nations and Cultures 3.0,Top 5 Jobs in each nation > Valkeldor,43-44,Supplement 2 Valkeldor profile; Volume 4 national voice,Valkeldorian cultural framing,Possible contradiction,Futuristic-bohemian with a focus on resilience and Afro-futurism.,Jobs section frames Valkeldor differently from the broader martial/traditional mountain profile. Preserve both and review as cultural expansion or tension.,Needs Human Review,No resolution applied.,CC-S2-0003; CC-S2-0004; CC-S2-0021; CC-V4-0015,possible contradiction,PT-S2-0003,Needs Human Review,contextual meaning overlap
PT-S2-0004,Supplement 2: Ohnosha Nations and Cultures 3.0,Jasara and Zarithan water/desert material,28-42,Existing national culture rows,Jasaran/Zarithan water and desert framing,Related usage,Water as a sacred gift; desert survival; sacred oasis/spring,"Jasara and Zarithan share desert/water survival themes while remaining distinct national contexts. Cross-link for national language nuance, do not merge.",Needs Human Review,No resolution applied.,CC-S2-0015; CC-S2-0016; CC-S2-0017; CC-S2-0018; CC-S2-0019; CC-S2-0020; CC-V4-0017; CC-V4-0011,related usage,PT-S2-0004,Needs Human Review,contextual meaning overlap
PT-S2-0005,Supplement 2: Ohnosha Nations and Cultures 3.0,Spiritual guardianship repeated across nations,18; 27,Supplement 2 nation profiles,Mechuma / Pelagae spiritual guardianship wording,Source ambiguity,Maintaining the protection and blessings of the winter spirits and other mystical entities; Maintaining the protection and blessings of the winter spirits,Winter-spirit wording appears in Mechuma/Pelagae contexts where it may be copied from Nivveil-style material. Preserve and flag instead of correcting.,Needs Human Review,No resolution applied.,CC-S2-0009; CC-S2-0010; CC-S2-0013; CC-S2-0014,source ambiguity,PT-S2-0005,Source Ambiguity,source ambiguity
PT-S2-0006,Supplement 2: Ohnosha Nations and Cultures 3.0,Nation naming variants,23-45,Existing language databases,Pelagae/Pelagaean; Jasara/Jasaran; Verdalris/Verdalrisian etc.,Terminology overlap,Pelagae; Jasara; Verdalris; Valkeldor; Marakor; Zarithan; Nivveil; Mechuma,Supplement primarily uses nation nouns; existing language databases often use adjectival or demonym forms. Preserve source forms and cross-link for lookup.,Needs Human Review,No resolution applied.,CC-S2-0003; CC-S2-0005; CC-S2-0007; CC-S2-0009; CC-S2-0011; CC-S2-0013; CC-S2-0015; CC-S2-0017; CC-S2-0019; CC-V4-0009,terminology overlap,PT-S2-0006,Needs Human Review,terminology overlap
PT-S3-0001,Supplement 3: The Conceptual Lexicon,Introduction: The Soul of the Roots,1,Volumes 1-4; Supplement 1,Existing root and lexicon entries,Expansion,"This lexicon is the highest authority on the metaphorical, philosophical, and connotative meaning of Celan's core concepts.","Supplement 3 adds a conceptual/connotative authority layer over existing root and lexicon rows. Existing rows are preserved; this is treated as expansion/refinement metadata, not replacement.",Needs Human Review,No existing definitions rewritten or merged.,CC-S3-0001; RM-S3-0001; RM-S3-0027,expansion,PT-S3-0001,Needs Human Review,source authority framing
PT-S3-0002,Supplement 3: The Conceptual Lexicon,Part 2: The Elemental Pillars > Clarification on Terra vs. Ohnosha,5-6,Project naming policy; Supplement 1; Supplement 2,Ohnosha / Terra / terra naming,Source ambiguity,Ohnosha is the current world name.,Current naming applied: Ohnosha is the current world name; Terra is the Celan sacred/world term; terra is physical land/ground.,Needs Human Review,No source wording changed.,CC-S3-0002; RM-S3-0007; PT-S1-0002; PT-S2-0001,source ambiguity,PT-S3-0002,Source Ambiguity,legacy naming clarification
PT-S3-0003,Supplement 3: The Conceptual Lexicon,Part 2: The Elemental Pillars > Entry 2.5 and Clarification on Terra vs. Ohnosha,4-6,Volumes 2 and 4,Terra / terra capitalization and world-name uses,Refinement,"Capitalized Terra refers to the planet as a living, spiritual entity, the ""Heart of Terra.""",Supplement 3 clarifies lowercase terra as physical land/ground and uppercase Terra as sacred/living world concept. This refines earlier Terra rows and should support lookup without rewriting them.,Needs Human Review,No capitalization standardization applied to prior rows.,LX-V2-0001; LX-V2-0073; LX-V4-0108; CC-S3-0002; PE-S3-0003; PE-S3-0004,refinement,PT-S3-0003,Needs Human Review,terminology overlap
PT-S3-0004,Supplement 3: The Conceptual Lexicon,Part 3: The Metaphysical Concepts > Entry 3.5: Rin- (Essence),9,Volume 1 identity terms,"Gendered and Neutral Terms / Kadren, Azan, Thee",Refinement,"The concept of identity (Kadren, Azan, Thee) is based on one's Rin, not their body.",Supplement 3 makes explicit a metaphysical basis for identity that was previously implied through Volume 1 identity terms. Existing identity entries remain unchanged.,Needs Human Review,"This supports the user's dynamic identity question, but no new doctrine was inferred beyond the source line.",RM-S3-0012; CC-S3-0004; PE-S3-0009,refinement,PT-S3-0004,Needs Human Review,identity concept refinement
PT-S3-0005,Supplement 3: The Conceptual Lexicon,"Parts 4 and 6: Bel, Ohm, Zhir, Kel",11; 16-17,Volumes 2-4,"Connection, binding, lineage, speaking/naming concepts",Terminology overlap,Ohm is spiritual; Bel is societal. Zhir- represents lineage/history. Kel- is distinct from Aen.,Supplement 3 distinguishes several nearby conceptual domains that may overlap in lookup: Bel/Ohm/Zhir for connection and Aen/Kel for speech. Preserve as refinements and do not merge.,Needs Human Review,Used for cross-linking and search clarity only.,RM-S3-0016; RM-S3-0026; RM-S3-0027; PE-S3-0011; PE-S3-0022,terminology overlap,PT-S3-0005,Needs Human Review,contextual meaning overlap
PT-S3-0006,Supplement 3: The Conceptual Lexicon,Part 5: The Concepts of Action & Being > Entry 5.2: Aen-,13,Volumes 2-4,Aen / Aenor polysemy,Refinement,Aen + -or (Place of) = (The Ear / Place of Sound).,Supplement 3 refines Aenor as the place of sound/ear while existing rows also preserve Aenor as moment/ear and measurement polysemy. No rows changed.,Needs Human Review,No attempt made to choose a single meaning for Aenor.,RM-S3-0019; LX-V2-0049; LX-V4-0081; LX-V4-0107; PT-V4-0008,refinement,PT-S3-0006,Needs Human Review,terminology overlap
PT-S3-0007,Supplement 3: The Conceptual Lexicon,"Parts 3, 5, and 6: multi-function roots",7-15,Volumes 1-4,"Thal, Reth, Nor, Var, Aen, Ser, Rath overlaps",Refinement,Several roots are explicitly presented as both lexical roots and grammatical/prepositional/conjunction/conditional tools.,Supplement 3 gives conceptual reasons for multifunction roots already preserved in the database. This should reduce concern while keeping all overlap flags visible.,Needs Human Review,No earlier potential tension rows resolved automatically.,RM-S3-0009; RM-S3-0010; RM-S3-0011; RM-S3-0018; RM-S3-0019; RM-S3-0023; RM-S3-0024,refinement,PT-S3-0007,Needs Human Review,terminology overlap
PT-S3-0008,Supplement 3: The Conceptual Lexicon,Part 5: The Concepts of Action & Being > Entry 5.5: Vok-,14,Volume 4 polysemy entries,Vok unity / vokaen break unity,Refinement,"The noun Vok means ""Unity."" The primary verb vokaen means ""to break that unity.""",Supplement 3 explicitly frames Vok as a duality of unity and breaking unity. Existing Vok rows are preserved as related polysemy.,Needs Human Review,No Vok entries merged.,RM-S3-0022; LX-V4-0120; PT-V4-0010,refinement,PT-S3-0008,Needs Human Review,contextual meaning overlap
PT-S4A-0001,Supplement 4A: VSO Cultural Notes,The Heart of Action: How Celan's VSO Structure Reflects Ohnoshan Worldview,text,Volume 1; Volume 4; Supplement 3,VSO syntax and polysemy/context worldview,Refinement,"The VSO structure of Celan is not merely a grammatical quirk; it is a linguistic embodiment of an Ohnoshan perspective where actions resonate, states of being are primary, and individuals are interwoven with the dynamic tapestry of existence.",Supplement 4A adds cultural/philosophical interpretation to existing VSO grammar without replacing the older direct syntax rule.,Needs Human Review,No existing VSO examples or rules rewritten.,GR-S4A-0001; CC-S4A-0001; GR-V1-0004; CC-V4-0008; RM-S3-0018,refinement,PT-S4A-0001,Needs Human Review,cultural syntax refinement
PT-S4A-0002,Supplement 4A: VSO Cultural Notes,Supplement 4A example sentences,text,Existing lexicon and phrase databases,New illustrative VSO examples,Source ambiguity,Rinaen Terra vaar.; Seraen I an Nys'aleth.; Rinaen Ohm ser Ilin.,Some Supplement 4A examples introduce or use forms not separately established as standalone lexicon rows in the existing database. Preserve examples and flag for lookup review.,Needs Human Review,No new lexicon rows created for example-only forms.,PE-S4A-0002; PE-S4A-0004; PE-S4A-0005,source ambiguity,PT-S4A-0002,Source Ambiguity,example source scope
PT-S4B-0001,Supplement 4B: Celan Capitalization Rules,The Rules of Celan Capitalization,text,Volumes 1-4; Supplements 1-3,Existing capitalization in prior examples,Refinement,"In Celan, capitalization is not used for the beginning of sentences or for all proper nouns as it is in English. Instead, it is used semantically to denote concepts of primacy, sanctity, or archetypal significance.",Supplement 4B introduces semantic capitalization and may affect interpretation of older examples. Prior rows are preserved unchanged and not retroactively normalized.,Needs Human Review,"Review can decide whether older capitalization reflects prior source style, semantic emphasis, or needs future annotation.",GR-S4B-0001; GR-S4B-0002; GR-S4B-0003; GR-S4B-0004; GR-S4B-0005; CC-S4B-0001,refinement,PT-S4B-0001,Needs Human Review,orthography overlap
PT-S4B-0002,Supplement 4B: Celan Capitalization Rules,Rule 2: Capitalize Archetypal and Primordial Concepts,text,Supplement 3; Volume 2; Volume 4,"Terra/terra, Dral/dral, Rathor/rathor capitalization contrasts",Expansion,"Words are capitalized when they refer to the fundamental, archetypal forces or concepts that govern the world, rather than their mundane, everyday instances.",Supplement 4B expands the Terra/terra distinction into broader semantic capitalization. Dral/dral and Rathor/rathor contrasts are preserved as new supplemental distinctions and cross-linked to prior rows.,Needs Human Review,No older Dral or Rathor entries changed.,GR-S4B-0002; RM-S3-0007; PT-S3-0003; LX-V2-0058; LX-V2-0022; PT-V2-0011,expansion,PT-S4B-0002,Needs Human Review,orthography overlap
PT-S4B-0003,Supplement 4B: Celan Capitalization Rules,Rule 1: The First Word of a Sentence is NOT Capitalized,text,Existing phrase/example rows,Sentence-initial capitalization,Possible contradiction,Correct: var I an dren. Incorrect: Var I an dren.,Supplement 4B says sentence starts are lowercase unless another capitalization criterion applies. Earlier examples often begin with capitalized verbs. Preserve older source examples and flag the orthography layer for review.,Needs Human Review,No existing phrase rows rewritten.,GR-S4B-0001; PE-S4B-0001; PE-S4B-0002; PE-V1-0001,possible contradiction,PT-S4B-0003,Needs Human Review,orthography overlap
