headword,status,sense_ids,related_words,reason
Ilin,scoped,ilin-s1; ilin-s2,Ilinor,Current recorded family connection applies to the listed meanings.
Ya,scoped,ya-s2,Denya,Current recorded family connection applies to the listed meanings.
Var,scoped,var-s1,Var-; Drenvaraen; Eshvaraen; Jorvar; Kesvar; Mahrvaraen; Pelvar; Pelvaraen; Shalvar; Thalwelvar; Varan; Varbelor; Varnor; Varral; Varrinmek; Varshanmek; Varshel; Varvek; Vekvaraen; Velvaraen; Vethvar; Wekvaraen; Xilvar,Current recorded family connection applies to the listed meanings.
Ser,open_hidden,,Ser-; Serathrin; Serdel; Serilin; Serin; Sernor; Servok,The complete link set cannot yet be assigned to a particular meaning without implying an unsupported origin.
Thal,open_hidden,,Thal-; Belthal; Kilvthal; Lianthal; Lianthalaen; Lorzhirthalshan; Nkathal; Thalaneshen; Thalbel; Thaldavaen; Thalesh; Thalkelreth; Thallian; Thalmek; Thalnak; Thalnakin; Thalnor; Thalnoraen; Thalor; Thalorim; Thalshanaen; Thalshorin; Thalvanesh; Thalvekaen; Thalwelvar; Thalzhelaen,The complete link set cannot yet be assigned to a particular meaning without implying an unsupported origin.
Ka,scoped,ka-s1; ka-s2,Ka-Shen; Kaan; Kaarthaen; Kaaruaen; Kaarueth; Kabelmekaen; Kadro; Kadromav; Kadromor; Kaemilpraleth; Kakalrav; Kakesrin; Kaohmaen; Kasharaen; Kasul; Kathaenbelaen; Katharbelaen; Kavel; Kavelrathor; Kavelzhiraen; Kavok; Kaweleth; Kaxaraen; Kaxardavaen; Kazhel; Sharaka,Current recorded family connection applies to the listed meanings.
An,scoped,an-s1; an-s2,Andavaen; Aneshxar; Anmek; Anor; Anshanaen; Anvanesh; Anvekaen; Kaan; Lorzhiranshan; Varan,Current recorded family connection applies to the listed meanings.
Nor,scoped,nor-s1; nor-s2,Aennor; Athnor; Belnoraen; Delnor; Eshnor; Eshweknor; Felnor; Jornor; Nethnor; nor-ka; Noraen; Noral; Normav; Normek; Norpral; Norreth; Norshan; Norzhir; Pelnor; Rathnor; Sernor; Shalnor; Thalnor; Thalnoraen; Varnor; Velnor; Vethnor; Weknor; Xilnor,Current recorded family connection applies to the listed meanings.
Esh,scoped,esh-s1; esh-s2,Esh-; Aneshxar; Drenesh; Drenvelesh; Drenvokesh; Esharu; Eshdren; Eshdrenaen; Eshjor; Eshkar; Eshkrezaen; Eshlin; Eshlor; Eshlorien; Eshlorral; Eshmekor; Eshnor; Eshpral; Eshpralaen; Eshpralor; Eshtenor; Eshthael; Eshtrakor; Eshvan; Eshvaraen; Eshvek; Eshvelaneth; Eshvelor; Eshvilor; Eshweknor; Eshxar; Kalvokesh; Mekeshpral; Pralvokesh; Terraesh; Xaresh; Zhivokesh; Zunesh,Current recorded family connection applies to the listed meanings.
Morl,scoped,morl-s1,Morl-; Brosmorl; Delmorl; Felmorl; Kalmorl; Krezmorl; Mahrmorl; Morlatharim; Morlathor; Morldren; Morljor; Morlpral; Morlshan; Morlshara; Morlverd; Morlzhir; Neshmorl; Pelmorl; Sadarmorl; Shanmorl; Velkmorl; Xarmorl,Current recorded family connection applies to the listed meanings.
Terra,scoped,terra-s1,Terafennil; Teravin; Terradren; Terraesh; Terrakav; Terramahr; Terramav; Terrarav; Terrashaneth; Terrazhael,Current recorded family connection applies to the listed meanings.
Dren,scoped,dren-s1; dren-s2; dren-s3,Dren-; Drenaen; Drenalor; Drenartheth; Drenesh; Dreneth; Drenfel; Drenfellak; Drenjor; Drenkavvek; Drenkor; Drenkorath; Drenlivar; Drenpralaen; Drenrek; Drenselaen; Drenshal; Drentalaen; Drenvaraen; Drenvelesh; Drenverd; Drenvokesh; Drenvor; Emildren; Eshdren; Eshdrenaen; Feldrenaen; Fennildren; Kelvordren; Krezdrenaen; Krezdrenvek; Lorinshaldren; Morldren; Peldren; Seldrenvinaen; Terradren; Vethdren; Vindrenaen; Zordren; Zordrenvinaen,Current recorded family connection applies to the listed meanings.
Shal,scoped,shal-s1; shal-s2,Shal-; Drenshal; Dreshal; Kinnshal; Ohmshal; Remashalxar; Shalaen; Shalbal; Shaleth; Shalil; Shalithor; Shalkav; Shalkor; Shalnak; Shalnor; Shalor; Shalorin; Shalorveth; Shalpel; Shalrin; Shalshan; Shalvar; Vershalaen; Vethshal,Current recorded family connection applies to the listed meanings.
Krez,scoped,krez-s1,Krez-; Eshkrezaen; Kavkrez; Krezaen; Krezdralfel; Krezdrenaen; Krezdrenvek; Krezfel; Krezlorin; Krezmorath; Krezmorl; Kreznyel; Krezor; Krezpral; Krezpralaen; Krezrek; Krezshen; Kreztharim; Kreztorin; Krezvek; Mavkrez; Olankrezaen; Pelkrezaen; Welkrez; Xarkrezaen,Current recorded family connection applies to the listed meanings.
Thar,scoped,thar-s1,Thar-; Keltharaen; Kreztharim; Morlatharim; Thar-ka; Tharbel; Tharmor; Tharshara; Tharsharaen; Tharvelim; Tharvin; Tharvok; Veth'tharaen; Welkelthar,Current recorded family connection applies to the listed meanings.
Vethor,open_hidden,,Rathvethor; Vethoraen,The complete link set cannot yet be assigned to a particular meaning without implying an unsupported origin.
Shara,scoped,shara-s1; shara-s2,Shara-; Awekshara; Belshara; Brosshara; Dralshara; Droshara; Emilshara; Felshara; Kasharaen; Kinnshara; Lorshara; Mekshara; Morlshara; Nakshara; Rakushara; Rethshara; Sharaen; Sharaka; Sharalorin; Sharashen; Sharavok; Sharbel; Tharshara; Tharsharaen; Vershara; Weksharaen; Zhelshara; Zhirshara,Current recorded family connection applies to the listed meanings.
Rathor,open_hidden,,Rathorjor; Velrathor; Zhirrathor,The complete link set cannot yet be assigned to a particular meaning without implying an unsupported origin.
Shalor,open_hidden,,Shal; Kalravor; Shal-; Krezor; Drenshal; Lianrethor; Dreshal; Nethor; Kinnshal; Shalorveth; Ohmshal; Velkavor; Remashalxar; Velpralor; Shalaen; Velthamor; Shalbal; Zhaelor; Shaleth; Zhirkalor; Shalil; Shalithor; Shalkav; Shalkor; Shalnak; Shalnor; Shalorin; Shalpel; Shalrin; Shalshan; Shalvar; Vershalaen; Vethshal,The complete link set cannot yet be assigned to a particular meaning without implying an unsupported origin.
Lian,scoped,lian-s1,Lian-; Lianaen; Lianbel; Lianbelrin; Lianeth; Lianfel; Liankavor; Lianor; Lianreth; Lianthal; Lianthalaen; Lianzhir; Shenlian; Sivshenlian; Thallian; Vellian; Worlian,Current recorded family connection applies to the listed meanings.
Aen,open_hidden,,Aenaen; Aenor; Aenvor,The complete link set cannot yet be assigned to a particular meaning without implying an unsupported origin.
Kal,scoped,kal-s1; kal-s2; kal-s3,Kal-; Arthkal; Felkal; Jekkal; Jorkal; Kalaru; Kalbelrin; Kaldov; Kaleth; Kalkel; Kalmek; Kalmetha; Kalmorl; Kalorinath; Kalrath; Kalrav; Kalrin; Kalshen; Kalvok; Kalvokesh; Kalwek; Mahrkal; Morkal; Rethkal; Serenkal; Shankalaen; Tirkal; Worshankal; Zhirkalor,Current recorded family connection applies to the listed meanings.
Seren,scoped,seren-s1; seren-s2,Serenkal,Current recorded family connection applies to the listed meanings.
Vaar,open_hidden,,Vaarbelwek; Vaareth; Vaarlor; Vaarrin; Vaarshan; Vaarshen,The complete link set cannot yet be assigned to a particular meaning without implying an unsupported origin.
Lorin,scoped,lorin-s1; lorin-s2; lorin-s3,Lor; Eshlorien; Belvoklor; Kalorinath; Drallor; Krezlorin; Eshlor; Sharalorin; Eshlorral; Xarlorin; Fellor; Liorin; Lorash; Lorbel; Lorlivok; Lormahr; Lormek; Lormekor; Lormekral; Lorpel; Lorshara; Lorvekaen; Lorvekral; Lorzhir; Naklorral,Current recorded family connection applies to the listed meanings.
Rath,scoped,rath-s1,Rath-; Havrath; Kalrath; Rathjor; Rathlor; Rathnali; Rathnor; Rathrin; Rathshannali; Rathvethor; Rathzor,Current recorded family connection applies to the listed meanings.
Fah,scoped,fah-s1,Fahaen; Faheth; Fahohm; Fahreth; Kilvfah,Current recorded family connection applies to the listed meanings.
Reth,scoped,reth-s1,Belreth; Fahreth; Kelreth; Lianreth; Mekreth; Norreth; Ohmreth; Rethdava; Rethkal; Rethmor; Rethnem; Rethpral; Rethshara; Rethshen; Rethvok; Rethweknor; Rethzheldava; Rethzhelshara; Shenreth; Sivrethaen; Zhelreth,Current recorded family connection applies to the listed meanings.
Aenor,scoped,aenor-s2,Aen; Aen-; Aenaen; Aennor; Aentash; Aenthael; Aenzhir; Rinaen; Thalaneshen,Current recorded family connection applies to the listed meanings.
Dral,scoped,dral-s1; dral-s2,Dralbelaen; Dralfel; Drallor; Dralorim; Dralshaneth; Dralshara; Dralshen; Dralxar; Jindral,Current recorded family connection applies to the listed meanings.
Tal,scoped,tal-s1; tal-s2,Drentalaen; Naktal; Shental; Talaen; Talemilaen; Talrin; Talzhael; Weltal,Current recorded family connection applies to the listed meanings.
Morldren,scoped,morldren-s1; morldren-s2,Morl; Dren; Morl-; Dren-; Brosmorl; Drenaen; Delmorl; Drenalor; Felmorl; Drenartheth; Kalmorl; Drenesh; Krezmorl; Dreneth; Mahrmorl; Drenfel; Morlatharim; Drenfellak; Morlathor; Drenjor; Morljor; Drenkavvek; Morlpral; Drenkor; Morlshan; Drenkorath; Morlshara; Drenlivar; Morlverd; Drenpralaen; Morlzhir; Drenrek; Neshmorl; Drenselaen; Pelmorl; Drenshal; Sadarmorl; Drentalaen; Shanmorl; Drenvaraen; Velkmorl; Drenvelesh; Xarmorl; Drenverd; Drenvokesh; Drenvor; Emildren; Eshdren; Eshdrenaen; Feldrenaen; Fennildren; Kelvordren; Krezdrenaen; Krezdrenvek; Lorinshaldren; Peldren; Seldrenvinaen; Terradren; Vethdren; Vindrenaen; Zordren; Zordrenvinaen,Current recorded family connection applies to the listed meanings.
Lun,open_hidden,,Fellun; Luneth; Lunor; Lunwek,The complete link set cannot yet be assigned to a particular meaning without implying an unsupported origin.
Kaleth,open_hidden,,Kal; Xarkaleth; Kal-; Arthkal; Felkal; Jekkal; Jorkal; Kalaru; Kalbelrin; Kaldov; Kalkel; Kalmek; Kalmetha; Kalmorl; Kalorinath; Kalrath; Kalrav; Kalrin; Kalshen; Kalvok; Kalvokesh; Kalwek; Mahrkal; Morkal; Rethkal; Serenkal; Shankalaen; Tirkal; Worshankal; Zhirkalor,The complete link set cannot yet be assigned to a particular meaning without implying an unsupported origin.
Krezor,scoped,krezor-s1; krezor-s2; krezor-s3,Krez; Kalravor; Krez-; Lianrethor; Eshkrezaen; Nethor; Kavkrez; Shalor; Krezaen; Shalorveth; Krezdralfel; Velkavor; Krezdrenaen; Velpralor; Krezdrenvek; Velthamor; Krezfel; Zhaelor; Krezlorin; Zhirkalor; Krezmorath; Krezmorl; Kreznyel; Krezpral; Krezpralaen; Krezrek; Krezshen; Kreztharim; Kreztorin; Krezvek; Mavkrez; Olankrezaen; Pelkrezaen; Welkrez; Xarkrezaen,Current recorded family connection applies to the listed meanings.
Phelvin,scoped,phelvin-s1; phelvin-s2,Phel; Vin; Fennilphel; Felvin; Phelkarin; Jekvin; Phelmorin; Seldrenvinaen; Phelrin; Teravin; Xarphelor; Tharvin; Zhaelphel; Verdvin; Vindrenaen; Welvinor; Xarfelvin; Zordrenvinaen,Current recorded family connection applies to the listed meanings.
Jorvak,scoped,jorvak-s1; jorvak-s2,Jor; Drenjor; Drojormek; Eshjor; Joreth; Jorkal; Jorlin; Jornak; Jornor; Jorvalin; Jorvar; Jorvilor; Jorzhael; Jorzhel; Jorzhelkav; Karjor; Leyajor; Morljor; Ngarjor; Ngarjoraen; Rathjor; Rathorjor; Ravjor; Sadarjor; Tavojorin; Veljor,Current recorded family connection applies to the listed meanings.
Welrim,scoped,welrim-s1; welrim-s2,Wel; Rim; Kaweleth; Rimaen; Mahrwel; Rimor; Ngarwel; Thalwelvar; Welaenthael; Welarth; Weleth; Welgorm; Welkarin; Welkelthar; Welkrez; Welmor; Welnali; Welpralor; Welrin; Weltal; Welvek; Welvinor; Welzhirbel; Welzor; Xarwelor; Zhelwel,Current recorded family connection applies to the listed meanings.
Xilvar,open_hidden,,Xil; Var; Xilbren; Var-; Xilnalior; Drenvaraen; Xilnor; Eshvaraen; Jorvar; Kesvar; Mahrvaraen; Pelvar; Pelvaraen; Shalvar; Thalwelvar; Varan; Varbelor; Varnor; Varral; Varrinmek; Varshanmek; Varshel; Varvek; Vekvaraen; Velvaraen; Vethvar; Wekvaraen,The complete link set cannot yet be assigned to a particular meaning without implying an unsupported origin.
Xarvel,scoped,xarvel-s1; xarvel-s2,Xar; Vel; Aivkorxar; Drenvelesh; Aneshxar; Eshvelaneth; Arthaxar; Kavel; Belxar; Kavelzhiraen; Davaxar; Pelveltrakor; Dralxar; Tharvelim; Eshxar; Velaen; Kaxaraen; Velaivkor; Kesxar; Velalivar; Korinxar; Velar; Lianrethxar; Velarshor; Lorinorxar; Velbelxar; Lorinshalxar; Veleth; Mahrxaror; Velithor; Mahrxarvek; Veljor; Mavbalxar; Velkavor; Nderuxar; Velkelor; Remashalxar; Velkorin; Remaxar; Velkrin; Vekxaror; Vellian; Velxar; Vellivaraen; Verdxar; Velmarin; Wekxar; Velmarineth; Xaraen; Velmav; Xardava; Velmek; Xaresh; Velmor; Xarfelvin; Velnor; Xarkaleth; Velpralaen; Xarkrezaen; Velpralim; Xarlorin; Velpralor; Xarmetha; Velpraltrakor; Xarmorl; Velrathor; Xarnesh; Velterim; Xaror; Velthaelvok; Xarphelor; Velthaen; Xarrin; Velthamor; Xarvek; Velvaraen; Xarvethral; Xarwelor; Velxorin; Xarzhir; Velzhiraen; Zhelxar; Zorxar,Current recorded family connection applies to the listed meanings.
Belshara,open_hidden,,Bel; Shara; Bel-; Shara-; Belar; Awekshara; Beldava; Brosshara; Belkes; Dralshara; Belkor; Droshara; Belkoraen; Emilshara; Belkren; Felshara; Belmek; Kasharaen; Belmor; Kinnshara; Belnoraen; Lorshara; Belor; Mekshara; Belpralmek; Morlshara; Belraku; Nakshara; Belreth; Rakushara; Belrin; Rethshara; Belrinpel; Sharaen; Belshan; Sharaka; Belshen; Sharalorin; Belsura; Sharashen; Belthal; Sharavok; Belvekaen; Sharbel; Belvelrathor; Tharshara; Belverd; Tharsharaen; Belvethral; Vershara; Belvok; Weksharaen; Belwek; Zhelshara; Belxar; Zhirshara; Belzhir; Belzhirkavor; Belzhirvek; Belzor; Belzoraen; Dralbelaen; Drobel; Emilbel; Lianbel; Lorbel; Nyelbel; Rinbel; Shenbel; Thaenbel; Thalbel; Tharbel; Varbelor; Verdbel; Vethbel; Zhelbel; Zhirbel,The complete link set cannot yet be assigned to a particular meaning without implying an unsupported origin.
Felorin,scoped,felorin-s1; felorin-s2,Fel; Dralfel; Drenfel; Felath; Felbelor; Feldrenaen; Feleth; Felin; Felkal; Felkalrav; Fellak; Fellor; Fellun; Felmek; Felmekreth; Felmor; Felmorl; Felnor; Felsadar; Felshara; Felshen; Felthamaen; Felvek; Felverd; Felvin; Felvora; Felzhir; Kadfel; Krezfel; Lianfel; Pralfel; Xarfelvin,Current recorded family connection applies to the listed meanings.
Zhelvek,open_hidden,,Zhel; Mek; Vek; Jorzhel; Anmek; Anvekaen; Kavzhelaen; Belmek; Balvek; Kazhel; Belpralmek; Belvekaen; Ngarzhel; Drojormek; Dorvekaen; Ravzhel; Felmek; Drenkavvek; Thalzhelaen; Jekmek; Eshvek; Worzhel; Kalmek; Felvek; Zhelaen; Karmek; Jekzhirvek; Zhelbel; Kesmek; Karvek; Zheldava; Kormek; Kavvek; Zhelkav; Lormek; Kelvekral; Zhelkor; Lormekral; Kormekvek; Zhelpel; Mekaru; Krenzhirvek; Zhelpralaen; Mekeshpral; Krezdrenvek; Zhelreth; Mekkes; Krezvek; Zhelshan; Mekor; Lorvekaen; Zhelshaneth; Mekpralor; Lorvekral; Zhelshara; Mekral; Mahrvek; Zhelvorkor; Mekrask; Mahrxarvek; Zhelwel; Mekreth; Morvek; Zhelxar; Mekshara; Ndavivek; Mormek; Nethvek; Nethmek; Ngarvek; Normek; Pralvek; Rakumek; Ravjorvek; Rinmek; Ravvekaen; Selmek; Rinvek; Shanmek; Shalilvek; Shenmek; Thalvekaen; Thalmek; Thamvek; Varokmek; Urenvek; Varshanmek; Varvek; Velmek; Vekaen; Wekmek; Vekin; Vekmor; Vekpralor; Vekvaraen; Vekxaror; Welvek; Xarvek; Zhirvek,The complete link set cannot yet be assigned to a particular meaning without implying an unsupported origin.
Eshvelaneth,open_hidden,,Esh; Vel; Esh-; Drenvelesh; Aneshxar; Kavel; Drenesh; Kavelzhiraen; Pelveltrakor; Drenvokesh; Tharvelim; Esharu; Velaen; Eshdren; Velaivkor; Eshdrenaen; Velalivar; Eshjor; Velar; Eshkar; Velarshor; Eshkrezaen; Velbelxar; Eshlin; Veleth; Eshlor; Velithor; Eshlorien; Veljor; Eshlorral; Velkavor; Eshmekor; Velkelor; Eshnor; Velkorin; Eshpral; Velkrin; Eshpralaen; Vellian; Eshpralor; Vellivaraen; Eshtenor; Velmarin; Eshthael; Velmarineth; Eshtrakor; Velmav; Eshvan; Velmek; Eshvaraen; Velmor; Eshvek; Velnor; Eshvelor; Velpralaen; Eshvilor; Velpralim; Eshweknor; Velpralor; Eshxar; Velpraltrakor; Kalvokesh; Velrathor; Mekeshpral; Velterim; Pralvokesh; Velthaelvok; Terraesh; Velthaen; Xaresh; Velthamor; Zhivokesh; Velvaraen; Zunesh; Velxar; Velxorin; Velzhiraen; Xarvel,The complete link set cannot yet be assigned to a particular meaning without implying an unsupported origin.
Lianor,scoped,lianor-s1,Lian; Lian-; Lianaen; Lianbel; Lianbelrin; Lianeth; Lianfel; Liankavor; Lianreth; Lianthal; Lianthalaen; Lianzhir; Shenlian; Sivshenlian; Thallian; Vellian; Worlian,Current recorded family connection applies to the listed meanings.
Kel,scoped,kel-s1; kel-s2; kel-s3; kel-s4,Kel-; Arukel; Dovkel; Jekkel; Kalkel; Keldoraen; Keljek; Kelka; Kelnemaen; Kelpel; Kelpral; Kelreth; Kelrin; Keltharaen; Kelvekral; Kelvok; Khumkel; Rakel; Rakukel; Rathlorkel; Sivkel; Velkelor; Welkelthar; Zhirkel,Current recorded family connection applies to the listed meanings.
Velmarin,open_hidden,,Marin; Vel; Velmarineth; Drenvelesh; Verdmarin; Eshvelaneth; Kavel; Kavelzhiraen; Pelveltrakor; Tharvelim; Velaen; Velaivkor; Velalivar; Velar; Velarshor; Velbelxar; Veleth; Velithor; Veljor; Velkavor; Velkelor; Velkorin; Velkrin; Vellian; Vellivaraen; Velmav; Velmek; Velmor; Velnor; Velpralaen; Velpralim; Velpralor; Velpraltrakor; Velrathor; Velterim; Velthaelvok; Velthaen; Velthamor; Velvaraen; Velxar; Velxorin; Velzhiraen; Xarvel,The complete link set cannot yet be assigned to a particular meaning without implying an unsupported origin.
Talaen,scoped,talaen-s1; talaen-s2,Tal; Drentalaen; Naktal; Shental; Talemilaen; Talrin; Talzhael; Weltal,Current recorded family connection applies to the listed meanings.
Shalaen,open_hidden,,Shal; Shal-; Drenshal; Dreshal; Kinnshal; Ohmshal; Remashalxar; Shalbal; Shaleth; Shalil; Shalithor; Shalkav; Shalkor; Shalnak; Shalnor; Shalor; Shalorin; Shalorveth; Shalpel; Shalrin; Shalshan; Shalvar; Vershalaen; Vethshal,The complete link set cannot yet be assigned to a particular meaning without implying an unsupported origin.
Drenkorath,open_hidden,,Kor; Athnor; Dren; Aivkor; Dovath; Dren-; Belkor; Felath; Drenaen; Belkoraen; Kalorinath; Drenalor; Drenkor; Krezmorath; Drenartheth; Ekor; Serathrin; Drenesh; Jelkor; Sivathaen; Dreneth; Korin; Zhirath; Drenfel; Korkalvar; Drenfellak; Kormek; Drenjor; Kormor; Drenkavvek; Kornali; Korpir; Drenlivar; Korsharvar; Drenpralaen; Korwek; Drenrek; Shalkor; Drenselaen; Vorkor; Drenshal; Zhelkor; Drentalaen; Zhirkor; Drenvaraen; Drenvelesh; Drenverd; Drenvokesh; Drenvor; Emildren; Eshdren; Eshdrenaen; Feldrenaen; Fennildren; Kelvordren; Krezdrenaen; Krezdrenvek; Lorinshaldren; Morldren; Peldren; Seldrenvinaen; Terradren; Vethdren; Vindrenaen; Zordren; Zordrenvinaen,The complete link set cannot yet be assigned to a particular meaning without implying an unsupported origin.
Tenar,open_hidden,,Eshtenor; Tenarorin; Tenarpralaen,The complete link set cannot yet be assigned to a particular meaning without implying an unsupported origin.
Lianeth,open_hidden,,Lian; Lian-; Lianaen; Lianbel; Lianbelrin; Lianfel; Liankavor; Lianor; Lianreth; Lianthal; Lianthalaen; Lianzhir; Shenlian; Sivshenlian; Thallian; Vellian; Worlian,The complete link set cannot yet be assigned to a particular meaning without implying an unsupported origin.
Thar-ka,scoped,thar-ka-s1; thar-ka-s2,Thar; Thar-; Keltharaen; Kreztharim; Morlatharim; Tharbel; Tharmor; Tharshara; Tharsharaen; Tharvelim; Tharvin; Tharvok; Veth'tharaen; Welkelthar,Current recorded family connection applies to the listed meanings.
Shen,open_hidden,,Belshen; Dralshen; Droshen; Felshen; Ka-Shen; Kalshen; Keshen; Krezshen; Lianrethshen; Morshen; Pelsheneth; Rethshen; Rinshen; Sharashen; Shenakar; Shenbel; Shendava; Shenkes; Shenkesor; Shenlian; Shenmek; Shenpralor; Shenral; Shenreth; Shental; Shentalzhael; Shenvarash; Shenzhir; Sivshen; Songashen; Thalaneshen; Vaarshen; Zhaelshen,The complete link set cannot yet be assigned to a particular meaning without implying an unsupported origin.
Kor,open_hidden,,Aivkor; Belkor; Belkoraen; Drenkor; Drenkorath; Ekor; Jelkor; Korin; Korkalvar; Kormek; Kormor; Kornali; Korpir; Korsharvar; Korwek; Shalkor; Vorkor; Zhelkor; Zhirkor,The complete link set cannot yet be assigned to a particular meaning without implying an unsupported origin.
Pral,open_hidden,,Balpral; Balpralaen; Belpralmek; Davapral; Drenpralaen; Dropralaen; Emilpral; Emilpralaen; Emilpraleth; Eshpral; Eshpralaen; Eshpralor; Kelpral; Krezpral; Krezpralaen; Mahrpral; Mahrpralor; Mekeshpral; Mekpralor; Morlpral; Morpralaen; Norpral; Pralaen; Pralbal; Pralfel; Pralhav; Pralilan; Pralin; Pralmor; Pralor; Pralral; Pralvek; Pralvinor; Pralvokesh; Rethpral; Rinpral; Selpralaen; Shenpralor; Tenarpralaen; Vekpralor; Velpralaen; Velpralim; Velpralor; Velpraltrakor; Vethpralaen; Welpralor; Zhaelpralaen; Zhelpralaen,The complete link set cannot yet be assigned to a particular meaning without implying an unsupported origin.
Vok,open_hidden,,Vok-; Belvok; Drenvokesh; Kalvok; Kalvokesh; Kavok; Kelvok; Lorlivok; Pelvokaen; Pralvokesh; Rethvok; Servok; Sharavok; Sivvok; Tharvok; Velthaelvok; Vokaen; Voktarin; Zhirvok; Zhivokesh,The complete link set cannot yet be assigned to a particular meaning without implying an unsupported origin.
Eth,open_hidden,,Dralshaneth; -eth; Khumeth; Arueth; Kilveth; Drenartheth; Terrashaneth; Dreneth; Velmarineth; Dumeth; Emilpraleth; Faheth; Feleth; Feneth; Gormeth; Haveth; Joreth; Kaarueth; Kadreneth; Kakesrineth; Kareth; Kaveth; Kaweleth; Korineth; Luneth; Maganeth; Mavbaleth; Mavbalshaneth; Maveth; Moreth; Normaveth; Nyeleth; Peleth; Pelsheneth; Praketh; Rethkaleth; Rinbeleth; Ruvaneth; Selineth; Shalbaleth; Shaleth; Shanartheth; Shenbeleth; Shenlianeth; Songaeth; Tlamoreth; Vaareth; Varokrakueth; Veleth; Vethshaleth; Voraeth; Weleth; Woreth; Zhaeleth; Zhelshaneth,The complete link set cannot yet be assigned to a particular meaning without implying an unsupported origin.
Shan,scoped,shan-s1; shan-s2,Anshanaen; Balshan; Belshan; Davashanaen; Dralshaneth; Emilshan; Lorzhiranshan; Lorzhirthalshan; Mavbalshanaen; Mavbalshaneth; Morlshan; Ndemshan; Nokashan; Norshan; Ohmshan; Ravshan; Selshan; Shalshan; Shanartheth; Shankalaen; Shanmek; Shanmorl; Shannali; Shantham; Shanvelrathor; Shanvelzhiraen; Terrashaneth; Thalshanaen; Urenshan; Vaarshan; Varshanmek; Velpralim; Worshankal; Zhelshan; Zhelshaneth,Current recorded family connection applies to the listed meanings.
Lianrethshen,scoped,lianrethshen-s1; lianrethshen-s2,Shen; Lianreth; Belshen; Lianrethaen; Dralshen; Lianrethor; Droshen; Lianrethxar; Felshen; Ka-Shen; Kalshen; Keshen; Krezshen; Morshen; Pelsheneth; Rethshen; Rinshen; Sharashen; Shenakar; Shenbel; Shendava; Shenkes; Shenkesor; Shenlian; Shenmek; Shenpralor; Shenral; Shenreth; Shental; Shentalzhael; Shenvarash; Shenzhir; Sivshen; Songashen; Thalaneshen; Vaarshen; Zhaelshen,Current recorded family connection applies to the listed meanings.
Vaarshen,scoped,vaarshen-s1; vaarshen-s2,Vaar; Shen; Vaarbelwek; Belshen; Vaareth; Dralshen; Vaarlor; Droshen; Vaarrin; Felshen; Vaarshan; Ka-Shen; Kalshen; Keshen; Krezshen; Lianrethshen; Morshen; Pelsheneth; Rethshen; Rinshen; Sharashen; Shenakar; Shenbel; Shendava; Shenkes; Shenkesor; Shenlian; Shenmek; Shenpralor; Shenral; Shenreth; Shental; Shentalzhael; Shenvarash; Shenzhir; Sivshen; Songashen; Thalaneshen; Zhaelshen,Current recorded family connection applies to the listed meanings.
Keldoraen,scoped,keldoraen-s1; keldoraen-s2,Kel; Dor; Kel-; Dorvekaen; Arukel; Dovkel; Jekkel; Kalkel; Keljek; Kelka; Kelnemaen; Kelpel; Kelpral; Kelreth; Kelrin; Keltharaen; Kelvekral; Kelvok; Khumkel; Rakel; Rakukel; Rathlorkel; Sivkel; Velkelor; Welkelthar; Zhirkel,Current recorded family connection applies to the listed meanings.
Ruvan,scoped,ruvan-s1; ruvan-s2,Ruvanaen; Ruvaneth,Current recorded family connection applies to the listed meanings.
Anvekaen,scoped,anvekaen-s1; anvekaen-s2,An; Vek; Andavaen; Balvek; Aneshxar; Belvekaen; Anmek; Dorvekaen; Anor; Drenkavvek; Anshanaen; Eshvek; Anvanesh; Felvek; Kaan; Jekzhirvek; Lorzhiranshan; Karvek; Varan; Kavvek; Kelvekral; Kormekvek; Krenzhirvek; Krezdrenvek; Krezvek; Lorvekaen; Lorvekral; Mahrvek; Mahrxarvek; Morvek; Ndavivek; Nethvek; Ngarvek; Pralvek; Ravjorvek; Ravvekaen; Rinvek; Shalilvek; Thalvekaen; Thamvek; Urenvek; Varvek; Vekaen; Vekin; Vekmor; Vekpralor; Vekvaraen; Vekxaror; Welvek; Xarvek; Zhelvek; Zhirvek,Current recorded family connection applies to the listed meanings.
Thalvekaen,scoped,thalvekaen-s1; thalvekaen-s2,Thal; Vek; Thal-; Anvekaen; Belthal; Balvek; Kilvthal; Belvekaen; Lianthal; Dorvekaen; Lianthalaen; Drenkavvek; Lorzhirthalshan; Eshvek; Nkathal; Felvek; Thalaneshen; Jekzhirvek; Thalbel; Karvek; Thaldavaen; Kavvek; Thalesh; Kelvekral; Thalkelreth; Kormekvek; Thallian; Krenzhirvek; Thalmek; Krezdrenvek; Thalnak; Krezvek; Thalnakin; Lorvekaen; Thalnor; Lorvekral; Thalnoraen; Mahrvek; Thalor; Mahrxarvek; Thalorim; Morvek; Thalshanaen; Ndavivek; Thalshorin; Nethvek; Thalvanesh; Ngarvek; Thalwelvar; Pralvek; Thalzhelaen; Ravjorvek; Ravvekaen; Rinvek; Shalilvek; Thamvek; Urenvek; Varvek; Vekaen; Vekin; Vekmor; Vekpralor; Vekvaraen; Vekxaror; Welvek; Xarvek; Zhelvek; Zhirvek,Current recorded family connection applies to the listed meanings.
Jorvar,scoped,jorvar-s1; jorvar-s2,Jor; Var; Jorvaraen; Drenjor; Var-; Drojormek; Drenvaraen; Eshjor; Eshvaraen; Joreth; Kesvar; Jorkal; Mahrvaraen; Jorlin; Pelvar; Jornak; Pelvaraen; Jornor; Shalvar; Jorvak; Thalwelvar; Jorvalin; Varan; Jorvilor; Varbelor; Jorzhael; Varnor; Jorzhel; Varral; Jorzhelkav; Varrinmek; Karjor; Varshanmek; Leyajor; Varshel; Morljor; Varvek; Ngarjor; Vekvaraen; Ngarjoraen; Velvaraen; Rathjor; Vethvar; Rathorjor; Wekvaraen; Ravjor; Xilvar; Sadarjor; Tavojorin; Veljor,Current recorded family connection applies to the listed meanings.
Njor,scoped,njor-s1; njor-s3,Dronjor,Current recorded family connection applies to the listed meanings.
Sel,scoped,sel-s1; sel-s2,Drenselaen; Drosel; Seldrenvinaen; Selineth; Selmek; Selmor; Selnemaen; Selpralaen; Selshan; Selzhir; Verdselzhir,Current recorded family connection applies to the listed meanings.
Thael,scoped,thael-s1; thael-s2,Aenthael; Eshthael; Karthael; Thaelaen; Thaelral; Velthaelvok,Current recorded family connection applies to the listed meanings.
Shentalzhael,scoped,shentalzhael-s1; shentalzhael-s2,Shen; Talzhael; Belshen; Talzhaelaen; Dralshen; Droshen; Felshen; Ka-Shen; Kalshen; Keshen; Krezshen; Lianrethshen; Morshen; Pelsheneth; Rethshen; Rinshen; Sharashen; Shenakar; Shenbel; Shendava; Shenkes; Shenkesor; Shenlian; Shenmek; Shenpralor; Shenral; Shenreth; Shental; Shenvarash; Shenzhir; Sivshen; Songashen; Thalaneshen; Vaarshen; Zhaelshen,Current recorded family connection applies to the listed meanings.
Im,scoped,im-s1; im-s2,Kreztharim; Morlatharim; Tharvelim; Velpralim; Velterim; Zhirelorim,Current recorded family connection applies to the listed meanings.
Thalesh,scoped,thalesh-s1; thalesh-s2,Thal; Thal-; Belthal; Kilvthal; Lianthal; Lianthalaen; Lorzhirthalshan; Nkathal; Thalaneshen; Thalbel; Thaldavaen; Thalkelreth; Thallian; Thalmek; Thalnak; Thalnakin; Thalnor; Thalnoraen; Thalor; Thalorim; Thalshanaen; Thalshorin; Thalvanesh; Thalvekaen; Thalwelvar; Thalzhelaen,Current recorded family connection applies to the listed meanings.
Thalor,scoped,thalor-s1; thalor-s2,Thal; Thal-; Belthal; Kilvthal; Lianthal; Lianthalaen; Lorzhirthalshan; Nkathal; Thalaneshen; Thalbel; Thaldavaen; Thalesh; Thalkelreth; Thallian; Thalmek; Thalnak; Thalnakin; Thalnor; Thalnoraen; Thalorim; Thalshanaen; Thalshorin; Thalvanesh; Thalvekaen; Thalwelvar; Thalzhelaen,Current recorded family connection applies to the listed meanings.
Vanesh,scoped,vanesh-s1; vanesh-s2,Anvanesh; Thalaneshen; Thalvanesh; Vaneshem,Current recorded family connection applies to the listed meanings.
Kar,scoped,kar-s1; kar-s2,Arthkaraen; Eshkar; Kareth; Karethaen; Karjor; Karmek; Karthael; Karvek; Morkar; Pelkar; Ravkar; Thamkar; Vorkaral,Current recorded family connection applies to the listed meanings.
Jor,scoped,jor-s1; jor-s2,Drenjor; Drojormek; Eshjor; Joreth; Jorkal; Jorlin; Jornak; Jornor; Jorvak; Jorvalin; Jorvar; Jorvilor; Jorzhael; Jorzhel; Jorzhelkav; Karjor; Leyajor; Morljor; Ngarjor; Ngarjoraen; Rathjor; Rathorjor; Ravjor; Sadarjor; Tavojorin; Veljor,Current recorded family connection applies to the listed meanings.
Bren,scoped,bren-s1; bren-s2,Brenmor; Brenvor; Kesbrenaen; Neshbrenaen; Neshbrenral; Xilbren,Current recorded family connection applies to the listed meanings.
Xar,scoped,xar-s1; xar-s2,Aivkorxar; Aneshxar; Arthaxar; Belxar; Davaxar; Dralxar; Eshxar; Kaxaraen; Kesxar; Korinxar; Lianrethxar; Lorinorxar; Lorinshalxar; Mahrxaror; Mahrxarvek; Mavbalxar; Nderuxar; Remashalxar; Remaxar; Vekxaror; Velxar; Verdxar; Wekxar; Xaraen; Xardava; Xaresh; Xarfelvin; Xarkaleth; Xarkrezaen; Xarlorin; Xarmetha; Xarmorl; Xarnesh; Xaror; Xarphelor; Xarrin; Xarvek; Xarvel; Xarvethral; Xarwelor; Xarzhir; Zhelxar; Zorxar,Current recorded family connection applies to the listed meanings.
-in,open_hidden,,Dovin; Felin; Gavin; Nakin; Pralin; Ravwekin; Savin; Serin; Tavojorin; Thaenin; Vekin; Verdin; Zhaelin; Zhirin; Zhivorin,The complete link set cannot yet be assigned to a particular meaning without implying an unsupported origin.
-en,open_hidden,,Liorin; Melen; Thalaneshen,The complete link set cannot yet be assigned to a particular meaning without implying an unsupported origin.
-eth,open_hidden,,Shaleth; Gormeth; Woreth; Kaleth,The complete link set cannot yet be assigned to a particular meaning without implying an unsupported origin.
nor-ka,scoped,nor-ka-s2,Nor; Aennor; Athnor; Belnoraen; Delnor; Eshnor; Eshweknor; Felnor; Jornor; Nethnor; Noraen; Noral; Normav; Normek; Norpral; Norreth; Norshan; Norzhir; Pelnor; Rathnor; Sernor; Shalnor; Thalnor; Thalnoraen; Varnor; Velnor; Vethnor; Weknor; Xilnor,Current recorded family connection applies to the listed meanings.
