headword,before,after,source_entry_ids,basis
Weknor,nor + Wek,Wek + nor,LX-V2-0112,The recorded parts join exactly to spell the headword in this order.
Worvenak,venak + Wor,Wor + venak,LX-V2-0113,The recorded parts join exactly to spell the headword in this order.
Serenkal,Kal + Seren,Seren + Kal,LX-V2-0129,The recorded parts join exactly to spell the headword in this order.
Belshen,Shen + Bel,Bel + Shen,LX-V2-0137,The recorded parts join exactly to spell the headword in this order.
Jorvilor,vilor + Jor,Jor + vilor,LX-V2-0166,The recorded parts join exactly to spell the headword in this order.
Velmek,mek + Vel,Vel + mek,LX-V2-0168,The recorded parts join exactly to spell the headword in this order.
Drenlivar,livar + Dren,Dren + livar,LX-V2-0171,The recorded parts join exactly to spell the headword in this order.
Voktarin,tarin + Vok,Vok + tarin,LX-V2-0181,The recorded parts join exactly to spell the headword in this order.
Velthamor,tham + Vel + or,Vel + tham + or,LX-V2-0183,The recorded parts join exactly to spell the headword in this order.
Eshvilor,vilor + Esh,Esh + vilor,LX-V2-0184,The recorded parts join exactly to spell the headword in this order.
Morvenak,venak + Mor,Mor + venak,LX-V2-0187,The recorded parts join exactly to spell the headword in this order.
Kreztorin,torin + Krez,Krez + torin,LX-V2-0188,The recorded parts join exactly to spell the headword in this order.
Vethsoril,soril + Veth,Veth + soril,LX-V2-0192,The recorded parts join exactly to spell the headword in this order.
Fenrek,rek + Fen,Fen + rek,LX-V2-0200,The recorded parts join exactly to spell the headword in this order.
Tharvin,vin + Thar,Thar + vin,LX-V2-0201,The recorded parts join exactly to spell the headword in this order.
Velthaen,thaen + Vel,Vel + thaen,LX-V2-0202,The recorded parts join exactly to spell the headword in this order.
Eshthael,thael + Esh,Esh + thael,LX-V2-0203,The recorded parts join exactly to spell the headword in this order.
Velarshor,arshor + Vel,Vel + arshor,LX-V2-0206,The recorded parts join exactly to spell the headword in this order.
Drenalor,alor + Dren,Dren + alor,LX-V2-0207,The recorded parts join exactly to spell the headword in this order.
Krezrek,rek + Krez,Krez + rek,LX-V2-0210,The recorded parts join exactly to spell the headword in this order.
Ilinor,-or + Ilin,Ilin + -or,LX-V2-0213,The recorded parts join exactly to spell the headword in this order.
Velkavor,kav + Vel + or,Vel + kav + or,LX-V3-0044,The recorded parts join exactly to spell the headword in this order.
Xarvethral,veth + Xar + ral,Xar + veth + ral,LX-V3-0046,The recorded parts join exactly to spell the headword in this order.
Belvethral,veth + Bel + ral,Bel + veth + ral,LX-V3-0058,The recorded parts join exactly to spell the headword in this order.
Velpralim,im + Vel + pral,Vel + pral + im,LX-V3-0110,The recorded parts join exactly to spell the headword in this order.
Kreztharim,im + Krez + thar,Krez + thar + im,LX-V3-0111,The recorded parts join exactly to spell the headword in this order.
Zhivokesh,vok + esh + Zhi,Zhi + vok + esh,LX-V3-0112,The recorded parts join exactly to spell the headword in this order.
Zhirelorim,elor + Zhir + im,Zhir + elor + im,LX-V3-0114,The recorded parts join exactly to spell the headword in this order.
Velthaelvok,thael + Vel + vok,Vel + thael + vok,LX-V3-0117,The recorded parts join exactly to spell the headword in this order.
Drenkorath,kor + ath + Dren,Dren + kor + ath,LX-V3-0119,The recorded parts join exactly to spell the headword in this order.
Velterim,Vel + im + ter,Vel + ter + im,LX-V3-0121,The recorded parts join exactly to spell the headword in this order.
Vorkor,Kor + Vor,Vor + Kor,LX-V4-0012,The recorded parts join exactly to spell the headword in this order.
Shalkor,Kor + Shal,Shal + Kor,LX-V4-0019,The recorded parts join exactly to spell the headword in this order.
Karethaen,-aen + Kareth,Kareth + -aen,LX-V4-0050,The recorded parts join exactly to spell the headword in this order.
Vethoraen,-aen + Vethor,Vethor + -aen,LX-V4-0056,The recorded parts join exactly to spell the headword in this order.
Vethral,Ral + Veth,Veth + Ral,LX-V4-0058,The recorded parts join exactly to spell the headword in this order.
Rethvok,Vok + Reth,Reth + Vok,LX-V4-0075,The recorded parts join exactly to spell the headword in this order.
Korineth,-eth + Korin,Korin + -eth,LX-V4-0078,The recorded parts join exactly to spell the headword in this order.
Kinnshara,Shara + Kinn-,Kinn- + Shara,LX-V4-0080,The recorded parts join exactly to spell the headword in this order.
Tharvin-Wek,Wek + Tharvin,Tharvin + Wek,LX-V4-0084,The recorded parts join exactly to spell the headword in this order.
Lormahr,Mahr + Lor,Lor + Mahr,LX-NE1-0010,The recorded parts join exactly to spell the headword in this order.
Mekrask,Rask + Mek,Mek + Rask,LX-DSL1-0009,The recorded parts join exactly to spell the headword in this order.
Pelaivaen,Aiv + Pel + -aen,Pel + Aiv + -aen,LX-DSL1-0017,The recorded parts join exactly to spell the headword in this order.
Rekaivaen,Aiv + Rek + -aen,Rek + Aiv + -aen,LX-DSL1-0018,The recorded parts join exactly to spell the headword in this order.
Brossov,Sov + Bros,Bros + Sov,LX-FAP1-0007,The recorded parts join exactly to spell the headword in this order.
Verdsov,Sov + Verd,Verd + Sov,LX-FAP1-0008,The recorded parts join exactly to spell the headword in this order.
Vilorsov,Sov + Vilor,Vilor + Sov,LX-FAP1-0009,The recorded parts join exactly to spell the headword in this order.
Xarnesh,Nesh + Xar,Xar + Nesh,LX-FAP1-0016,The recorded parts join exactly to spell the headword in this order.
Belzor,Zor + Bel,Bel + Zor,LX-FAP1-0019,The recorded parts join exactly to spell the headword in this order.
Belzoraen,Zor + Bel + -aen,Bel + Zor + -aen,LX-FAP1-0020,The recorded parts join exactly to spell the headword in this order.
Belzorral,Ral + Belzor,Belzor + Ral,LX-FAP1-0021,The recorded parts join exactly to spell the headword in this order.
Zornelar,Nelar + Zor,Zor + Nelar,LX-FAP1-0027,The recorded parts join exactly to spell the headword in this order.
Emildren,Dren + Emil,Emil + Dren,LX-FAP1-0030,The recorded parts join exactly to spell the headword in this order.
Emilolan,Olan + Emil,Emil + Olan,LX-FAP2-0005,The recorded parts join exactly to spell the headword in this order.
Morolan,Olan + Mor,Mor + Olan,LX-FAP2-0006,The recorded parts join exactly to spell the headword in this order.
Emilshara,Shara + Emil,Emil + Shara,LX-FAP2-0008,The recorded parts join exactly to spell the headword in this order.
Emilpralaen,Pral + -aen + Emil,Emil + Pral + -aen,LX-FAP2-0009,The recorded parts join exactly to spell the headword in this order.
Balemilaen,Bal + -aen + Emil,Bal + Emil + -aen,LX-FAP2-0020,The recorded parts join exactly to spell the headword in this order.
Emilpraleth,Pral + -eth + Emil,Emil + Pral + -eth,LX-FAP2-0030,The recorded parts join exactly to spell the headword in this order.
Talemilaen,Tal + -aen + Emil,Tal + Emil + -aen,LX-FAP2-0032,The recorded parts join exactly to spell the headword in this order.
Belxaraen,-aen + Belxar,Belxar + -aen,LX-CWM1-0002,The recorded parts join exactly to spell the headword in this order.
Lorinorxar,Xar + Lorinor,Lorinor + Xar,LX-CWM1-0007,The recorded parts join exactly to spell the headword in this order.
Belmekaen,-aen + Belmek,Belmek + -aen,LX-CWM1-0013,The recorded parts join exactly to spell the headword in this order.
Kabelmekaen,Ka + -aen + Belmek,Ka + Belmek + -aen,LX-CWM1-0014,The recorded parts join exactly to spell the headword in this order.
Korinxar,Xar + Korin,Korin + Xar,LX-CWM1-0015,The recorded parts join exactly to spell the headword in this order.
Lorinshalxar,Xar + Lorinshal,Lorinshal + Xar,LX-CWM1-0016,The recorded parts join exactly to spell the headword in this order.
Belsura,Sura + Bel,Bel + Sura,LX-CWM1-0021,The recorded parts join exactly to spell the headword in this order.
Shenlianaen,-aen + Shenlian,Shenlian + -aen,LX-TM1-0025,The recorded parts join exactly to spell the headword in this order.
Selshanaen,-aen + Selshan,Selshan + -aen,LX-TM1-0032,The recorded parts join exactly to spell the headword in this order.
Kormekvek,Vek + Kormek,Kormek + Vek,LX-TVO1-0005,The recorded parts join exactly to spell the headword in this order.
Shalilvek,Vek + Shalil,Shalil + Vek,LX-TVO1-0011,The recorded parts join exactly to spell the headword in this order.
Krenzhirvek,Vek + Krenzhir,Krenzhir + Vek,LX-TVO1-0014,The recorded parts join exactly to spell the headword in this order.
Kormekaen,-aen + Kormek,Kormek + -aen,LX-TVO1-0017,The recorded parts join exactly to spell the headword in this order.
Jorvaraen,-aen + Jorvar,Jorvar + -aen,LX-TVO1-0026,The recorded parts join exactly to spell the headword in this order.
Mbalanmor,Mor + Mbalan,Mbalan + Mor,LX-BSPI1-0009,The recorded parts join exactly to spell the headword in this order.
Dronjor,Njor + Dro,Dro + Njor,LX-BSPI1-0035,The recorded parts join exactly to spell the headword in this order.
Lorbelaen,-aen + Lorbel,Lorbel + -aen,LX-GCI1-0003,The recorded parts join exactly to spell the headword in this order.
Khumkelral,Ral + Khumkel,Khumkel + Ral,LX-GCI1-0005,The recorded parts join exactly to spell the headword in this order.
Belvoklor,Lor + Belvok,Belvok + Lor,LX-GCI1-0007,The recorded parts join exactly to spell the headword in this order.
Lorbelral,Ral + Lorbel,Lorbel + Ral,LX-GCI1-0008,The recorded parts join exactly to spell the headword in this order.
Shentalaen,-aen + Shental,Shental + -aen,LX-GCI1-0015,The recorded parts join exactly to spell the headword in this order.
Weltalaen,-aen + Weltal,Weltal + -aen,LX-GCI1-0017,The recorded parts join exactly to spell the headword in this order.
Thalkelrethaen,-aen + Thalkelreth,Thalkelreth + -aen,LX-GCI1-0020,The recorded parts join exactly to spell the headword in this order.
Welrinath,-ath + Welrin,Welrin + -ath,LX-GCI1-0022,The recorded parts join exactly to spell the headword in this order.
Verkalkelaen,Ver- + -aen + Kalkel,Ver- + Kalkel + -aen,LX-GCI1-0026,The recorded parts join exactly to spell the headword in this order.
Mormekral,Ral + Mormek,Mormek + Ral,LX-WRT1-0005,The recorded parts join exactly to spell the headword in this order.
Lorzhiranshan,An + Shan + Lorzhir,Lorzhir + An + Shan,LX-WRT1-0012,The recorded parts join exactly to spell the headword in this order.
Lorzhirthalshan,Thal + Shan + Lorzhir,Lorzhir + Thal + Shan,LX-WRT1-0013,The recorded parts join exactly to spell the headword in this order.
Ianath,-ath + Ian,Ian + -ath,LX-WRT1-0014,The recorded parts join exactly to spell the headword in this order.
Ravjorvek,Vek + Ravjor,Ravjor + Vek,LX-DW1-0005,The recorded parts join exactly to spell the headword in this order.
Lorpelaen,-aen + Lorpel,Lorpel + -aen,LX-OC1-0007,The recorded parts join exactly to spell the headword in this order.
Vethvaraen,-aen + Vethvar,Vethvar + -aen,LX-OC1-0010,The recorded parts join exactly to spell the headword in this order.
Tlamoraen,-aen + Tlamor,Tlamor + -aen,LX-SBD1-0002,The recorded parts join exactly to spell the headword in this order.
Tlamoreth,-eth + Tlamor,Tlamor + -eth,LX-SBD1-0003,The recorded parts join exactly to spell the headword in this order.
Shalbalaen,-aen + Shalbal,Shalbal + -aen,LX-SBD1-0005,The recorded parts join exactly to spell the headword in this order.
Shalbaleth,-eth + Shalbal,Shalbal + -eth,LX-SBD1-0006,The recorded parts join exactly to spell the headword in this order.
Kaldov,Dov + Kal,Kal + Dov,LX-RC1-0005,The recorded parts join exactly to spell the headword in this order.
Shalnak,Nak + Shal,Shal + Nak,LX-RC1-0014,The recorded parts join exactly to spell the headword in this order.
Shalnakaen,-aen + Shalnak,Shalnak + -aen,LX-RC1-0015,The recorded parts join exactly to spell the headword in this order.
Vethnak,Nak + Veth,Veth + Nak,LX-RC1-0016,The recorded parts join exactly to spell the headword in this order.
Vethnakaen,-aen + Vethnak,Vethnak + -aen,LX-RC1-0017,The recorded parts join exactly to spell the headword in this order.
Thalnak,Nak + Thal,Thal + Nak,LX-RC1-0018,The recorded parts join exactly to spell the headword in this order.
Jornak,Nak + Jor,Jor + Nak,LX-RC1-0019,The recorded parts join exactly to spell the headword in this order.
Jornakaen,-aen + Jornak,Jornak + -aen,LX-RC1-0020,The recorded parts join exactly to spell the headword in this order.
Trakshalilaen,Trak + -aen + Shalil,Trak + Shalil + -aen,LX-RC1-0021,The recorded parts join exactly to spell the headword in this order.
Mahrshalilaen,Mahr + -aen + Shalil,Mahr + Shalil + -aen,LX-RC1-0022,The recorded parts join exactly to spell the headword in this order.
Aennoraen,-aen + Aennor,Aennor + -aen,LX-PSAC1-0002,The recorded parts join exactly to spell the headword in this order.
Aennorral,Ral + Aennor,Aennor + Ral,LX-PSAC1-0003,The recorded parts join exactly to spell the headword in this order.
Aenthaelaen,-aen + Aenthael,Aenthael + -aen,LX-PSAC1-0006,The recorded parts join exactly to spell the headword in this order.
Aenthaelral,Ral + Aenthael,Aenthael + Ral,LX-PSAC1-0007,The recorded parts join exactly to spell the headword in this order.
Karthaelaen,-aen + Karthael,Karthael + -aen,LX-PSAC1-0010,The recorded parts join exactly to spell the headword in this order.
Karthaelral,Ral + Karthael,Karthael + Ral,LX-PSAC1-0011,The recorded parts join exactly to spell the headword in this order.
Zhirkelral,Ral + Zhirkel,Zhirkel + Ral,LX-PSAC1-0016,The recorded parts join exactly to spell the headword in this order.
Rinpralral,Ral + Rinpral,Rinpral + Ral,LX-PSAC1-0018,The recorded parts join exactly to spell the headword in this order.
Norpralaen,-aen + Norpral,Norpral + -aen,LX-PSAC1-0020,The recorded parts join exactly to spell the headword in this order.
Norpralral,Ral + Norpral,Norpral + Ral,LX-PSAC1-0021,The recorded parts join exactly to spell the headword in this order.
Norpralor,-or + Norpral,Norpral + -or,LX-PSAC1-0023,The recorded parts join exactly to spell the headword in this order.
Keshenaen,-aen + Keshen,Keshen + -aen,LX-HTS1-0005,The recorded parts join exactly to spell the headword in this order.
Keshenath,-ath + Keshen,Keshen + -ath,LX-HTS1-0006,The recorded parts join exactly to spell the headword in this order.
Talzhaelaen,-aen + Talzhael,Talzhael + -aen,LX-HTS1-0012,The recorded parts join exactly to spell the headword in this order.
Mavbaleth,-eth + Mavbal,Mavbal + -eth,LX-HTS1-0018,The recorded parts join exactly to spell the headword in this order.
Mavbalshaneth,Shan + -eth + Mavbal,Mavbal + Shan + -eth,LX-HTS1-0019,The recorded parts join exactly to spell the headword in this order.
Aivkorxar,Xar + Aivkor,Aivkor + Xar,LX-HTS1-0021,The recorded parts join exactly to spell the headword in this order.
Mavmorzhael,Zhael + Mavmor,Mavmor + Zhael,LX-HTS1-0023,The recorded parts join exactly to spell the headword in this order.
Rathlorkel,Kel + Rathlor,Rathlor + Kel,LX-HTS1-0025,The recorded parts join exactly to spell the headword in this order.
Kakesrineth,-eth + Kakesrin,Kakesrin + -eth,LX-HTS1-0032,The recorded parts join exactly to spell the headword in this order.
Kesrinaen,-aen + Kesrin,Kesrin + -aen,LX-HTS1-0033,The recorded parts join exactly to spell the headword in this order.
Vaarshanaen,-aen + Vaarshan,Vaarshan + -aen,LX-HTS1-0035,The recorded parts join exactly to spell the headword in this order.
Thalwelvaraen,-aen + Thalwelvar,Thalwelvar + -aen,LX-HTS1-0037,The recorded parts join exactly to spell the headword in this order.
Mavbalshanaen,Shan + -aen + Mavbal,Mavbal + Shan + -aen,LX-HTS1-0038,The recorded parts join exactly to spell the headword in this order.
Mavbalxar,Xar + Mavbal,Mavbal + Xar,LX-HTS1-0039,The recorded parts join exactly to spell the headword in this order.
Velkmorl,Morl + Velk,Velk + Morl,LX-EGE1-0011,The recorded parts join exactly to spell the headword in this order.
Welnali,Nali + Wel,Wel + Nali,LX-EGE1-0046,The recorded parts join exactly to spell the headword in this order.
Kornali,Nali + Kor,Kor + Nali,LX-EGE1-0047,The recorded parts join exactly to spell the headword in this order.
Shannali,Nali + Shan,Shan + Nali,LX-EGE1-0048,The recorded parts join exactly to spell the headword in this order.
Dumanali,Nali + Duma,Duma + Nali,LX-EGE1-0050,The recorded parts join exactly to spell the headword in this order.
Rathnali,Nali + Rath,Rath + Nali,LX-EGE1-0051,The recorded parts join exactly to spell the headword in this order.
Emilzhir,Zhir + Emil,Emil + Zhir,LX-EGE1-0057,The recorded parts join exactly to spell the headword in this order.
Emilbel,Bel + Emil,Emil + Bel,LX-EGE1-0058,The recorded parts join exactly to spell the headword in this order.
Welgorm,Gorm + Wel,Wel + Gorm,LX-EGE1-0062,The recorded parts join exactly to spell the headword in this order.
Worsul,Sul + Wor,Wor + Sul,LX-EGE1-0068,The recorded parts join exactly to spell the headword in this order.
Kasul,Sul + Ka,Ka + Sul,LX-EGE1-0069,The recorded parts join exactly to spell the headword in this order.
Kavsul,Sul + Kav,Kav + Sul,LX-EGE1-0070,The recorded parts join exactly to spell the headword in this order.
Weksul,Sul + Wek,Wek + Sul,LX-EGE1-0071,The recorded parts join exactly to spell the headword in this order.
Versul,Sul + Ver,Ver + Sul,LX-EGE1-0072,The recorded parts join exactly to spell the headword in this order.
Shendava,Dava + Shen,Shen + Dava,LX-ICAES1-0002,The recorded parts join exactly to spell the headword in this order.
Kavdava,Dava + Kav,Kav + Dava,LX-ICAES1-0003,The recorded parts join exactly to spell the headword in this order.
Beldava,Dava + Bel,Bel + Dava,LX-ICAES1-0005,The recorded parts join exactly to spell the headword in this order.
Zheldava,Dava + Zhel,Zhel + Dava,LX-ICAES1-0007,The recorded parts join exactly to spell the headword in this order.
Belraku,Raku + Bel,Bel + Raku,LX-ICAES1-0017,The recorded parts join exactly to spell the headword in this order.
Varokraku,Raku + Varok,Varok + Raku,LX-ICAES1-0018,The recorded parts join exactly to spell the headword in this order.
Varokrakuaen,-aen + Varokraku,Varokraku + -aen,LX-ICAES1-0019,The recorded parts join exactly to spell the headword in this order.
Varokrakueth,-eth + Varokraku,Varokraku + -eth,LX-ICAES1-0020,The recorded parts join exactly to spell the headword in this order.
Kavdeldava,Dava + Kav + Del,Kav + Del + Dava,LX-ICAES1-0026,The recorded parts join exactly to spell the headword in this order.
Rethdava,Dava + Reth,Reth + Dava,LX-ICAES1-0032,The recorded parts join exactly to spell the headword in this order.
Xardava,Dava + Xar,Xar + Dava,LX-ICAES1-0033,The recorded parts join exactly to spell the headword in this order.
Mekkesaen,-aen + Mekkes,Mekkes + -aen,LX-ICAES1-0055,The recorded parts join exactly to spell the headword in this order.
Varokmek,Mek + Varok,Varok + Mek,LX-ICAES1-0056,The recorded parts join exactly to spell the headword in this order.
Zunesh,Esh + Zun,Zun + Esh,LX-SAC1-0004,The recorded parts join exactly to spell the headword in this order.
Kreznyel,Nyel + Krez,Krez + Nyel,LX-SAC1-0007,The recorded parts join exactly to spell the headword in this order.
Ravwekaen,-aen + Ravwek,Ravwek + -aen,LX-SAC1-0015,The recorded parts join exactly to spell the headword in this order.
Ravwekin,-in + Ravwek,Ravwek + -in,LX-SAC1-0016,The recorded parts join exactly to spell the headword in this order.
Dralxaraen,-aen + Dralxar,Dralxar + -aen,LX-SAC1-0018,The recorded parts join exactly to spell the headword in this order.
Felvora,Vora + Fel,Fel + Vora,LX-SAC1-0019,The recorded parts join exactly to spell the headword in this order.
Zhirnyel,Nyel + Zhir,Zhir + Nyel,LX-SAC1-0020,The recorded parts join exactly to spell the headword in this order.
Shenbeleth,-eth + Shenbel,Shenbel + -eth,LX-SAC1-0029,The recorded parts join exactly to spell the headword in this order.
Shenkesaen,-aen + Shenkes,Shenkes + -aen,LX-SAC1-0031,The recorded parts join exactly to spell the headword in this order.
Sivshenaen,-aen + Sivshen,Sivshen + -aen,LX-SAC1-0034,The recorded parts join exactly to spell the headword in this order.
Rinmekaen,-aen + Rinmek,Rinmek + -aen,LX-SAC1-0038,The recorded parts join exactly to spell the headword in this order.
Varrinmekaen,-aen + Varrinmek,Varrinmek + -aen,LX-SAC1-0040,The recorded parts join exactly to spell the headword in this order.
Felshenaen,-aen + Felshen,Felshen + -aen,LX-SAC1-0042,The recorded parts join exactly to spell the headword in this order.
Sivshenlian,Lian + Sivshen,Sivshen + Lian,LX-SAC1-0044,The recorded parts join exactly to spell the headword in this order.
Rethshen,Shen + Reth,Reth + Shen,LX-SAC1-0045,The recorded parts join exactly to spell the headword in this order.
Shenlianeth,-eth + Shenlian,Shenlian + -eth,LX-SAC1-0047,The recorded parts join exactly to spell the headword in this order.
Shenvarashaen,-aen + Shenvarash,Shenvarash + -aen,LX-SAC1-0050,The recorded parts join exactly to spell the headword in this order.
Weksivshenaen,-aen + Weksivshen,Weksivshen + -aen,LX-SAC1-0052,The recorded parts join exactly to spell the headword in this order.
Kaarueth,Aru + Ka + -eth,Ka + Aru + -eth,LX-GMMP1-0003,The recorded parts join exactly to spell the headword in this order.
Rinaru,Aru + Rin,Rin + Aru,LX-GMMP1-0006,The recorded parts join exactly to spell the headword in this order.
Kalaru,Aru + Kal,Kal + Aru,LX-GMMP1-0007,The recorded parts join exactly to spell the headword in this order.
Esharu,Aru + Esh,Esh + Aru,LX-GMMP1-0008,The recorded parts join exactly to spell the headword in this order.
Arukelaen,-aen + Arukel,Arukel + -aen,LX-GMMP1-0010,The recorded parts join exactly to spell the headword in this order.
Rinbelaen,-aen + Rinbel,Rinbel + -aen,LX-GMMP1-0013,The recorded parts join exactly to spell the headword in this order.
Rinbeleth,-eth + Rinbel,Rinbel + -eth,LX-GMMP1-0014,The recorded parts join exactly to spell the headword in this order.
Kaaruaen,Aru + Ka + -aen,Ka + Aru + -aen,LX-GMMP1-0017,The recorded parts join exactly to spell the headword in this order.
Mekaru,Aru + Mek,Mek + Aru,LX-GMMP1-0022,The recorded parts join exactly to spell the headword in this order.
Thaenohmaen,-aen + Thaenohm,Thaenohm + -aen,LX-GMMP1-0025,The recorded parts join exactly to spell the headword in this order.
Thaenbelaen,-aen + Thaenbel,Thaenbel + -aen,LX-GMMP1-0028,The recorded parts join exactly to spell the headword in this order.
Shalrinaen,-aen + Shalrin,Shalrin + -aen,LX-GMMP1-0038,The recorded parts join exactly to spell the headword in this order.
Vethshalaen,-aen + Vethshal,Vethshal + -aen,LX-GMMP1-0040,The recorded parts join exactly to spell the headword in this order.
Vethshaleth,-eth + Vethshal,Vethshal + -eth,LX-GMMP1-0041,The recorded parts join exactly to spell the headword in this order.
Tharbelaen,-aen + Tharbel,Tharbel + -aen,LX-GMMP1-0043,The recorded parts join exactly to spell the headword in this order.
Kesxaraen,-aen + Kesxar,Kesxar + -aen,LX-GMMP1-0046,The recorded parts join exactly to spell the headword in this order.
Worshankalaen,-aen + Worshankal,Worshankal + -aen,LX-GMMP1-0048,The recorded parts join exactly to spell the headword in this order.
Rethkal,Kal + Reth,Reth + Kal,LX-GMMP1-0049,The recorded parts join exactly to spell the headword in this order.
Rethkaleth,-eth + Rethkal,Rethkal + -eth,LX-GMMP1-0050,The recorded parts join exactly to spell the headword in this order.
Dovhav,Hav + Dov,Dov + Hav,LX-HLPS1-0004,The recorded parts join exactly to spell the headword in this order.
Dovkelaen,-aen + Dovkel,Dovkel + -aen,LX-HLPS1-0006,The recorded parts join exactly to spell the headword in this order.
Pralhav,Hav + Pral,Pral + Hav,LX-HLPS1-0008,The recorded parts join exactly to spell the headword in this order.
Dovhavral,Ral + Dovhav,Dovhav + Ral,LX-HLPS1-0009,The recorded parts join exactly to spell the headword in this order.
Havrathaen,-aen + Havrath,Havrath + -aen,LX-HLPS1-0011,The recorded parts join exactly to spell the headword in this order.
Rethnem,Nem + Reth,Reth + Nem,LX-UHEI1-0003,The recorded parts join exactly to spell the headword in this order.
Rethnemaen,-aen + Rethnem,Rethnem + -aen,LX-UHEI1-0004,The recorded parts join exactly to spell the headword in this order.
Kelnemaen,Nem + Kel + -aen,Kel + Nem + -aen,LX-UHEI1-0005,The recorded parts join exactly to spell the headword in this order.
Selnemaen,Nem + Sel + -aen,Sel + Nem + -aen,LX-UHEI1-0006,The recorded parts join exactly to spell the headword in this order.
Fahohmaen,-aen + Fahohm,Fahohm + -aen,LX-UHEI1-0011,The recorded parts join exactly to spell the headword in this order.
Ravohmaen,-aen + Ravohm,Ravohm + -aen,LX-UHEI1-0017,The recorded parts join exactly to spell the headword in this order.
Kavkrezaen,-aen + Kavkrez,Kavkrez + -aen,LX-UHEI1-0019,The recorded parts join exactly to spell the headword in this order.
Fahrethaen,-aen + Fahreth,Fahreth + -aen,LX-UHEI1-0021,The recorded parts join exactly to spell the headword in this order.
Kalvargora,Gora + Kalvar,Kalvar + Gora,LX-BIAOBF1-0006,The recorded parts join exactly to spell the headword in this order.
Koringora,Gora + Korin,Korin + Gora,LX-BIAOBF1-0008,The recorded parts join exactly to spell the headword in this order.
Sharvargora,Gora + Sharvar,Sharvar + Gora,LX-BIAOBF1-0011,The recorded parts join exactly to spell the headword in this order.
Morlkagora,Gora + Morlka,Morlka + Gora,LX-BIAOBF1-0012,The recorded parts join exactly to spell the headword in this order.
Morlkapir,Pir + Morlka,Morlka + Pir,LX-BIAOBF1-0013,The recorded parts join exactly to spell the headword in this order.
Xarmetha,Metha + Xar,Xar + Metha,LX-BIAOBF1-0014,The recorded parts join exactly to spell the headword in this order.
Kalmetha,Metha + Kal,Kal + Metha,LX-BIAOBF1-0016,The recorded parts join exactly to spell the headword in this order.
Aentash,Tash + Aen,Aen + Tash,LX-BIAOBF1-0022,The recorded parts join exactly to spell the headword in this order.
Emiltash,Tash + Emil,Emil + Tash,LX-BIAOBF1-0025,The recorded parts join exactly to spell the headword in this order.
Emilshan,Shan + Emil,Emil + Shan,LX-BIAOBF1-0026,The recorded parts join exactly to spell the headword in this order.
Ndemwekaen,-aen + Ndemwek,Ndemwek + -aen,LX-BIAOBF1-0043,The recorded parts join exactly to spell the headword in this order.
Kakesrinaen,-aen + Kakesrin,Kakesrin + -aen,LX-BIAOBF1-0044,The recorded parts join exactly to spell the headword in this order.
Leyajoraen,-aen + Leyajor,Leyajor + -aen,LX-RABFE2-0015,The recorded parts join exactly to spell the headword in this order.
Kelvordren,Dren + Kelvor,Kelvor + Dren,LX-RABFE2-0016,The recorded parts join exactly to spell the headword in this order.
Lorinshaldren,Dren + Lorinshal,Lorinshal + Dren,LX-RABFE2-0017,The recorded parts join exactly to spell the headword in this order.
Morlkavesh,Vesh + Morlka,Morlka + Vesh,LX-RABFE2-0019,The recorded parts join exactly to spell the headword in this order.
Eshvan,Van + Esh,Esh + Van,LX-DR1-0021,The recorded parts join exactly to spell the headword in this order.
Vorkaral,Kar + Vor + -al,Vor + Kar + -al,LX-DR1-0029,The recorded parts join exactly to spell the headword in this order.
Terrarav,Rav + Terra,Terra + Rav,LX-DR1-0032,The recorded parts join exactly to spell the headword in this order.
Serin,-in + Ser,Ser + -in,DX-serin,The recorded parts join exactly to spell the headword in this order.
