headword,use_type,current_usage_note
-al,Suffix,Preserved as standalone root/morpheme because source clearly defines it.
-as,Suffix,Preserved as standalone root/morpheme because source clearly defines it.
-ath,Suffix,Preserved as standalone root/morpheme because source clearly defines it.
An,Preposition,Preserved as standalone root/morpheme because source clearly defines it.
Azan,Noun,Preserved as standalone root/morpheme because source clearly defines it.
Belar,Noun,The source gloss “Binding spice” is preserved and clarified by culinary function.
Belmor,Noun,The source gloss “Root Spice” is preserved and clarified by botanical source.
Dava,Noun,Builds the approved data record file database display signal transmission copying transfer saving search corruption encryption and interference vocabulary.
Felka,Noun,Retain as-is.
Jekvor,Noun,The source gloss “Spiraling spice” is preserved and clarified by physical form.
Jelvor,Noun,The source gloss “Zesty spice” is preserved and clarified by flavor.
Kadren,Noun,Preserved as standalone root/morpheme because source clearly defines it.
Kal-,Noun,Source uses Ohnoshan language for philosophical debate; current naming applied.
Nor-,Prefix,Preserved as standalone root/morpheme because source clearly defines it.
Ra,Particle,Preserved as standalone root/morpheme because source clearly defines it.
Rath,Particle,Preserved as standalone root/morpheme because source clearly defines it.
Tavan,Noun,Retain as-is.
Tha-,Prefix,Preserved as standalone root/morpheme because source clearly defines it.
Thal-,Noun,Source uses Ohnoshan worldview language; current naming applied.
Thar-,Noun,Source uses Ohnoshan stories language; current naming applied.
Thee,Noun,Preserved as standalone root/morpheme because source clearly defines it.
Va,Particle,Preserved as standalone root/morpheme because source clearly defines it.
Velar,Noun,Retain as-is.
Ver,Particle,Preserved as standalone root/morpheme because source clearly defines it.
Xilvar,Noun,The source gloss “Hidden spice” is preserved and clarified by concealed composition or preparation.
Zhiren,Noun,Retain as-is.
