headword_id,section,display_order,entry_id,celan_text,translation,example_type,analysis,source_volume,source_section,notes,sense_meaning,display_kind,sense_id
zek,direct,1,PE-BIAOBF1-0033,rinaen aiv an zek-ian.,There is pain in my tooth.,Expansion example,Ordinary first-person tooth complaint.,"Body, Internal Anatomy, and Ordinary Bodily Functions 1",Common Celan > Zek,User-approved expansion support. ED-0037 F050: user-approved review correction; prior wording retained in integration/applied_changes.json.,,sentence,
zek,direct,2,PE-BIAOBF1-0034,kelvorthamaen I emil ser zekin-ian.,I chew food with my teeth.,Expansion example,The noun takes the regular plural in an everyday bodily action.,"Body, Internal Anatomy, and Ordinary Bodily Functions 1",Common Celan > Zek,User-approved expansion support. ED-0045 second-pass review; original wording in outputs/dictionary_second_pass/applied_changes.json.,,sentence,
zem,direct,1,PE-DSL1-0053,rinaen pralor zem.,The table is wood.,Expansion example,Household material identification.,Domestic and Sensory Life 1,Common Celan > Zem,User-approved expansion support.,,sentence,
zem,direct,2,PE-DSL1-0054,vekaen sharavok zem.,The caravan carries timber.,Expansion example,Transporting workable wood.,Domestic and Sensory Life 1,Common Celan > Zem,User-approved expansion support.,,sentence,
zem,direct,3,PE-DSL1-0048,pelvokaen zem.,The wood snaps.,Expansion example,Sharp material breakage.,Domestic and Sensory Life 1,Common Celan > Pelvokaen,User-approved expansion support.,,sentence,
zem,direct,4,PE-CWM2-0022,selpralaen I zem ser kavolan.,I polish the wood with wax.,Expansion example,Wax used as a finish.,"Clothing, Wearable Protection, and Ordinary Materials 2",Common Celan > LX-CWM2-0011,User-approved expansion support.,,sentence,
zem,direct,5,PE-CWM2-0023,rinaen verdbel an zem.,The resin is on the wood.,Expansion example,Plant resin as coating or adhesive.,"Clothing, Wearable Protection, and Ordinary Materials 2",Common Celan > LX-CWM2-0012,User-approved expansion support.,,sentence,
zem,direct,6,PE-TM1-0033,karethaen mekral shenzhir an zem.,The craftworker uses the ruler on the timber.,Expansion example,Measuring material.,Tools and Machines 1,Common Celan > LX-TM1-0017,User-approved expansion support.,,sentence,
zer,direct,1,PE-BIAOBF1-0063,kes zhaelral zer.,The healer notices the sneeze.,Expansion example,The event noun works as an observed symptom.,"Body, Internal Anatomy, and Ordinary Bodily Functions 1",Common Celan > Zer,User-approved expansion support.,,sentence,
zer,direct,2,PE-BIAOBF1-0064,rinaen zer nor emil.,There is a sneeze during the meal.,Expansion example,The event noun works in an ordinary social setting.,"Body, Internal Anatomy, and Ordinary Bodily Functions 1",Common Celan > Zer,User-approved expansion support.,,sentence,
zeraen,direct,1,PE-BIAOBF1-0065,zeraen I thal gorm.,I sneeze from dust.,Expansion example,Everyday cause-and-event report.,"Body, Internal Anatomy, and Ordinary Bodily Functions 1",Common Celan > Zeraen,User-approved expansion support.,,sentence,
zeraen,direct,2,PE-BIAOBF1-0066,zeraen balral an sov.,The farmer sneezes in the field.,Expansion example,Ordinary action in a familiar work setting.,"Body, Internal Anatomy, and Ordinary Bodily Functions 1",Common Celan > Zeraen,User-approved expansion support.,,sentence,
zev,direct,1,PE-UHEI1-0018,rinaen zev an I.,I feel envy.,Expansion example,The noun names comparative desire as an internal state.,"Understanding, Helping, and Emotional Interiority 1",Common Celan > Zev,User-approved expansion support.,,sentence,
zev,direct,2,PE-UHEI1-0019,rinaen zev an khumlor.,There is envy in the family circle.,Expansion example,Envy can occur inside close relationships without becoming jealousy automatically.,"Understanding, Helping, and Emotional Interiority 1",Common Celan > Zev,User-approved expansion support.,,sentence,
zev,direct,3,PE-UHEI1-0023,ver rinaen zev; rinaen fahohm.,It is not envy; it is jealousy.,Expansion example,Direct contrast preserves the distinction between comparative desire and relational fear.,"Understanding, Helping, and Emotional Interiority 1",Common Celan > Fahohm,User-approved expansion support.,,sentence,
zevaen,direct,1,PE-UHEI1-0020,zevaen I karvek denya.,I envy that toolkit beside you.,Expansion example,The desired object is understood as belonging or being available to another.,"Understanding, Helping, and Emotional Interiority 1",Common Celan > Zevaen,User-approved expansion support.,,sentence,
zevaen,direct,2,PE-UHEI1-0021,zevaen La pralhav.,They envy the wit.,Expansion example,Envy can target a quality or ability rather than an object.,"Understanding, Helping, and Emotional Interiority 1",Common Celan > Zevaen,User-approved expansion support.,,sentence,
zhae-,related,1,PE-V3-0068,zhaeaen azron ser nkathal.,The woman empathizes with the sadness.,Reviewed word-building illustration,,"Volume 3: Culture, Context, and Advanced Expression",Core Emotion Verbs,User marked this sentence as working; placed under the illustrated meaning in first-50 batch.,"Light, empathy",related,zhae--s1
zhaeaen,direct,1,PE-V3-0068,zhaeaen azron ser nkathal.,The woman empathizes with the sadness.,Emotion verb example,,"Volume 3: Culture, Context, and Advanced Expression",Core Emotion Verbs,"Original example preserved.; First-50 reviewed wording, 2026-10-04.",,sentence,
zhaeaen,direct,2,PE-NE1-0039,zhaeaen zhaelral ser.,The restorative healer empathically heals the friend.,National lexicon example,Distinguishes healer role from healing act.,National Expansion 1,Verdalris > Zhaelral,User-approved expansion support.,,sentence,
zhael,direct,1,PE-EGE1-0065,arth terrakav nalior; tal terrazhael zhael an terra.,Conservation protects the habitat; restoration gives renewal to the land.,Expansion example,Connected scene tests two approved environmental headwords in ordinary or technical use.,"Environment, Geography, and Ecology 1",Common Celan > Environmental scenes,User-approved expansion support.,,sentence,
zhaeleth,direct,1,PE-FAP2-0051,rinaen vilor zhaeleth.,The fruit is fresh.,Expansion example,Recent retained quality.,"Food, Agriculture, and Preservation 2",Common Celan > LX-FAP2-0026,User-approved expansion support.,,sentence,
zhaeleth,direct,2,PE-FAP2-0052,rinaen emil zhaeleth.,The meal is fresh.,Expansion example,Recently prepared food.,"Food, Agriculture, and Preservation 2",Common Celan > LX-FAP2-0026,User-approved expansion support.,,sentence,
zhaelin,direct,1,PE-V4-0069,Rinaen zhaelin krelek an verdor.,The red flower is in the forest.,Flora & Fauna example,,"Volume 4: Expansion, Tangible Lexicon, Modality, and National Speech",The Living Lexicon > Section 3.8: Archetypal Flora & Fauna,Original example preserved.,,sentence,
zhaelin,direct,2,PE-V4-0047,Rinaen zhaelin krelek.,The flower is red.,Colors example,,"Volume 4: Expansion, Tangible Lexicon, Modality, and National Speech",The Living Lexicon > Section 3.5: Colors,Original example preserved.,,sentence,
zhaelin,direct,3,PE-V4-0054,Aenaen I eshlin an zhaelin.,I hear the bird in the flower.,Essential Verbs example,,"Volume 4: Expansion, Tangible Lexicon, Modality, and National Speech",The Living Lexicon > Section 3.6: Essential Verbs of Action & Sensation,Original example preserved.,,sentence,
zhaelin,direct,4,PE-FAP1-0051,rinaen nelar an zhaelin.,The nectar is in the flower.,Expansion example,Plant-produced sweetness.,"Food, Agriculture, and Preservation 1",Common Celan > LX-FAP1-0026,User-approved expansion support.,,sentence,
zhaelolan,direct,1,PE-HTS1-0039,tal zhaelral zhaelolan an aivkor.,The healer applies salve to the wound.,Expansion example,Topical preparation is directed to injured tissue.,"Health, Treatment, and Survival 1",Common Celan > LX-HTS1-0020,User-approved expansion support.,,sentence,
zhaelolan,direct,2,PE-HTS1-0040,arth zhaelolan rema ser.,The salve protects the friend's face.,Expansion example,Protective topical use distinguishes salve from generic oil.,"Health, Treatment, and Survival 1",Common Celan > LX-HTS1-0020,User-approved expansion support. ED-0037 F029: user-approved review correction; prior wording retained in integration/applied_changes.json.,,sentence,
zhaelor,direct,1,PE-V2-0109,shalil Zhaelor an dren.,Spring flows lightly at the water.,Reviewed usage example,User-supplied modern Celan; reviewed against current word meanings and sentence structure.,Volume 2: Dictionary and Word Formation,Seasons,Original example preserved. ED-0045 second-pass review; original wording in outputs/dictionary_second_pass/applied_changes.json. ED-0047 user-supplied replacement; prior wording in user_32_replacements.json.,,sentence,
zhaelor,direct,2,PE-V3-0088,shalilaen Eshlorien an dren an Zhaelor.,The wave naming flows by the water in spring.,Reviewed usage example,User-supplied modern Celan; reviewed against current word meanings and sentence structure.,"Volume 3: Culture, Context, and Advanced Expression",Language Use Across the Nations of Ohnosha > Cultural Customization by Nation > Pelagae,Original example preserved. ED-0045 second-pass review; original wording in outputs/dictionary_second_pass/applied_changes.json. ED-0047 user-supplied replacement; prior wording in user_32_replacements.json.,,sentence,
zhaelor,direct,3,PE-V2-0043,Nor-var Tharvok khumeth an Zhaelor.,The Family will perform the ritual in the Spring (season).,Jargon example,,Volume 2: Dictionary and Word Formation,"Vocabulary > JARGON: (BATTLE, TEMPLE, MARKET) > Temple Jargon",Original example preserved.,,sentence,
zhaelor,direct,4,PE-V2-0132,Var Ekor Zhaelor.,Goes Every Spring.,Quantifier example,,Volume 2: Dictionary and Word Formation,Nuances of Quantification and Specificity > Quantifiers,Original example preserved.,,sentence,
zhaelor,direct,5,PE-CNE1-0030,drenvaraen verdor an Zhaelor.,The forest changes in spring.,Expansion example,Ecological change.,Conversational Narrative Engine 1,Verdalris > Drenvaraen,User-approved expansion support.,,sentence,
zhaelphel,direct,1,PE-HTS1-0025,numaen savin zhaelphel.,The patient swallows the medicine.,Expansion example,Prepared medicine may be taken internally.,"Health, Treatment, and Survival 1",Common Celan > LX-HTS1-0013,User-approved expansion support.,,sentence,
zhaelphel,direct,2,PE-HTS1-0026,tal zhaelral zhaelphel an felka.,The healer gives medicine to the child.,Expansion example,Generic medicine includes nonherbal therapeutic agents.,"Health, Treatment, and Survival 1",Common Celan > LX-HTS1-0013,User-approved expansion support.,,sentence,
zhaelphel,direct,3,PE-HTS1-0023,talzhaelaen zhaelral mavbal ser zhaelphel.,The healer treats the infection with medicine.,Expansion example,The technical verb marks administration of a defined intervention.,"Health, Treatment, and Survival 1",Common Celan > LX-HTS1-0012,User-approved expansion support.,,sentence,
zhaelpralaen,direct,1,PE-TM1-0007,zhaelpralaen mekral kormek.,The mechanic repairs the engine.,Reviewed usage example,"Restoring a mechanism to operation.; Alternate: ""motor.""",Tools and Machines 1,Common Celan > LX-TM1-0004,User-approved expansion support.; ED-0044 VAR-PE-TM1-0007 Source record PE-TM1-0052: Tools and Machines 1 / Common Celan > LX-TM1-0026 / page; ED-0044 VAR-PE-TM1-0007,,sentence,
zhaelpralaen,direct,2,PE-TM1-0008,zhaelpralaen I nethor.,I repair the chair.,Expansion example,Repair beyond machinery.,Tools and Machines 1,Common Celan > LX-TM1-0004,User-approved expansion support.,,sentence,
zhaelpralaen,direct,3,PE-TM1-0004,zhaelpralaen mekral kalmek.,The mechanic repairs the machine.,Expansion example,Machine maintenance.,Tools and Machines 1,Common Celan > LX-TM1-0002,User-approved expansion support.,,sentence,
zhaelpralaen,direct,4,PE-TM1-0013,zhaelpralaen I belxar ser zhirpel.,I repair the garment with a needle.,Expansion example,Sewing repair.,Tools and Machines 1,Common Celan > LX-TM1-0007,User-approved expansion support.,,sentence,
zhaelpralaen,direct,5,PE-TM1-0042,zhaelpralaen mekral belpralmek.,The craftworker repairs the loom.,Expansion example,Loom maintenance.,Tools and Machines 1,Common Celan > LX-TM1-0021,User-approved expansion support.,,sentence,
zhaelpralaen,direct,6,PE-TM1-0058,zhaelpralaen mekral shanmek.,The mechanic repairs the conduit.,Expansion example,Enclosed-channel maintenance.,Tools and Machines 1,Common Celan > LX-TM1-0029,User-approved expansion support.,,sentence,
zhaelpralaen,direct,7,PE-TM1-0062,zhaelpralaen mekral selshan.,The mechanic repairs the filter.,Expansion example,Filter maintenance.,Tools and Machines 1,Common Celan > LX-TM1-0031,User-approved expansion support.,,sentence,
zhaelpralaen,direct,8,PE-TM1-0066,zhaelpralaen mekral ravshan.,The mechanic repairs the pump.,Expansion example,Pump maintenance.,Tools and Machines 1,Common Celan > LX-TM1-0033,User-approved expansion support.,,sentence,
zhaelpralaen,direct,9,PE-TM1-0072,zhaelpralaen mekral korwek.,The mechanic repairs the axle.,Expansion example,Axle maintenance.,Tools and Machines 1,Common Celan > LX-TM1-0036,User-approved expansion support.,,sentence,
zhaelpralaen,direct,10,PE-TVO1-0002,zhaelpralaen mekral varvek.,The mechanic repairs the vehicle.,Expansion example,Vehicle repair without specifying a subtype.,Transportation and Vehicle Operations 1,Common Celan > LX-TVO1-0001,User-approved expansion support.,,sentence,
zhaelpralaen,direct,11,PE-TVO1-0010,zhaelpralaen mekral kormekvek.,The mechanic repairs the motor vehicle.,Expansion example,Repairing a car or field vehicle.,Transportation and Vehicle Operations 1,Common Celan > LX-TVO1-0005,User-approved expansion support.,,sentence,
zhaelpralaen,direct,12,PE-TVO1-0014,zhaelpralaen mekral delwek.,The mechanic repairs the bicycle.,Expansion example,Bicycle maintenance.,Transportation and Vehicle Operations 1,Common Celan > LX-TVO1-0007,User-approved expansion support.,,sentence,
zhaelpralaen,direct,13,PE-BSPI1-0002,zhaelpralaen mekral mekor.,The craftsperson repairs the building.,Expansion example,Building maintenance.,Built Spaces and Public Infrastructure 1,Common Celan > LX-BSPI1-0001,User-approved expansion support.,,sentence,
zhaelpralaen,direct,14,PE-BSPI1-0004,zhaelpralaen mekral ndara.,The craftsperson repairs the wall.,Expansion example,Ordinary wall maintenance.,Built Spaces and Public Infrastructure 1,Common Celan > LX-BSPI1-0002,User-approved expansion support.,,sentence,
zhaelpralaen,direct,15,PE-BSPI1-0006,zhaelpralaen mekral eshxar.,The craftsperson repairs the roof.,Expansion example,Weather-facing structure repair.,Built Spaces and Public Infrastructure 1,Common Celan > LX-BSPI1-0003,User-approved expansion support.,,sentence,
zhaelpralaen,direct,16,PE-BSPI1-0008,zhaelpralaen mekral morlpral.,The craftsperson repairs the floor.,Expansion example,Interior surface repair.,Built Spaces and Public Infrastructure 1,Common Celan > LX-BSPI1-0004,User-approved expansion support.,,sentence,
zhaelpralaen,direct,17,PE-BSPI1-0041,zhaelpralaen mekral karvek an mekpralor.,The craftsperson repairs the toolkit in the workshop.,Expansion example,Repair work in a dedicated place.,Built Spaces and Public Infrastructure 1,Common Celan > LX-BSPI1-0021,User-approved expansion support.,,sentence,
zhaelpralaen,direct,18,PE-BSPI1-0046,zhaelpralaen mekral mekshara.,The craftsperson repairs the road.,Expansion example,Maintained transport surface.,Built Spaces and Public Infrastructure 1,Common Celan > LX-BSPI1-0023,User-approved expansion support.,,sentence,
zhaelpralaen,direct,19,PE-BSPI1-0064,zhaelpralaen mekral delkormek an vekxaror.,The mechanic repairs the motorbike in the garage.,Expansion example,Vehicle servicing space.,Built Spaces and Public Infrastructure 1,Common Celan > LX-BSPI1-0032,User-approved expansion support.,,sentence,
zhaelpralaen,direct,20,PE-BSPI1-0068,zhaelpralaen mekral droshara.,The craftsperson repairs the canal.,Expansion example,Canal maintenance.,Built Spaces and Public Infrastructure 1,Common Celan > LX-BSPI1-0034,User-approved expansion support.,,sentence,
zhaelpralaen,direct,21,PE-BSPI1-0074,zhaelpralaen mekral wekxar.,The craftsperson repairs the dome.,Expansion example,Dome maintenance.,Built Spaces and Public Infrastructure 1,Common Celan > LX-BSPI1-0037,User-approved expansion support.,,sentence,
zhaelpralaen,direct,22,PE-WRT1-0004,zhaelpralaen pralilan ndara ser mormekral.,The apprentice repairs the wall with the mason.,Expansion example,Apprentice practicing under an established craftworker.,Work Roles and Trade 1,Common Celan > LX-WRT1-0002,User-approved expansion support.,,sentence,
zhaelpralaen,direct,23,PE-WRT1-0008,zhaelpralaen krenral krenzhir.,The metalworker repairs the wire.,Expansion example,Metalworker repairing a metal product.,Work Roles and Trade 1,Common Celan > LX-WRT1-0004,User-approved expansion support.,,sentence,
zhaelpralaen,direct,24,PE-WRT1-0010,zhaelpralaen mormekral droshara.,The mason repairs the canal.,Expansion example,Masonry repair of public water infrastructure.,Work Roles and Trade 1,Common Celan > LX-WRT1-0005,User-approved expansion support.,,sentence,
zhaelral,direct,1,PE-NE1-0034,tal zhaelral fennilphel an ser.,The healer gives an herbal remedy to the friend.,Reviewed usage example,Verdalrisian healing practice.,National Expansion 1,Verdalris > Fennilphel,User-approved expansion support.; ED-0044 VAR-PE-NE1-0034 Source record PE-NE1-0040: National Expansion 1 / Verdalris > Zhaelral / page; ED-0044 VAR-PE-NE1-0034,,sentence,
zhaelral,direct,2,PE-SP2C-0015,keshenaen zhaelral sharvar-ian.,The healer examines my leg.,Reviewed usage example,Body-part suffix -ian marks my.,Second-pass dictionary review,Lexical coverage batch 2,ED-0046: user-requested accurate example; linguistic rationale in remaining_57_examples.md.,,sentence,
zhaelral,direct,3,PE-NE1-0039,zhaeaen zhaelral ser.,The restorative healer empathically heals the friend.,National lexicon example,Distinguishes healer role from healing act.,National Expansion 1,Verdalris > Zhaelral,User-approved expansion support.,,sentence,
zhaelral,direct,4,PE-NE1-0032,tal zhaelral verdvin.,The restorative healer takes the plant extract.,National lexicon example,Universal medicinal use.,National Expansion 1,Verdalris > Verdvin,User-approved expansion support.,,sentence,
zhaelral,direct,5,PE-NE1-0035,pralaen zhaelral belverd.,The restoration keeper makes a plant graft.,National lexicon example,Verdalrisian cultivation.,National Expansion 1,Verdalris > Belverd,User-approved expansion support.,,sentence,
zhaelral,direct,6,PE-CNE1-0052,kes zhaelral zhirkor.,The healer notices the cause.,Expansion example,Investigating a cause.,Conversational Narrative Engine 1,Verdalris > Zhirkor,User-approved expansion support.,,sentence,
zhaelral,direct,7,PE-DSL1-0042,jelaen zhaelral fennilphel.,The healer tastes the herbal remedy.,Expansion example,Testing a preparation by flavor.,Domestic and Sensory Life 1,Common Celan > Jelaen,User-approved expansion support.,,sentence,
zhaelral,direct,8,PE-DSL1-0060,jekthamaen zhaelral fennilphel.,The healer mixes the herbal remedy.,Expansion example,Mixing a soft preparation.,Domestic and Sensory Life 1,Common Celan > Jekthamaen,User-approved expansion support.,,sentence,
zhaelral,direct,9,PE-DSL1-0078,drenselaen zhaelral aivkor.,The healer washes the wound.,Expansion example,Ordinary injury care.,Domestic and Sensory Life 1,Common Celan > Aivkor,User-approved expansion support.,,sentence,
zhaelral,direct,10,PE-DSL1-0082,kes zhaelral riv.,The healer notices a shiver.,Expansion example,Observing an illness or cold symptom.,Domestic and Sensory Life 1,Common Celan > Riv,User-approved expansion support.,,sentence,
zhaelral,direct,11,PE-PFM1-0007,kes zhaelral normav.,The healer identifies timeline sickness.,Expansion example,Clinical recognition of temporal illness.,Post-Fracture Mechanics 1,Common Celan > Normav,User-approved expansion support.,,sentence,
zhaelral,direct,12,PE-PFM1-0032,kes zhaelral shanvelrathor.,The healer identifies a cross-timeline memory.,Expansion example,Clinical distinction from ordinary recollection.,Post-Fracture Mechanics 1,Common Celan > Shanvelrathor,User-approved expansion support.,,sentence,
zhaelral,direct,13,PE-PFM1-0036,kes zhaelral delvelrathor.,The healer identifies incompatible memories.,Expansion example,Diagnosis of dual remembered outcomes.,Post-Fracture Mechanics 1,Common Celan > Delvelrathor,User-approved expansion support.,,sentence,
zhaelral,direct,14,PE-PFM1-0038,kes zhaelral belvelrathor.,The healer identifies memory entanglement.,Expansion example,Clinical recognition of memory contamination.,Post-Fracture Mechanics 1,Common Celan > Belvelrathor,User-approved expansion support.,,sentence,
zhaelral,direct,15,PE-PFM1-0042,kes zhaelral kavelrathor.,The healer identifies the memory gap.,Expansion example,Distinguishing a gap from ordinary forgetting.,Post-Fracture Mechanics 1,Common Celan > Kavelrathor,User-approved expansion support.,,sentence,
zhaelral,direct,16,PE-FAP1-0036,arth zhaelral zor.,The healer protects the animal.,Expansion example,Animal-care use.,"Food, Agriculture, and Preservation 1",Common Celan > LX-FAP1-0018,User-approved expansion support.,,sentence,
zhaelral,direct,17,PE-FAP1-0050,bren zhaelral morlverd.,The healer gathers lichen.,Expansion example,Medicinal gathering.,"Food, Agriculture, and Preservation 1",Common Celan > LX-FAP1-0025,User-approved expansion support.,,sentence,
zhaelral,direct,18,PE-FAP2-0014,dor zhaelral pralfel an fennilphel.,The healer puts an ingredient in the remedy.,Expansion example,Non-food mixture use.,"Food, Agriculture, and Preservation 2",Common Celan > LX-FAP2-0007,User-approved expansion support.,,sentence,
zhaelral,direct,19,PE-FAP2-0037,seldrenvinaen zhaelral dren.,The healer distills the water.,Expansion example,Medical purification.,"Food, Agriculture, and Preservation 2",Common Celan > LX-FAP2-0019,User-approved expansion support.,,sentence,
zhaelral,direct,20,PE-FAP2-0050,vellivaraen zhaelral fennilphel.,The healer preserves the remedy in cold storage.,Expansion example,Perishable medicine storage.,"Food, Agriculture, and Preservation 2",Common Celan > LX-FAP2-0025,User-approved expansion support.,,sentence,
zhaelral,direct,21,PE-OC1-0023,kes zhaelral mavmor an drenvor.,The healer detects poison in the cup.,Expansion example,Identification of a harmful substance.,Organized Conflict 1,Common Celan > LX-OC1-0012,User-approved expansion support.,,sentence,
zhaelral,direct,22,PE-SBD1-0005,kes zhaelral mav tlamoreth.,The healer identifies a sexual illness.,Expansion example,Health-related adjectival use without implying attractiveness.,"Sex, Birth, and Death 1",Common Celan > LX-SBD1-0003,User-approved expansion support.,,sentence,
zhaelral,direct,23,PE-HTS1-0002,kes zhaelral ndem an aivkorxar.,The healer notices blood on the bandage.,Expansion example,Care context distinguishes blood from generic liquid.,"Health, Treatment, and Survival 1",Common Celan > LX-HTS1-0001,User-approved expansion support.,,sentence,
zhaelral,direct,24,PE-HTS1-0006,kes zhaelral mavkes felka.,The healer notices the child's symptom.,Expansion example,Observable evidence can be registered by a caregiver.,"Health, Treatment, and Survival 1",Common Celan > LX-HTS1-0003,User-approved expansion support.,,sentence,
zhaelral,direct,25,PE-HTS1-0007,pralaen zhaelral keshen.,The healer conducts an examination.,Expansion example,Structured examination is an activity rather than a conclusion.,"Health, Treatment, and Survival 1",Common Celan > LX-HTS1-0004,User-approved expansion support.,,sentence,
zhaelral,direct,26,PE-HTS1-0009,keshenaen zhaelral savin.,The healer examines the patient.,Expansion example,Directed clinical assessment takes a patient object.,"Health, Treatment, and Survival 1",Common Celan > LX-HTS1-0005,User-approved expansion support.,,sentence,
zhaelral,direct,27,PE-HTS1-0010,keshenaen zhaelral ser kakesrineth.,The healer examines the unconscious friend.,Expansion example,Clinical assessment applies during an emergency.,"Health, Treatment, and Survival 1",Common Celan > LX-HTS1-0005,User-approved expansion support.,,sentence,
zhaelral,direct,28,PE-HTS1-0011,aen zhaelral keshenath mavbal.,The healer states a diagnosis of infection.,Expansion example,The concluded condition follows assessment.,"Health, Treatment, and Survival 1",Common Celan > LX-HTS1-0006,User-approved expansion support.,,sentence,
zhaelral,direct,29,PE-HTS1-0015,savaen zhaelral savin.,The healer cares for the patient.,Expansion example,The short verb covers ordinary treatment activity.,"Health, Treatment, and Survival 1",Common Celan > LX-HTS1-0008,User-approved expansion support.,,sentence,
zhaelral,direct,30,PE-HTS1-0021,tharsharaen zhaelral talzhael.,The healer chooses a treatment.,Expansion example,Technical treatment is a selected intervention.,"Health, Treatment, and Survival 1",Common Celan > LX-HTS1-0011,User-approved expansion support.,,sentence,
zhaelral,direct,31,PE-HTS1-0023,talzhaelaen zhaelral mavbal ser zhaelphel.,The healer treats the infection with medicine.,Expansion example,The technical verb marks administration of a defined intervention.,"Health, Treatment, and Survival 1",Common Celan > LX-HTS1-0012,User-approved expansion support.,,sentence,
zhaelral,direct,32,PE-HTS1-0026,tal zhaelral zhaelphel an felka.,The healer gives medicine to the child.,Expansion example,Generic medicine includes nonherbal therapeutic agents.,"Health, Treatment, and Survival 1",Common Celan > LX-HTS1-0013,User-approved expansion support.,,sentence,
zhaelral,direct,33,PE-HTS1-0027,shen zhaelral zhaelshen.,The healer measures the dose.,Expansion example,One administration is treated as a measured amount.,"Health, Treatment, and Survival 1",Common Celan > LX-HTS1-0014,User-approved expansion support.,,sentence,
zhaelral,direct,34,PE-HTS1-0028,tal zhaelral zhaelshen an savin.,The healer gives the patient a dose.,Expansion example,Dose is distinct from the medicine as a whole.,"Health, Treatment, and Survival 1",Common Celan > LX-HTS1-0014,User-approved expansion support.,,sentence,
zhaelral,direct,35,PE-HTS1-0032,shen zhaelral mavkrez.,The healer measures the fever.,Expansion example,Clinical measurement distinguishes fever from felt warmth.,"Health, Treatment, and Survival 1",Common Celan > LX-HTS1-0016,User-approved expansion support.,,sentence,
zhaelral,direct,36,PE-HTS1-0034,kes zhaelral mavbal.,The healer notices the infection.,Expansion example,Infection remains a condition distinct from its symptoms.,"Health, Treatment, and Survival 1",Common Celan > LX-HTS1-0017,User-approved expansion support.,,sentence,
zhaelral,direct,37,PE-HTS1-0036,savaen zhaelral aivkor mavbaleth.,The healer treats the infected wound.,Expansion example,Infected condition does not itself imply transmissibility.,"Health, Treatment, and Survival 1",Common Celan > LX-HTS1-0018,User-approved expansion support.,,sentence,
zhaelral,direct,38,PE-HTS1-0038,dor zhaelral savin mavbalshaneth an mavbalxar.,The healer places the contagious patient under quarantine.,Expansion example,Transmissibility motivates formal health separation.,"Health, Treatment, and Survival 1",Common Celan > LX-HTS1-0019,User-approved expansion support.,,sentence,
zhaelral,direct,39,PE-HTS1-0039,tal zhaelral zhaelolan an aivkor.,The healer applies salve to the wound.,Expansion example,Topical preparation is directed to injured tissue.,"Health, Treatment, and Survival 1",Common Celan > LX-HTS1-0020,User-approved expansion support.,,sentence,
zhaelral,direct,40,PE-HTS1-0041,dor zhaelral aivkorxar an aivkor.,The healer puts a bandage on the wound.,Expansion example,Wound covering is applied as ordinary care.,"Health, Treatment, and Survival 1",Common Celan > LX-HTS1-0021,User-approved expansion support.,,sentence,
zhaelral,direct,41,PE-HTS1-0045,tal zhaelral mavmorzhael an savin.,The healer gives the patient an antidote.,Expansion example,The antidote is administered to counter poison.,"Health, Treatment, and Survival 1",Common Celan > LX-HTS1-0023,User-approved expansion support.,,sentence,
zhaelral,direct,42,PE-HTS1-0052,keshenaen zhaelral velmav ser riv.,The healer examines hypothermia with shivering.,Expansion example,Condition is distinguished from one observable symptom.,"Health, Treatment, and Survival 1",Common Celan > LX-HTS1-0026,User-approved expansion support.,,sentence,
zhaelral,direct,43,PE-HTS1-0054,drenpralaen zhaelral savin ser rekmav.,The restorative healer brews a liquid for the patient with heatstroke.,Expansion example,Emergency cooling distinguishes the condition from fever.,"Health, Treatment, and Survival 1",Common Celan > LX-HTS1-0027,User-approved expansion support. ED-0037 F022: user-approved review correction; prior wording retained in integration/applied_changes.json.,,sentence,
zhaelral,direct,44,PE-HTS1-0056,savaen zhaelral velaivkor.,The healer treats the frostbite.,Expansion example,Localized tissue injury receives ordinary care.,"Health, Treatment, and Survival 1",Common Celan > LX-HTS1-0028,User-approved expansion support.,,sentence,
zhaelral,direct,45,PE-HTS1-0058,tal zhaelral dren an savin ser kadromav.,The healer gives water to the dehydrated patient.,Expansion example,Treatment context distinguishes bodily dehydration from dried material.,"Health, Treatment, and Survival 1",Common Celan > LX-HTS1-0029,User-approved expansion support.,,sentence,
zhaelral,direct,46,PE-HTS1-0059,kes zhaelral kesrin savin.,The healer checks the patient's consciousness.,Expansion example,Responsive awareness can be clinically assessed.,"Health, Treatment, and Survival 1",Common Celan > LX-HTS1-0030,User-approved expansion support.,,sentence,
zhaelral,direct,47,PE-HTS1-0077,dor zhaelral savin an mavbalxar.,The healer places the patient under quarantine.,Expansion example,Ordinary syntax avoids an unnecessary long quarantine verb.,"Health, Treatment, and Survival 1",Common Celan > LX-HTS1-0039,User-approved expansion support.,,sentence,
zhaelral,direct,48,PE-HTS1-0086,dor zhaelral nethvek an savor.,The healer puts the stretcher in the clinic.,Expansion example,Physical placement distinguishes the carrier from a vehicle.,"Health, Treatment, and Survival 1",Common Celan > LX-HTS1-0043,User-approved expansion support.,,sentence,
zhaelral,direct,49,PE-HTS1-0087,shentalzhael zhaelral savin nor rekrathlor.,The healer triages the patients during the emergency.,Expansion example,Measured treatment priority responds to scarce care resources.,"Health, Treatment, and Survival 1",Common Celan > LX-HTS1-0044,User-approved expansion support.,,sentence,
zhaelral,direct,50,PE-EGE1-0032,shen zhaelral krezshen an verdin.,The healer measures the plant's temperature.,Expansion example,Connected scene tests two approved environmental headwords in ordinary or technical use.,"Environment, Geography, and Ecology 1",Common Celan > Environmental scenes,User-approved expansion support.,,sentence,
zhaelral,direct,51,PE-GMMP1-0037,vethpralaen arural veth ser shalrinaen zhaelral verdin.,The practitioner shapes shadow and the healer uses biomancy on the plant.,Expansion example,Connected scene tests two approved magic or metaphysical-practice headwords in ordinary or technical use.,General Magic and Metaphysical Practice 1,Common Celan > magic and metaphysical-practice scenes,User-approved expansion support.,,sentence,
zhaelral,direct,52,PE-GMMP1-0038,shalrinaen zhaelral verdin; kes la vethshal an vorkor.,The healer uses biomancy on the plant and notices an illusion at the gate.,Expansion example,Connected scene tests two approved magic or metaphysical-practice headwords in ordinary or technical use.,General Magic and Metaphysical Practice 1,Common Celan > magic and metaphysical-practice scenes,User-approved expansion support.,,sentence,
zhaelral,direct,53,PE-GMMP1-0047,kes zhaelral worshankal; worshankalaen arural shan ohmpel.,The healer detects overchanneling; the practitioner overchannels through the focus.,Expansion example,Connected scene tests two approved magic or metaphysical-practice headwords in ordinary or technical use.,General Magic and Metaphysical Practice 1,Common Celan > magic and metaphysical-practice scenes,User-approved expansion support.,,sentence,
zhaelral,direct,54,PE-BIAOBF1-0002,keshenaen zhaelral aivkor an doran.,The healer examines a wound on the torso.,Expansion example,Clinical use identifies a broad bodily region.,"Body, Internal Anatomy, and Ordinary Bodily Functions 1",Common Celan > Doran,User-approved expansion support.,,sentence,
zhaelral,direct,55,PE-BIAOBF1-0008,keshenaen zhaelral davel.,The healer examines the abdomen.,Expansion example,Clinical use of the ordinary body-region noun.,"Body, Internal Anatomy, and Ordinary Bodily Functions 1",Common Celan > Davel,User-approved expansion support.,,sentence,
zhaelral,direct,56,PE-BIAOBF1-0012,keshenaen zhaelral kalvargora.,The healer examines the elbow.,Expansion example,Clinical use of the joint compound.,"Body, Internal Anatomy, and Ordinary Bodily Functions 1",Common Celan > Kalvargora,User-approved expansion support.,,sentence,
zhaelral,direct,57,PE-BIAOBF1-0014,keshenaen zhaelral gora.,The healer examines the joint.,Expansion example,Clinical use retains the general anatomical category.,"Body, Internal Anatomy, and Ordinary Bodily Functions 1",Common Celan > Gora,User-approved expansion support.,,sentence,
zhaelral,direct,58,PE-BIAOBF1-0015,dor zhaelral aivkorxar an koringora.,The healer puts a bandage on the wrist.,Expansion example,Treatment use locates a bandage precisely.,"Body, Internal Anatomy, and Ordinary Bodily Functions 1",Common Celan > Koringora,User-approved expansion support.,,sentence,
zhaelral,direct,59,PE-BIAOBF1-0020,keshenaen zhaelral korsharvar.,The healer examines the hip.,Expansion example,Clinical use of the joining-region compound.,"Body, Internal Anatomy, and Ordinary Bodily Functions 1",Common Celan > Korsharvar,User-approved expansion support.,,sentence,
zhaelral,direct,60,PE-BIAOBF1-0022,dor zhaelral aivkorxar an sharvargora.,The healer puts a bandage on the knee.,Expansion example,Treatment use locates a bandage precisely.,"Body, Internal Anatomy, and Ordinary Bodily Functions 1",Common Celan > Sharvargora,User-approved expansion support.,,sentence,
zhaelral,direct,61,PE-BIAOBF1-0024,keshenaen zhaelral morlkagora.,The healer examines the ankle.,Expansion example,Clinical use of the joint compound.,"Body, Internal Anatomy, and Ordinary Bodily Functions 1",Common Celan > Morlkagora,User-approved expansion support.,,sentence,
zhaelral,direct,62,PE-BIAOBF1-0026,keshenaen zhaelral aivkor an morlkapir.,The healer examines a wound on the toe.,Expansion example,Clinical use precisely locates a small injury.,"Body, Internal Anatomy, and Ordinary Bodily Functions 1",Common Celan > Morlkapir,User-approved expansion support.,,sentence,
zhaelral,direct,63,PE-BIAOBF1-0028,keshenaen zhaelral aivkor an xarmetha.,The healer examines a wound in the skin.,Expansion example,Clinical context distinguishes living skin from hide.,"Body, Internal Anatomy, and Ordinary Bodily Functions 1",Common Celan > Xarmetha,User-approved expansion support.,,sentence,
zhaelral,direct,64,PE-BIAOBF1-0032,keshenaen zhaelral kalmetha.,The healer examines the muscle.,Expansion example,Clinical use of the tissue compound.,"Body, Internal Anatomy, and Ordinary Bodily Functions 1",Common Celan > Kalmetha,User-approved expansion support.,,sentence,
zhaelral,direct,65,PE-BIAOBF1-0039,keshenaen zhaelral tash.,The healer examines the organ.,Expansion example,Clinical use of the general organ category.,"Body, Internal Anatomy, and Ordinary Bodily Functions 1",Common Celan > Tash,User-approved expansion support.,,sentence,
zhaelral,direct,66,PE-BIAOBF1-0041,keshenaen zhaelral khelu thal aivkor an lorinor.,The healer examines the brain because of a head wound.,Expansion example,Clinical use links the internal organ to a head injury without defining it by that injury.,"Body, Internal Anatomy, and Ordinary Bodily Functions 1",Common Celan > Khelu,User-approved expansion support.,,sentence,
zhaelral,direct,67,PE-BIAOBF1-0044,keshenaen zhaelral aentashin.,The healer examines the lungs.,Expansion example,The compound takes the regular plural in clinical use.,"Body, Internal Anatomy, and Ordinary Bodily Functions 1",Common Celan > Aentash,User-approved expansion support.,,sentence,
zhaelral,direct,68,PE-BIAOBF1-0045,keshenaen zhaelral lumar.,The healer examines the liver.,Expansion example,Clinical use leaves the organ's theory-neutral name intact.,"Body, Internal Anatomy, and Ordinary Bodily Functions 1",Common Celan > Lumar,User-approved expansion support.,,sentence,
zhaelral,direct,69,PE-BIAOBF1-0047,keshenaen zhaelral kedir.,The healer examines the kidney.,Expansion example,Clinical use leaves the organ's theory-neutral name intact.,"Body, Internal Anatomy, and Ordinary Bodily Functions 1",Common Celan > Kedir,User-approved expansion support.,,sentence,
zhaelral,direct,70,PE-BIAOBF1-0050,keshenaen zhaelral emiltash.,The healer examines the stomach.,Expansion example,Clinical use of the transparent organ compound.,"Body, Internal Anatomy, and Ordinary Bodily Functions 1",Common Celan > Emiltash,User-approved expansion support.,,sentence,
zhaelral,direct,71,PE-BIAOBF1-0052,keshenaen zhaelral emilshan.,The healer examines the intestine.,Expansion example,Clinical use of the transparent anatomical compound.,"Body, Internal Anatomy, and Ordinary Bodily Functions 1",Common Celan > Emilshan,User-approved expansion support.,,sentence,
zhaelral,direct,72,PE-BIAOBF1-0054,keshenaen zhaelral urenvek.,The healer examines the bladder.,Expansion example,Clinical use of the transparent organ compound.,"Body, Internal Anatomy, and Ordinary Bodily Functions 1",Common Celan > Urenvek,User-approved expansion support.,,sentence,
zhaelral,direct,73,PE-BIAOBF1-0056,keshenaen zhaelral lesh.,The healer examines the nerve.,Expansion example,Clinical use does not replace the anatomy with a metaphor.,"Body, Internal Anatomy, and Ordinary Bodily Functions 1",Common Celan > Lesh,User-approved expansion support.,,sentence,
zhaelral,direct,74,PE-BIAOBF1-0058,keshenaen zhaelral ndemshan.,The healer examines the blood vessel.,Expansion example,Clinical use of the transparent passage compound.,"Body, Internal Anatomy, and Ordinary Bodily Functions 1",Common Celan > Ndemshan,User-approved expansion support.,,sentence,
zhaelral,direct,75,PE-BIAOBF1-0059,kes zhaelral khos.,The healer notices the cough.,Expansion example,The event noun works as an observed symptom.,"Body, Internal Anatomy, and Ordinary Bodily Functions 1",Common Celan > Khos,User-approved expansion support.,,sentence,
zhaelral,direct,76,PE-BIAOBF1-0063,kes zhaelral zer.,The healer notices the sneeze.,Expansion example,The event noun works as an observed symptom.,"Body, Internal Anatomy, and Ordinary Bodily Functions 1",Common Celan > Zer,User-approved expansion support.,,sentence,
zhaelral,direct,77,PE-BIAOBF1-0068,kes zhaelral suv nor mavkrez.,The healer notices sweat during the fever.,Expansion example,Clinical observation does not define sweat as illness.,"Body, Internal Anatomy, and Ordinary Bodily Functions 1",Common Celan > Suv,User-approved expansion support.,,sentence,
zhaelral,direct,78,PE-BIAOBF1-0075,keshenaen zhaelral uren.,The healer examines the urine.,Expansion example,Clinical inspection uses the specific bodily-waste noun.,"Body, Internal Anatomy, and Ordinary Bodily Functions 1",Common Celan > Uren,User-approved expansion support.,,sentence,
zhaelral,direct,79,PE-BIAOBF1-0079,keshenaen zhaelral fek.,The healer examines the stool.,Expansion example,Clinical inspection uses the specific bodily-waste noun.,"Body, Internal Anatomy, and Ordinary Bodily Functions 1",Common Celan > Fek,User-approved expansion support.,,sentence,
zhaelral,direct,80,PE-RABFE2-0004,keshenaen zhaelral nokashan.,The healer examines the vagina.,Expansion example,Clinical use distinguishes the internal canal from external anatomy.,"Reproductive Anatomy, Bodily Fluids, and Extremities 2",Common Celan > Nokashan,User-approved expansion support.,,sentence,
zhaelral,direct,81,PE-RABFE2-0006,keshenaen zhaelral kiri.,The healer examines the clitoris.,Expansion example,Clinical use names the structure directly rather than through function.,"Reproductive Anatomy, Bodily Fluids, and Extremities 2",Common Celan > Kiri,User-approved expansion support.,,sentence,
zhaelral,direct,82,PE-RABFE2-0008,keshenaen zhaelral mara.,The healer examines the uterus.,Expansion example,Clinical use of the theory-neutral organ noun.,"Reproductive Anatomy, Bodily Fluids, and Extremities 2",Common Celan > Mara,User-approved expansion support.,,sentence,
zhaelral,direct,83,PE-RABFE2-0010,keshenaen zhaelral marasorl.,The healer examines the cervix.,Expansion example,Clinical use of the uterus-neck compound.,"Reproductive Anatomy, Bodily Fluids, and Extremities 2",Common Celan > Marasorl,User-approved expansion support.,,sentence,
zhaelral,direct,84,PE-RABFE2-0012,keshenaen zhaelral seki.,The healer examines the ovary.,Expansion example,Clinical use does not invoke plant-seed imagery.,"Reproductive Anatomy, Bodily Fluids, and Extremities 2",Common Celan > Seki,User-approved expansion support.,,sentence,
zhaelral,direct,85,PE-RABFE2-0016,keshenaen zhaelral nderun.,The healer examines the testicles.,Expansion example,The direct noun takes the regular plural in clinical use.,"Reproductive Anatomy, Bodily Fluids, and Extremities 2",Common Celan > Nderu,User-approved expansion support. ED-0037 F045: user-approved review correction; prior wording retained in integration/applied_changes.json.,,sentence,
zhaelral,direct,86,PE-RABFE2-0020,keshenaen zhaelral urenshan.,The healer examines the urethra.,Expansion example,Clinical use distinguishes the duct from bladder and vagina.,"Reproductive Anatomy, Bodily Fluids, and Extremities 2",Common Celan > Urenshan,User-approved expansion support.,,sentence,
zhaelral,direct,87,PE-RABFE2-0032,keshenaen zhaelral kelvordren.,The healer examines the saliva.,Expansion example,Clinical inspection uses the specific fluid noun.,"Reproductive Anatomy, Bodily Fluids, and Extremities 2",Common Celan > Kelvordren,User-approved expansion support.,,sentence,
zhaelral,direct,88,PE-RABFE2-0038,dor zhaelral aivkorxar an morlkavesh.,The healer puts a bandage on the heel.,Expansion example,Treatment use precisely locates the rear foot structure.,"Reproductive Anatomy, Bodily Fluids, and Extremities 2",Common Celan > Morlkavesh,User-approved expansion support.,,sentence,
zhaelshen,direct,1,PE-HTS1-0027,shen zhaelral zhaelshen.,The healer measures the dose.,Expansion example,One administration is treated as a measured amount.,"Health, Treatment, and Survival 1",Common Celan > LX-HTS1-0014,User-approved expansion support.,,sentence,
zhaelshen,direct,2,PE-HTS1-0028,tal zhaelral zhaelshen an savin.,The healer gives the patient a dose.,Expansion example,Dose is distinct from the medicine as a whole.,"Health, Treatment, and Survival 1",Common Celan > LX-HTS1-0014,User-approved expansion support.,,sentence,
zharak,direct,1,PE-109B2-0108,arth Zharak kaleth.,Zharak protects the fortress.,Reviewed usage example,,User-reviewed second 59 examples,2026-10-04 review,User marked this sentence as working; placed under the illustrated meaning in second review batch.,Legendary Figure,sentence,zharak-s1
zharin,direct,1,PE-V3-0044,Zharin ser dren morl Tharvok.,The distant relative is by the water under the family.,Kinship example,,"Volume 3: Culture, Context, and Advanced Expression",Kinship Terms,Original example preserved. ED-0037 F038: user-approved review correction; prior wording retained in integration/applied_changes.json.,,sentence,
zharinor,direct,1,PE-SP2C-0009,Zharinor!,See you soon!,Reviewed usage example,,Second-pass dictionary review,Lexical coverage batch 1,ED-0045; reviewed from draft_batch_1.md.,,sentence,
zharrel,direct,1,PE-109B2-0089,gavaen zharrel an verdor.,The Zharrel hunts in the forest.,Reviewed usage example,,User-reviewed second 59 examples,2026-10-04 review,User marked this sentence as working; placed under the illustrated meaning in second review batch.,Forest Predator,sentence,zharrel-s1
zhe,direct,1,PE-SIP1-0005,ra var Ya zhe?,Why do you go?,Expansion question example,Optional final zhe requests cause reason or motivation.,Short Interrogative Particles 1,Common Celan > Zhe,User-approved expansion support.,,sentence,
zhe,direct,2,PE-SIP1-0006,ra mbaen Ya ser zhe?,Why do you help the friend?,Expansion question example,Zhe requests the reason for an ordinary cooperative action without replacing Zhir lineage or thread.,Short Interrogative Particles 1,Common Celan > Zhe,User-approved expansion support.,,sentence,
zhel,direct,1,PE-ICAES1-0051,thalzhelaen arthzhelshara zhel nor worzhel.,The circuit protector discharges energy during the overload.,Expansion example,Connected scene tests two approved information computation automation or electrical-system headwords in ordinary or technical use.,"Information, Computation, Automation, and Electrical Systems 1",Common Celan > Information computation and electrical scenes,User-approved expansion support.,,sentence,
zhel,direct,2,PE-SAC1-0008,kes shenral Vora ser zhel voraeth.,The researcher observes the planet and its planetary energy.,Expansion example,Connected scene tests two approved science astronomy or cosmology headwords in ordinary or technical use.,"Science, Astronomy, and Cosmology 1",Common Celan > Science astronomy and cosmology scenes,User-approved expansion support.,,sentence,
zhel,direct,3,PE-GMMP1-0034,velpralaen arural vel ser zhelpralaen seren zhel.,The practitioner shapes ice and the guardian shapes electricity.,Expansion example,Connected scene tests two approved magic or metaphysical-practice headwords in ordinary or technical use.,General Magic and Metaphysical Practice 1,Common Celan > magic and metaphysical-practice scenes,User-approved expansion support. ED-0037 F035: user-approved review correction; prior wording retained in integration/applied_changes.json.,,sentence,
zhel,direct,4,PE-GMMP1-0035,zhelpralaen arural zhel ser tenarpralaen seren tenar.,The practitioner shapes electricity and the guardian shapes radiance.,Expansion example,Connected scene tests two approved magic or metaphysical-practice headwords in ordinary or technical use.,General Magic and Metaphysical Practice 1,Common Celan > magic and metaphysical-practice scenes,User-approved expansion support. ED-0037 F035: user-approved review correction; prior wording retained in integration/applied_changes.json.,,sentence,
zhelaen,direct,1,PE-ICAES1-0048,Va ver zhelaen Ya zhelshara ser rethzhelshara.,Do not energize the circuit with a short circuit.,Expansion example,Connected scene tests two approved information computation automation or electrical-system headwords in ordinary or technical use.,"Information, Computation, Automation, and Electrical Systems 1",Common Celan > Information computation and electrical scenes,User-approved expansion support.,,sentence,
zhelaen,direct,2,PE-ICAES1-0049,zhelaen mekral varokmek; kavzhelaen la zhelkav.,The technician powers the controller and charges the battery.,Expansion example,Connected scene tests two approved information computation automation or electrical-system headwords in ordinary or technical use.,"Information, Computation, Automation, and Electrical Systems 1",Common Celan > Information computation and electrical scenes,User-approved expansion support.,,sentence,
zhelbel,direct,1,PE-NE1-0021,rinaen zhelbel an Mechuma.,The energy-distribution system is in Mechuma.,National lexicon example,Mechuman infrastructure.,National Expansion 1,Mechuma > Zhelbel,User-approved expansion support.,,sentence,
zhelbel,direct,2,PE-NE1-0022,arth mekral zhelbel.,The technician protects the power grid.,National lexicon example,Universal technical use.,National Expansion 1,Mechuma > Zhelbel,User-approved expansion support.,,sentence,
zhelbel,direct,3,PE-TM1-0053,rinaen zhelkor an zhelbel.,The generator is connected to the power grid.,Expansion example,Energy production feeding distribution.,Tools and Machines 1,Common Celan > LX-TM1-0027,User-approved expansion support.,,sentence,
zhelbel,direct,4,PE-WRT1-0012,kes lormekral zhelbel an lormekor.,The engineer inspects the power grid in the control room.,Expansion example,Technical analysis of a complex constructed system.,Work Roles and Trade 1,Common Celan > LX-WRT1-0006,User-approved expansion support.,,sentence,
zhelbel,direct,5,PE-DW1-0015,tal zhelbel kal an ngarzhel.,The power grid gives energy to the energy weapon.,Expansion example,Supplying an energy weapon from a power system.,Defense and Weapons 1,Common Celan > LX-DW1-0008,User-approved expansion support.,,sentence,
zhelbel,direct,6,PE-ICAES1-0054,pralaen mekral mekkes; mekkesaen la zhelbel.,The technician performs diagnostics and troubleshoots the power grid.,Expansion example,Connected scene tests two approved information computation automation or electrical-system headwords in ordinary or technical use.,"Information, Computation, Automation, and Electrical Systems 1",Common Celan > Information computation and electrical scenes,User-approved expansion support.,,sentence,
zheldava,direct,1,PE-ICAES1-0006,rinaen zheldava an davapral.,The signal appears on the display.,Expansion example,Connected scene tests two approved information computation automation or electrical-system headwords in ordinary or technical use.,"Information, Computation, Automation, and Electrical Systems 1",Common Celan > Information computation and electrical scenes,User-approved expansion support.,,sentence,
zheldava,direct,2,PE-ICAES1-0007,talaen kesmek zheldava shan ohmshan.,The sensor receives the signal through the interface.,Expansion example,Connected scene tests two approved information computation automation or electrical-system headwords in ordinary or technical use.,"Information, Computation, Automation, and Electrical Systems 1",Common Celan > Information computation and electrical scenes,User-approved expansion support.,,sentence,
zheldava,direct,3,PE-ICAES1-0020,davashanaen varokmek varokrakueth zheldava.,The automated controller transmits a signal.,Expansion example,Connected scene tests two approved information computation automation or electrical-system headwords in ordinary or technical use.,"Information, Computation, Automation, and Electrical Systems 1",Common Celan > Information computation and electrical scenes,User-approved expansion support.,,sentence,
zheldava,direct,4,PE-GMMP1-0022,aruaen arural mekaru; kes la thaenin an zheldava.,The practitioner uses technomancy and detects a spirit-being in the signal.,Expansion example,Connected scene tests two approved magic or metaphysical-practice headwords in ordinary or technical use.,General Magic and Metaphysical Practice 1,Common Celan > magic and metaphysical-practice scenes,User-approved expansion support.,,sentence,
zhelkav,direct,1,PE-TM1-0055,rinaen zhelkav zun.,The battery is empty.,Expansion example,Depleted stored energy.,Tools and Machines 1,Common Celan > LX-TM1-0028,User-approved expansion support.,,sentence,
zhelkav,direct,2,PE-TM1-0056,dor mekral zhelkav an kalmek.,The mechanic puts the battery in the machine.,Expansion example,Installing stored power.,Tools and Machines 1,Common Celan > LX-TM1-0028,User-approved expansion support.,,sentence,
zhelkav,direct,3,PE-GCI1-0034,weltalaen mekral zhelkav an felbelor.,The technician distributes power cells to the district.,Expansion example,Technical resources delivered to an area.,Government and Civic Institutions 1,Common Celan > LX-GCI1-0017,User-approved expansion support.,,sentence,
zhelkav,direct,4,PE-ICAES1-0049,zhelaen mekral varokmek; kavzhelaen la zhelkav.,The technician powers the controller and charges the battery.,Expansion example,Connected scene tests two approved information computation automation or electrical-system headwords in ordinary or technical use.,"Information, Computation, Automation, and Electrical Systems 1",Common Celan > Information computation and electrical scenes,User-approved expansion support.,,sentence,
zhelkor,direct,1,PE-TM1-0053,rinaen zhelkor an zhelbel.,The generator is connected to the power grid.,Expansion example,Energy production feeding distribution.,Tools and Machines 1,Common Celan > LX-TM1-0027,User-approved expansion support.,,sentence,
zhelkor,direct,2,PE-TM1-0054,kes mekral zhelkor.,The mechanic checks the generator.,Expansion example,Energy-source inspection.,Tools and Machines 1,Common Celan > LX-TM1-0027,User-approved expansion support.,,sentence,
zhelpel,direct,1,PE-ICAES1-0042,bel mekral zhelvorkor ser zhelpel.,The technician connects the switch to the terminal.,Reviewed usage example,Connected scene tests two approved information computation automation or electrical-system headwords in ordinary or technical use.,"Information, Computation, Automation, and Electrical Systems 1",Common Celan > Information computation and electrical scenes,User-approved expansion support.; ED-0044 FORM-PE-S3-0010; ED-0044 LINK-bel,,sentence,
zhelpel,direct,2,PE-ICAES1-0043,tal zhelpel jorzhel nor dralorim.,The contact produces a power surge during the storm.,Expansion example,Connected scene tests two approved information computation automation or electrical-system headwords in ordinary or technical use.,"Information, Computation, Automation, and Electrical Systems 1",Common Celan > Information computation and electrical scenes,User-approved expansion support.,,sentence,
zhelpralaen,direct,1,PE-GMMP1-0034,velpralaen arural vel ser zhelpralaen seren zhel.,The practitioner shapes ice and the guardian shapes electricity.,Expansion example,Connected scene tests two approved magic or metaphysical-practice headwords in ordinary or technical use.,General Magic and Metaphysical Practice 1,Common Celan > magic and metaphysical-practice scenes,User-approved expansion support. ED-0037 F035: user-approved review correction; prior wording retained in integration/applied_changes.json.,,sentence,
zhelpralaen,direct,2,PE-GMMP1-0035,zhelpralaen arural zhel ser tenarpralaen seren tenar.,The practitioner shapes electricity and the guardian shapes radiance.,Expansion example,Connected scene tests two approved magic or metaphysical-practice headwords in ordinary or technical use.,General Magic and Metaphysical Practice 1,Common Celan > magic and metaphysical-practice scenes,User-approved expansion support. ED-0037 F035: user-approved review correction; prior wording retained in integration/applied_changes.json.,,sentence,
zhelreth,direct,1,PE-ICAES1-0046,kes mekral zhelreth nor kazhel.,The technician detects an electrical fault during the outage.,Expansion example,Connected scene tests two approved information computation automation or electrical-system headwords in ordinary or technical use.,"Information, Computation, Automation, and Electrical Systems 1",Common Celan > Information computation and electrical scenes,User-approved expansion support.,,sentence,
zhelreth,direct,2,PE-ICAES1-0047,rinaen zhelreth an rethzhelshara.,The electrical fault is a short circuit.,Expansion example,Connected scene tests two approved information computation automation or electrical-system headwords in ordinary or technical use.,"Information, Computation, Automation, and Electrical Systems 1",Common Celan > Information computation and electrical scenes,User-approved expansion support.,,sentence,
zhelshan,direct,1,PE-ICAES1-0038,rinaen ravzhel an zhelshan.,Electrical potential is present at the conductor.,Expansion example,Connected scene tests two approved information computation automation or electrical-system headwords in ordinary or technical use.,"Information, Computation, Automation, and Electrical Systems 1",Common Celan > Information computation and electrical scenes,User-approved expansion support.,,sentence,
zhelshan,direct,2,PE-ICAES1-0039,rinaen zhelshan ser zhelxar an karvek.,The conductor and insulator are in the toolkit.,Expansion example,Connected scene tests two approved information computation automation or electrical-system headwords in ordinary or technical use.,"Information, Computation, Automation, and Electrical Systems 1",Common Celan > Information computation and electrical scenes,User-approved expansion support.,,sentence,
zhelshaneth,direct,1,PE-CWM1-0055,rinaen kren zhelshaneth.,The metal is conductive.,Expansion example,Conductive material description.,"Clothing, Wearable Protection, and Ordinary Materials 1",Common Celan > LX-CWM1-0028,User-approved expansion support.,,sentence,
zhelshaneth,direct,2,PE-CWM1-0056,rinaen zhirbel zhelshaneth.,The strap is conductive.,Expansion example,Conductive wearable material.,"Clothing, Wearable Protection, and Ordinary Materials 1",Common Celan > LX-CWM1-0028,User-approved expansion support.,,sentence,
zhelshaneth,direct,3,PE-TM1-0059,rinaen krenzhir zhelshaneth.,The wire is conductive.,Expansion example,Conductive metal line.,Tools and Machines 1,Common Celan > LX-TM1-0030,User-approved expansion support.,,sentence,
zhelshara,direct,1,PE-ICAES1-0036,rinaen zhelwel an zhelshara.,Electrical current is in the circuit.,Expansion example,Connected scene tests two approved information computation automation or electrical-system headwords in ordinary or technical use.,"Information, Computation, Automation, and Electrical Systems 1",Common Celan > Information computation and electrical scenes,User-approved expansion support.,,sentence,
zhelshara,direct,2,PE-ICAES1-0037,shen mekral ravzhel an zhelshara.,The technician measures voltage in the circuit.,Expansion example,Connected scene tests two approved information computation automation or electrical-system headwords in ordinary or technical use.,"Information, Computation, Automation, and Electrical Systems 1",Common Celan > Information computation and electrical scenes,User-approved expansion support.,,sentence,
zhelshara,direct,3,PE-ICAES1-0044,tal jorzhel worzhel an zhelshara.,The surge causes an overload in the circuit.,Expansion example,Connected scene tests two approved information computation automation or electrical-system headwords in ordinary or technical use.,"Information, Computation, Automation, and Electrical Systems 1",Common Celan > Information computation and electrical scenes,User-approved expansion support.,,sentence,
zhelshara,direct,4,PE-ICAES1-0048,Va ver zhelaen Ya zhelshara ser rethzhelshara.,Do not energize the circuit with a short circuit.,Expansion example,Connected scene tests two approved information computation automation or electrical-system headwords in ordinary or technical use.,"Information, Computation, Automation, and Electrical Systems 1",Common Celan > Information computation and electrical scenes,User-approved expansion support.,,sentence,
zhelvek,direct,1,PE-V2-0077,Zhelvek kal dren.,The energy bar strengthens with water.,Food-by-nation example,,Volume 2: Dictionary and Word Formation,Food Vocabulary by Nation > Mechuma (Varthas Shal-Kaleth),Original example preserved.,Energy bar / dense food ration,sentence,zhelvek-s1
zhelvek,direct,2,PE-CNE1-0014,jekaen mekral zhelvek.,The mechanic turns the energy carrier.,Expansion example,Mechanical rotation.,Conversational Narrative Engine 1,Mechuma > Jekaen,User-approved expansion support.,Energy carrier / power cell,sentence,zhelvek-s2
zhelvek,direct,3,PE-CNE1-0022,sivathaen mekral karethaen zhelvek.,The mechanic succeeds in using the energy carrier.,Expansion example,Successful technical attempt.,Conversational Narrative Engine 1,Mechuma > Sivathaen,User-approved expansion support.,,sentence,
zhelvek,direct,4,PE-CNE1-0024,sivrethaen mekral karethaen zhelvek.,The mechanic fails to use the energy carrier.,Expansion example,Failed technical attempt.,Conversational Narrative Engine 1,Mechuma > Sivrethaen,User-approved expansion support.,,sentence,
zhelvorkor,direct,1,PE-ICAES1-0042,bel mekral zhelvorkor ser zhelpel.,The technician connects the switch to the terminal.,Reviewed usage example,Connected scene tests two approved information computation automation or electrical-system headwords in ordinary or technical use.,"Information, Computation, Automation, and Electrical Systems 1",Common Celan > Information computation and electrical scenes,User-approved expansion support.; ED-0044 FORM-PE-S3-0010; ED-0044 LINK-bel,,sentence,
zhelvorkor,direct,2,PE-ICAES1-0041,rinaen jorzhelkav ser zhelvorkor an kalmek.,The capacitor and switch are in the machine.,Expansion example,Connected scene tests two approved information computation automation or electrical-system headwords in ordinary or technical use.,"Information, Computation, Automation, and Electrical Systems 1",Common Celan > Information computation and electrical scenes,User-approved expansion support.,,sentence,
