word,headword_id,example_rows,review_files
-aen,-aen,4,examples_symbols_01.csv
-al,-al,1,examples_symbols_01.csv
-as,-as,1,examples_symbols_01.csv
-ath,-ath,1,examples_symbols_01.csv
-el,-el,2,examples_symbols_01.csv
-en,-en,5,examples_symbols_01.csv
-esh,-esh,3,examples_symbols_01.csv
-eth,-eth,8,examples_symbols_01.csv
-in,-in,2,examples_symbols_01.csv
-ka,-ka,3,examples_symbols_01.csv
-lin,-lin,1,examples_symbols_01.csv
-n,-n,1,examples_symbols_01.csv
-or,-or,1,examples_symbols_01.csv
Aelin,aelin,4,examples_A_01.csv
Aen,aen,76,examples_A_01.csv
Aen'Moreth,aen'moreth,1,examples_A_01.csv
Aen-,aen-,3,examples_A_01.csv
Aenaen,aenaen,5,examples_A_01.csv
Aennor,aennor,5,examples_A_01.csv
Aennoraen,aennoraen,5,examples_A_01.csv
Aennorral,aennorral,8,examples_A_01.csv
Aenor,aenor,3,examples_A_01.csv
Aentash,aentash,2,examples_A_01.csv
Aenthael,aenthael,4,examples_A_01.csv
Aenthaelaen,aenthaelaen,4,examples_A_01.csv
Aenthaelral,aenthaelral,4,examples_A_01.csv
Aenvor,aenvor,2,examples_A_01.csv
Aenzhir,aenzhir,2,examples_A_01.csv
Aiv,aiv,39,examples_A_01.csv
Aivaen,aivaen,5,examples_A_01.csv
Aivkor,aivkor,24,examples_A_01.csv
Aivkorxar,aivkorxar,6,examples_A_02.csv
Alor,alor,1,examples_A_02.csv
Aloraen,aloraen,3,examples_A_02.csv
Amthaen,amthaen,1,examples_A_02.csv
An,an,886,examples_A_03.csv; examples_A_04.csv; examples_A_05.csv; examples_A_06.csv; examples_A_07.csv
Andavaen,andavaen,2,examples_A_07.csv
Anen,anen,2,examples_A_07.csv
Aneshxar,aneshxar,2,examples_A_07.csv
Anmek,anmek,2,examples_A_07.csv
Anor,anor,2,examples_A_07.csv
Anshanaen,anshanaen,2,examples_A_07.csv
Anvanesh,anvanesh,2,examples_A_07.csv
Anvekaen,anvekaen,9,examples_A_07.csv
Ar,ar,1,examples_A_07.csv
Arshor,arshor,1,examples_A_07.csv
Arth,arth,36,examples_A_07.csv
Arthaxar,arthaxar,5,examples_A_07.csv
Arthen,arthen,4,examples_A_07.csv
Arthen'taleth,arthen'taleth,1,examples_A_07.csv
Arthkal,arthkal,4,examples_A_07.csv
Arthkaraen,arthkaraen,2,examples_A_07.csv
Arthlor,arthlor,1,examples_A_07.csv
Arthrin,arthrin,2,examples_A_07.csv
Arthverd,arthverd,2,examples_A_07.csv
Arthzhelshara,arthzhelshara,2,examples_A_07.csv
Aru,aru,2,examples_A_07.csv
Aruaen,aruaen,4,examples_A_07.csv
Arueth,arueth,2,examples_A_07.csv
Arukel,arukel,3,examples_A_07.csv
Arukelaen,arukelaen,2,examples_A_07.csv
Arural,arural,38,examples_A_08.csv
Athnor,athnor,2,examples_A_08.csv
Awek,awek,1,examples_A_08.csv
Awekshara,awekshara,6,examples_A_08.csv
Azan,azan,1,examples_A_08.csv
Azfel,azfel,2,examples_A_08.csv
Azon,azon,2,examples_A_08.csv
Azron,azron,6,examples_A_08.csv
Bal,bal,3,examples_B_01.csv
Balemilaen,balemilaen,2,examples_B_01.csv
Balpral,balpral,2,examples_B_01.csv
Balpralaen,balpralaen,3,examples_B_01.csv
Balral,balral,21,examples_B_01.csv
Balrin,balrin,1,examples_B_01.csv
Balshan,balshan,2,examples_B_01.csv
Balvek,balvek,2,examples_B_01.csv
Bel,bel,5,examples_B_01.csv
Bel'Rathorimeth,bel'rathorimeth,1,examples_B_01.csv
Bel-,bel-,2,examples_B_01.csv
Belar,belar,2,examples_B_01.csv
Beldava,beldava,5,examples_B_01.csv
Belkes,belkes,2,examples_B_01.csv
Belkor,belkor,7,examples_B_01.csv
Belkoraen,belkoraen,2,examples_B_01.csv
Belkren,belkren,3,examples_B_01.csv
Belmek,belmek,4,examples_B_01.csv
Belmekaen,belmekaen,2,examples_B_01.csv
Belmor,belmor,1,examples_B_01.csv
Belnoraen,belnoraen,2,examples_B_01.csv
Belor,belor,3,examples_B_01.csv
Belpralmek,belpralmek,3,examples_B_01.csv
Belraku,belraku,2,examples_B_01.csv
Belreth,belreth,3,examples_B_01.csv
Belrin,belrin,12,examples_B_01.csv
Belrinpel,belrinpel,4,examples_B_01.csv
Belshan,belshan,2,examples_B_01.csv
Belshara,belshara,6,examples_B_01.csv
Belshen,belshen,1,examples_B_01.csv
Belsura,belsura,2,examples_B_01.csv
Belthal,belthal,3,examples_B_01.csv
Belvekaen,belvekaen,2,examples_B_01.csv
Belvelrathor,belvelrathor,2,examples_B_01.csv
Belverd,belverd,2,examples_B_01.csv
Belvethral,belvethral,1,examples_B_01.csv
Belvok,belvok,16,examples_B_01.csv
Belvoklor,belvoklor,3,examples_B_01.csv
Belwek,belwek,5,examples_B_01.csv
Belxar,belxar,6,examples_B_01.csv
Belxaraen,belxaraen,12,examples_B_01.csv
Belzhir,belzhir,5,examples_B_01.csv
Belzhirkavor,belzhirkavor,2,examples_B_01.csv
Belzhirvek,belzhirvek,6,examples_B_01.csv
Belzor,belzor,9,examples_B_01.csv
Belzoraen,belzoraen,2,examples_B_01.csv
Belzorral,belzorral,6,examples_B_01.csv
Braskal,braskal,1,examples_B_01.csv
Breka,breka,2,examples_B_01.csv
Bren,bren,8,examples_B_02.csv
Brenmor,brenmor,1,examples_B_02.csv
Brenvor,brenvor,1,examples_B_02.csv
Brinnek,brinnek,1,examples_B_02.csv
Bros,bros,2,examples_B_02.csv
Broslak,broslak,1,examples_B_02.csv
Brosmorl,brosmorl,4,examples_B_02.csv
Brosrin,brosrin,1,examples_B_02.csv
Brossadar,brossadar,2,examples_B_02.csv
Brosshara,brosshara,2,examples_B_02.csv
Brossov,brossov,2,examples_B_02.csv
Daku,daku,2,examples_D_01.csv
Dakuaen,dakuaen,2,examples_D_01.csv
Dar,dar,26,examples_D_01.csv
Daraen,daraen,2,examples_D_01.csv
Dava,dava,2,examples_D_01.csv
Davapral,davapral,2,examples_D_01.csv
Davashanaen,davashanaen,2,examples_D_01.csv
Davaxar,davaxar,6,examples_D_01.csv
Davel,davel,2,examples_D_01.csv
Del,del,3,examples_D_01.csv
Deldavaen,deldavaen,2,examples_D_01.csv
Delkorin,delkorin,2,examples_D_01.csv
Delkormek,delkormek,4,examples_D_01.csv
Delmorl,delmorl,2,examples_D_01.csv
Delnor,delnor,2,examples_D_01.csv
Delpel,delpel,2,examples_D_01.csv
Delvelrathor,delvelrathor,2,examples_D_01.csv
Delwek,delwek,3,examples_D_01.csv
Deni,deni,3,examples_D_01.csv
Denla,denla,2,examples_D_01.csv
Denya,denya,4,examples_D_01.csv
Dor,dor,56,examples_D_01.csv
Doran,doran,2,examples_D_01.csv
Dorvekaen,dorvekaen,4,examples_D_01.csv
Dov,dov,2,examples_D_01.csv
Dovaen,dovaen,4,examples_D_01.csv
Dovath,dovath,8,examples_D_01.csv
Dovhav,dovhav,2,examples_D_01.csv
Dovhavral,dovhavral,2,examples_D_01.csv
Dovin,dovin,6,examples_D_01.csv
Dovkel,dovkel,7,examples_D_01.csv
Dovkelaen,dovkelaen,2,examples_D_01.csv
Dral,dral,8,examples_D_01.csv
Dralbelaen,dralbelaen,2,examples_D_01.csv
Dralfel,dralfel,2,examples_D_01.csv
Drallor,drallor,2,examples_D_01.csv
Dralorim,dralorim,6,examples_D_01.csv
Dralshaneth,dralshaneth,1,examples_D_01.csv
Dralshara,dralshara,9,examples_D_02.csv
Dralshen,dralshen,2,examples_D_02.csv
Dralxar,dralxar,3,examples_D_02.csv
Dralxaraen,dralxaraen,2,examples_D_02.csv
Dren,dren,236,examples_D_03.csv; examples_D_04.csv
Dren-,dren-,1,examples_D_04.csv
Drenaen,drenaen,5,examples_D_04.csv
Drenalor,drenalor,1,examples_D_04.csv
Drenartheth,drenartheth,2,examples_D_04.csv
Drenesh,drenesh,2,examples_D_04.csv
Dreneth,dreneth,2,examples_D_04.csv
Drenfel,drenfel,4,examples_D_04.csv
Drenfellak,drenfellak,5,examples_D_04.csv
Drenjor,drenjor,2,examples_D_04.csv
Drenkaesh,drenkaesh,1,examples_D_04.csv
Drenkavvek,drenkavvek,2,examples_D_04.csv
Drenkor,drenkor,1,examples_D_04.csv
Drenkorath,drenkorath,2,examples_D_04.csv
Drenlivar,drenlivar,1,examples_D_04.csv
Drenpralaen,drenpralaen,3,examples_D_04.csv
Drenrek,drenrek,2,examples_D_04.csv
Drenselaen,drenselaen,18,examples_D_04.csv
Drenshal,drenshal,1,examples_D_04.csv
Drentalaen,drentalaen,3,examples_D_04.csv
Drenvar,drenvar,2,examples_D_04.csv
Drenvaraen,drenvaraen,6,examples_D_04.csv
Drenvelesh,drenvelesh,1,examples_D_04.csv
Drenverd,drenverd,3,examples_D_04.csv
Drenvokesh,drenvokesh,1,examples_D_04.csv
Drenvor,drenvor,20,examples_D_04.csv
Dresh,dresh,5,examples_D_04.csv
Dreshal,dreshal,3,examples_D_04.csv
Dro,dro,8,examples_D_04.csv
Drobalaen,drobalaen,2,examples_D_04.csv
Drobel,drobel,5,examples_D_04.csv
Drojormek,drojormek,3,examples_D_04.csv
Drokav,drokav,2,examples_D_04.csv
Dronjor,dronjor,2,examples_D_04.csv
Dropralaen,dropralaen,2,examples_D_04.csv
Droral,droral,4,examples_D_04.csv
Drorav,drorav,2,examples_D_04.csv
Drosel,drosel,4,examples_D_04.csv
Droshara,droshara,4,examples_D_04.csv
Droshen,droshen,5,examples_D_04.csv
Duma,duma,2,examples_D_04.csv
Dumaen,dumaen,2,examples_D_04.csv
Dumanali,dumanali,1,examples_D_04.csv
Dumeth,dumeth,2,examples_D_04.csv
Ekor,ekor,2,examples_E_01.csv
Elan,elan,2,examples_E_01.csv
Elor,elor,1,examples_E_01.csv
Em,em,2,examples_E_01.csv
Emil,emil,38,examples_E_01.csv
Emilbel,emilbel,1,examples_E_01.csv
Emildren,emildren,4,examples_E_01.csv
Emilolan,emilolan,2,examples_E_01.csv
Emilpral,emilpral,4,examples_E_01.csv
Emilpralaen,emilpralaen,2,examples_E_01.csv
Emilpraleth,emilpraleth,3,examples_E_01.csv
Emilrav,emilrav,2,examples_E_01.csv
Emilshan,emilshan,2,examples_E_01.csv
Emilshara,emilshara,2,examples_E_01.csv
Emiltash,emiltash,2,examples_E_01.csv
Emilzhir,emilzhir,2,examples_E_01.csv
Eran,eran,3,examples_E_01.csv
Esh,esh,38,examples_E_01.csv
Esh-,esh-,1,examples_E_01.csv
Esharu,esharu,2,examples_E_01.csv
Eshdren,eshdren,2,examples_E_01.csv
Eshdrenaen,eshdrenaen,2,examples_E_01.csv
Eshen,eshen,1,examples_E_01.csv
Eshjor,eshjor,3,examples_E_01.csv
Eshkar,eshkar,2,examples_E_01.csv
Eshkrezaen,eshkrezaen,2,examples_E_01.csv
Eshlin,eshlin,4,examples_E_01.csv
Eshlor,eshlor,3,examples_E_01.csv
Eshlorien,eshlorien,1,examples_E_01.csv
Eshlorral,eshlorral,2,examples_E_01.csv
Eshmekor,eshmekor,3,examples_E_01.csv
Eshnor,eshnor,3,examples_E_01.csv
Eshpral,eshpral,2,examples_E_01.csv
Eshpralaen,eshpralaen,2,examples_E_01.csv
Eshpralor,eshpralor,3,examples_E_01.csv
Eshreth,eshreth,1,examples_E_01.csv
Eshtenor,eshtenor,1,examples_E_01.csv
Eshthael,eshthael,2,examples_E_01.csv
Eshtrakor,eshtrakor,2,examples_E_01.csv
Eshvan,eshvan,3,examples_E_01.csv
Eshvaraen,eshvaraen,3,examples_E_01.csv
Eshvek,eshvek,4,examples_E_01.csv
Eshvelaneth,eshvelaneth,2,examples_E_01.csv
Eshvelor,eshvelor,1,examples_E_01.csv
Eshvilor,eshvilor,1,examples_E_01.csv
Eshweknor,eshweknor,3,examples_E_01.csv
Eshxar,eshxar,3,examples_E_01.csv
Eth,eth,1,examples_E_01.csv
Evan,evan,11,examples_E_01.csv
Fah,fah,9,examples_F_01.csv
Fah'thar,fah'thar,1,examples_F_01.csv
Fah'tharaen,fah'tharaen,1,examples_F_01.csv
Fahaen,fahaen,5,examples_F_01.csv
Faheth,faheth,2,examples_F_01.csv
Fahohm,fahohm,2,examples_F_01.csv
Fahohmaen,fahohmaen,2,examples_F_01.csv
Fahreth,fahreth,2,examples_F_01.csv
Fahrethaen,fahrethaen,2,examples_F_01.csv
Fek,fek,2,examples_F_01.csv
Fekaen,fekaen,3,examples_F_01.csv
Fel,fel,4,examples_F_01.csv
Felath,felath,2,examples_F_01.csv
Felbelor,felbelor,10,examples_F_01.csv
Feldrenaen,feldrenaen,2,examples_F_01.csv
Feleth,feleth,1,examples_F_01.csv
Felin,felin,3,examples_F_01.csv
Felka,felka,47,examples_F_01.csv
Felkal,felkal,2,examples_F_01.csv
Felkalrav,felkalrav,2,examples_F_01.csv
Fellak,fellak,2,examples_F_01.csv
Fellor,fellor,2,examples_F_01.csv
Fellun,fellun,2,examples_F_01.csv
Felmek,felmek,3,examples_F_01.csv
Felmekreth,felmekreth,2,examples_F_01.csv
Felmor,felmor,3,examples_F_01.csv
Felmorl,felmorl,3,examples_F_01.csv
Felnor,felnor,2,examples_F_01.csv
Felorin,felorin,3,examples_F_01.csv
Felsadar,felsadar,2,examples_F_01.csv
Felshara,felshara,3,examples_F_01.csv
Felshen,felshen,4,examples_F_01.csv
Felshenaen,felshenaen,2,examples_F_01.csv
Felthamaen,felthamaen,3,examples_F_01.csv
Felvek,felvek,3,examples_F_01.csv
Felverd,felverd,3,examples_F_01.csv
Felvin,felvin,1,examples_F_01.csv
Felvora,felvora,2,examples_F_01.csv
Felzhir,felzhir,3,examples_F_01.csv
Fen-,fen-,1,examples_F_01.csv
Fena,fena,2,examples_F_01.csv
Feneth,feneth,4,examples_F_01.csv
Fennil,fennil,5,examples_F_01.csv
Fennildren,fennildren,4,examples_F_01.csv
Fennilphel,fennilphel,7,examples_F_01.csv
Fennlur,fennlur,1,examples_F_01.csv
Fenrek,fenrek,3,examples_F_01.csv
Gav,gav,2,examples_G_01.csv
Gavaen,gavaen,2,examples_G_01.csv
Gavin,gavin,3,examples_G_01.csv
Gavral,gavral,10,examples_G_01.csv
Gora,gora,2,examples_G_01.csv
Gorm,gorm,3,examples_G_01.csv
Gormeth,gormeth,1,examples_G_01.csv
Grivol,grivol,1,examples_G_01.csv
Harven,harven,1,examples_H_01.csv
Hav,hav,3,examples_H_01.csv
Havaen,havaen,3,examples_H_01.csv
Haveth,haveth,2,examples_H_01.csv
Havrath,havrath,3,examples_H_01.csv
Havrathaen,havrathaen,2,examples_H_01.csv
Hek-,hek-,1,examples_H_01.csv
Hek-Mel-,hek-mel-,1,examples_H_01.csv
Hir,hir,2,examples_H_01.csv
Hiraen,hiraen,3,examples_H_01.csv
Hirmor,hirmor,2,examples_H_01.csv
I,i,423,examples_I_01.csv; examples_I_02.csv; examples_I_03.csv
Ian,ian,81,examples_I_03.csv
Ianath,ianath,2,examples_I_03.csv
Ilan,ilan,2,examples_I_03.csv
Ilin,ilin,34,examples_I_03.csv
Ilinor,ilinor,2,examples_I_03.csv
Im,im,3,examples_I_03.csv
Imen,imen,1,examples_I_03.csv
Inko,inko,1,examples_I_03.csv
Jek,jek,2,examples_J_01.csv
Jekaen,jekaen,7,examples_J_01.csv
Jekkal,jekkal,2,examples_J_01.csv
Jekkalrav,jekkalrav,2,examples_J_01.csv
Jekkel,jekkel,2,examples_J_01.csv
Jekmek,jekmek,2,examples_J_01.csv
Jekthamaen,jekthamaen,3,examples_J_01.csv
Jekvarin,jekvarin,1,examples_J_01.csv
Jekvin,jekvin,1,examples_J_01.csv
Jekvor,jekvor,1,examples_J_01.csv
Jekzhirvek,jekzhirvek,2,examples_J_01.csv
Jel,jel,2,examples_J_01.csv
Jelaen,jelaen,3,examples_J_01.csv
Jelkor,jelkor,5,examples_J_01.csv
Jelvor,jelvor,1,examples_J_01.csv
Jexhaer,jexhaer,1,examples_J_01.csv
Jin,jin,2,examples_J_01.csv
Jindral,jindral,1,examples_J_01.csv
Jor,jor,17,examples_J_01.csv
Joreth,joreth,2,examples_J_01.csv
Jorkal,jorkal,1,examples_J_01.csv
Jorlin,jorlin,1,examples_J_01.csv
Jornak,jornak,6,examples_J_01.csv
Jornakaen,jornakaen,2,examples_J_01.csv
Jornor,jornor,2,examples_J_01.csv
Jorvak,jorvak,2,examples_J_01.csv
Jorvalin,jorvalin,1,examples_J_01.csv
Jorvar,jorvar,2,examples_J_01.csv
Jorvaraen,jorvaraen,2,examples_J_01.csv
Jorvilor,jorvilor,1,examples_J_01.csv
Jorzhael,jorzhael,3,examples_J_01.csv
Jorzhel,jorzhel,2,examples_J_01.csv
Jorzhelkav,jorzhelkav,3,examples_J_01.csv
Ka,ka,42,examples_K_01.csv
Ka-Shen,ka-shen,1,examples_K_01.csv
Kaan,kaan,2,examples_K_01.csv
Kaarthaen,kaarthaen,2,examples_K_01.csv
Kaaruaen,kaaruaen,2,examples_K_01.csv
Kaarueth,kaarueth,2,examples_K_01.csv
Kabelmekaen,kabelmekaen,2,examples_K_01.csv
Kadfel,kadfel,3,examples_K_01.csv
Kadon,kadon,2,examples_K_01.csv
Kadren,kadren,1,examples_K_01.csv
Kadreneth,kadreneth,7,examples_K_01.csv
Kadro,kadro,2,examples_K_01.csv
Kadromav,kadromav,2,examples_K_01.csv
Kadromor,kadromor,2,examples_K_01.csv
Kadron,kadron,6,examples_K_01.csv
Kaemilpraleth,kaemilpraleth,2,examples_K_01.csv
Kakalrav,kakalrav,2,examples_K_01.csv
Kakesrin,kakesrin,2,examples_K_01.csv
Kakesrinaen,kakesrinaen,2,examples_K_01.csv
Kakesrineth,kakesrineth,3,examples_K_01.csv
Kal,kal,54,examples_K_01.csv
Kal-,kal-,3,examples_K_01.csv
Kalaru,kalaru,2,examples_K_01.csv
Kalbelrin,kalbelrin,2,examples_K_01.csv
Kaldov,kaldov,2,examples_K_01.csv
Kaleth,kaleth,26,examples_K_01.csv
Kalkel,kalkel,7,examples_K_01.csv
Kalmek,kalmek,13,examples_K_01.csv
Kalmetha,kalmetha,2,examples_K_01.csv
Kalmorl,kalmorl,2,examples_K_02.csv
Kalor,kalor,2,examples_K_02.csv
Kalorinath,kalorinath,1,examples_K_02.csv
Kalrath,kalrath,1,examples_K_02.csv
Kalrav,kalrav,3,examples_K_02.csv
Kalravaen,kalravaen,2,examples_K_02.csv
Kalravor,kalravor,5,examples_K_02.csv
Kalrin,kalrin,7,examples_K_02.csv
Kalshen,kalshen,2,examples_K_02.csv
Kalvar,kalvar,2,examples_K_02.csv
Kalvargora,kalvargora,2,examples_K_02.csv
Kalvok,kalvok,2,examples_K_02.csv
Kalvokesh,kalvokesh,1,examples_K_02.csv
Kalwek,kalwek,3,examples_K_02.csv
Kaohmaen,kaohmaen,2,examples_K_02.csv
Kar,kar,4,examples_K_02.csv
Kareth,kareth,16,examples_K_02.csv
Karethaen,karethaen,13,examples_K_02.csv
Karjor,karjor,2,examples_K_02.csv
Karmek,karmek,2,examples_K_02.csv
Karthael,karthael,4,examples_K_02.csv
Karthaelaen,karthaelaen,4,examples_K_02.csv
Karthaelral,karthaelral,4,examples_K_02.csv
Karvek,karvek,29,examples_K_02.csv
Kasharaen,kasharaen,3,examples_K_02.csv
Kasul,kasul,2,examples_K_02.csv
Kathaenbelaen,kathaenbelaen,2,examples_K_02.csv
Katharbelaen,katharbelaen,2,examples_K_02.csv
Kav,kav,1,examples_K_02.csv
Kavaen,kavaen,3,examples_K_02.csv
Kavdava,kavdava,5,examples_K_02.csv
Kavdavaen,kavdavaen,3,examples_K_02.csv
Kavdeldava,kavdeldava,2,examples_K_02.csv
Kavel,kavel,2,examples_K_02.csv
Kavelrathor,kavelrathor,2,examples_K_02.csv
Kavelzhiraen,kavelzhiraen,2,examples_K_02.csv
Kaveth,kaveth,4,examples_K_02.csv
Kavkrez,kavkrez,2,examples_K_02.csv
Kavkrezaen,kavkrezaen,2,examples_K_02.csv
Kavok,kavok,4,examples_K_02.csv
Kavolan,kavolan,2,examples_K_02.csv
Kavral,kavral,17,examples_K_02.csv
Kavsul,kavsul,2,examples_K_02.csv
Kavvek,kavvek,15,examples_K_02.csv
Kavzhelaen,kavzhelaen,2,examples_K_02.csv
Kaweleth,kaweleth,3,examples_K_02.csv
Kaxaraen,kaxaraen,7,examples_K_03.csv
Kaxardavaen,kaxardavaen,2,examples_K_03.csv
Kazhel,kazhel,2,examples_K_03.csv
Kedir,kedir,2,examples_K_03.csv
Kel,kel,20,examples_K_03.csv
Kel-,kel-,3,examples_K_03.csv
Keldoraen,keldoraen,10,examples_K_03.csv
Kelithor,kelithor,1,examples_K_03.csv
Keljek,keljek,2,examples_K_03.csv
Kelka,kelka,4,examples_K_03.csv
Kelnemaen,kelnemaen,2,examples_K_03.csv
Kelpel,kelpel,2,examples_K_03.csv
Kelpral,kelpral,5,examples_K_03.csv
Kelreth,kelreth,8,examples_K_03.csv
Kelrin,kelrin,1,examples_K_03.csv
Keltharaen,keltharaen,4,examples_K_03.csv
Kelvekral,kelvekral,2,examples_K_03.csv
Kelvok,kelvok,5,examples_K_03.csv
Kelvor,kelvor,5,examples_K_03.csv
Kelvordren,kelvordren,2,examples_K_03.csv
Kelvorthamaen,kelvorthamaen,3,examples_K_03.csv
Kes,kes,131,examples_K_04.csv
Kesbrenaen,kesbrenaen,3,examples_K_04.csv
Kesdava,kesdava,4,examples_K_04.csv
Kesdavaen,kesdavaen,2,examples_K_04.csv
Keshen,keshen,2,examples_K_04.csv
Keshenaen,keshenaen,33,examples_K_04.csv
Keshenath,keshenath,2,examples_K_04.csv
Kesmek,kesmek,7,examples_K_04.csv
Kesrin,kesrin,2,examples_K_04.csv
Kesrinaen,kesrinaen,3,examples_K_04.csv
Kesvar,kesvar,13,examples_K_05.csv
Kesxar,kesxar,2,examples_K_05.csv
Kesxaraen,kesxaraen,2,examples_K_05.csv
Khelu,khelu,2,examples_K_05.csv
Khos,khos,2,examples_K_05.csv
Khosaen,khosaen,3,examples_K_05.csv
Khum,khum,2,examples_K_05.csv
Khum-,khum-,3,examples_K_05.csv
Khumeth,khumeth,2,examples_K_05.csv
Khumkel,khumkel,11,examples_K_05.csv
Khumkelral,khumkelral,4,examples_K_05.csv
Khumkes,khumkes,6,examples_K_05.csv
Khumlor,khumlor,4,examples_K_05.csv
Khumrel,khumrel,3,examples_K_05.csv
Kilv,kilv,1,examples_K_05.csv
Kilveth,kilveth,5,examples_K_05.csv
Kilvfah,kilvfah,1,examples_K_05.csv
Kilvlum,kilvlum,1,examples_K_05.csv
Kilvthal,kilvthal,1,examples_K_05.csv
Kinn,kinn,2,examples_K_05.csv
Kinnlin,kinnlin,1,examples_K_05.csv
Kinnmor,kinnmor,4,examples_K_05.csv
Kinnshal,kinnshal,2,examples_K_05.csv
Kinnshara,kinnshara,1,examples_K_05.csv
Kiri,kiri,2,examples_K_05.csv
Kor,kor,3,examples_K_05.csv
Kor'taleth,kor'taleth,1,examples_K_05.csv
Kora,kora,2,examples_K_05.csv
Korin,korin,14,examples_K_05.csv
Korinaen,korinaen,12,examples_K_05.csv
Korineth,korineth,1,examples_K_05.csv
Koringora,koringora,2,examples_K_05.csv
Korinxar,korinxar,2,examples_K_05.csv
Korkalvar,korkalvar,2,examples_K_05.csv
Kormek,kormek,3,examples_K_05.csv
Kormekaen,kormekaen,3,examples_K_05.csv
Kormekvek,kormekvek,12,examples_K_05.csv
Kormor,kormor,2,examples_K_05.csv
Kornali,kornali,2,examples_K_05.csv
Korpir,korpir,2,examples_K_05.csv
Korsharvar,korsharvar,2,examples_K_05.csv
Korwek,korwek,2,examples_K_05.csv
Krelek,krelek,2,examples_K_05.csv
Kren,kren,6,examples_K_05.csv
Krenral,krenral,3,examples_K_05.csv
Krenzhir,krenzhir,3,examples_K_05.csv
Krenzhirvek,krenzhirvek,2,examples_K_05.csv
Krez,krez,11,examples_K_05.csv
Krez-,krez-,1,examples_K_05.csv
Krez-verin,krez-verin,1,examples_K_05.csv
Krezaen,krezaen,1,examples_K_05.csv
Krezdralfel,krezdralfel,2,examples_K_05.csv
Krezdrenaen,krezdrenaen,2,examples_K_05.csv
Krezdrenvek,krezdrenvek,2,examples_K_05.csv
Krezfel,krezfel,1,examples_K_05.csv
Krezlorin,krezlorin,1,examples_K_05.csv
Krezmorath,krezmorath,1,examples_K_05.csv
Krezmorl,krezmorl,2,examples_K_05.csv
Kreznyel,kreznyel,3,examples_K_05.csv
Krezor,krezor,12,examples_K_06.csv
Krezpral,krezpral,3,examples_K_06.csv
Krezpralaen,krezpralaen,2,examples_K_06.csv
Krezrek,krezrek,4,examples_K_06.csv
Krezshen,krezshen,3,examples_K_06.csv
Kreztharim,kreztharim,1,examples_K_06.csv
Kreztorin,kreztorin,1,examples_K_06.csv
Krezvek,krezvek,4,examples_K_06.csv
La,la,64,examples_L_01.csv
Lak,lak,1,examples_L_01.csv
Lako,lako,3,examples_L_01.csv
Lalin,lalin,3,examples_L_01.csv
Lem,lem,3,examples_L_01.csv
Lemath,lemath,2,examples_L_01.csv
Lera,lera,2,examples_L_01.csv
Lesh,lesh,2,examples_L_01.csv
Leya,leya,2,examples_L_01.csv
Leyaen,leyaen,2,examples_L_01.csv
Leyajor,leyajor,2,examples_L_01.csv
Leyajoraen,leyajoraen,2,examples_L_01.csv
Li-,li-,1,examples_L_01.csv
Li-Seren,li-seren,3,examples_L_01.csv
Lia,lia,6,examples_L_01.csv
Lialor,lialor,3,examples_L_01.csv
Lialor'ka,lialor'ka,1,examples_L_01.csv
Lian,lian,18,examples_L_01.csv
Lian'lia,lian'lia,1,examples_L_01.csv
Lian-,lian-,1,examples_L_01.csv
Liana,liana,1,examples_L_01.csv
Lianaen,lianaen,2,examples_L_01.csv
Lianbel,lianbel,2,examples_L_01.csv
Lianbelrin,lianbelrin,2,examples_L_01.csv
Lianeth,lianeth,3,examples_L_01.csv
Lianfel,lianfel,1,examples_L_01.csv
Liankavor,liankavor,9,examples_L_01.csv
Lianlor,lianlor,1,examples_L_01.csv
Lianor,lianor,5,examples_L_01.csv
Lianreth,lianreth,2,examples_L_01.csv
Lianrethaen,lianrethaen,2,examples_L_01.csv
Lianrethor,lianrethor,10,examples_L_01.csv
Lianrethshen,lianrethshen,2,examples_L_01.csv
Lianrethxar,lianrethxar,2,examples_L_01.csv
Lianthal,lianthal,2,examples_L_01.csv
Lianthalaen,lianthalaen,2,examples_L_01.csv
Lianzhir,lianzhir,2,examples_L_01.csv
Lia‘ser,lia'ser,1,examples_L_01.csv
Lior,lior,2,examples_L_01.csv
Liorin,liorin,30,examples_L_02.csv
Liorinen,liorinen,1,examples_L_02.csv
Livar,livar,1,examples_L_02.csv
Livaraen,livaraen,2,examples_L_02.csv
Lo,lo,2,examples_L_02.csv
Lor,lor,1,examples_L_02.csv
Lorash,lorash,17,examples_L_02.csv
Lorbel,lorbel,20,examples_L_02.csv
Lorbelaen,lorbelaen,3,examples_L_02.csv
Lorbelral,lorbelral,7,examples_L_02.csv
Lorin,lorin,45,examples_L_02.csv
Lorin'Ohmeth,lorin'ohmeth,1,examples_L_02.csv
Lorinen,lorinen,5,examples_L_02.csv
Lorinor,lorinor,1,examples_L_02.csv
Lorinorxar,lorinorxar,2,examples_L_02.csv
Lorinshal,lorinshal,1,examples_L_02.csv
Lorinshaldren,lorinshaldren,2,examples_L_02.csv
Lorinshalxar,lorinshalxar,2,examples_L_02.csv
Lorlivok,lorlivok,2,examples_L_02.csv
Lormahr,lormahr,2,examples_L_02.csv
Lormek,lormek,3,examples_L_02.csv
Lormekor,lormekor,3,examples_L_02.csv
Lormekral,lormekral,3,examples_L_02.csv
Lorpel,lorpel,2,examples_L_02.csv
Lorpelaen,lorpelaen,2,examples_L_02.csv
Lorshara,lorshara,3,examples_L_02.csv
Lorvekaen,lorvekaen,4,examples_L_02.csv
Lorvekral,lorvekral,19,examples_L_02.csv
Lorynth,lorynth,1,examples_L_02.csv
Lorzhir,lorzhir,5,examples_L_02.csv
Lorzhiranshan,lorzhiranshan,2,examples_L_02.csv
Lorzhirthalshan,lorzhirthalshan,2,examples_L_02.csv
Lumar,lumar,2,examples_L_02.csv
Lumor,lumor,3,examples_L_03.csv
Lumora,lumora,1,examples_L_03.csv
Lun,lun,9,examples_L_03.csv
Luneth,luneth,2,examples_L_03.csv
Lunor,lunor,1,examples_L_03.csv
Lunwek,lunwek,1,examples_L_03.csv
Maganeth,maganeth,6,examples_M_01.csv
Mahr,mahr,18,examples_M_01.csv
Mahrfennil,mahrfennil,2,examples_M_01.csv
Mahrkal,mahrkal,2,examples_M_01.csv
Mahrmorl,mahrmorl,2,examples_M_01.csv
Mahrowek,mahrowek,4,examples_M_01.csv
Mahrpral,mahrpral,2,examples_M_01.csv
Mahrpralor,mahrpralor,4,examples_M_01.csv
Mahrshalilaen,mahrshalilaen,2,examples_M_01.csv
Mahrvaraen,mahrvaraen,2,examples_M_01.csv
Mahrvek,mahrvek,17,examples_M_01.csv
Mahrwel,mahrwel,2,examples_M_01.csv
Mahrxaror,mahrxaror,3,examples_M_01.csv
Mahrxarvek,mahrxarvek,2,examples_M_01.csv
Mara,mara,2,examples_M_01.csv
Marasorl,marasorl,2,examples_M_01.csv
Marin,marin,1,examples_M_01.csv
Mav,mav,6,examples_M_01.csv
Mavbal,mavbal,6,examples_M_01.csv
Mavbaleth,mavbaleth,2,examples_M_01.csv
Mavbalshanaen,mavbalshanaen,2,examples_M_01.csv
Mavbalshaneth,mavbalshaneth,2,examples_M_01.csv
Mavbalxar,mavbalxar,3,examples_M_01.csv
Maveth,maveth,3,examples_M_01.csv
Mavkes,mavkes,2,examples_M_01.csv
Mavkrez,mavkrez,3,examples_M_01.csv
Mavmor,mavmor,3,examples_M_01.csv
Mavmorzhael,mavmorzhael,2,examples_M_01.csv
Mavverd,mavverd,2,examples_M_01.csv
Mb,mb,1,examples_M_01.csv
Mb-,mb-,1,examples_M_01.csv
Mbaen,mbaen,6,examples_M_01.csv
Mbalan,mbalan,1,examples_M_01.csv
Mbalanmor,mbalanmor,2,examples_M_01.csv
Mbu,mbu,2,examples_M_01.csv
Mek,mek,3,examples_M_01.csv
Mekaru,mekaru,2,examples_M_01.csv
Mekeshpral,mekeshpral,3,examples_M_01.csv
Mekkes,mekkes,2,examples_M_01.csv
Mekkesaen,mekkesaen,2,examples_M_01.csv
Mekor,mekor,13,examples_M_01.csv
Mekpralor,mekpralor,2,examples_M_01.csv
Mekral,mekral,90,examples_M_02.csv
Mekrask,mekrask,3,examples_M_02.csv
Mekreth,mekreth,2,examples_M_02.csv
Mekshara,mekshara,2,examples_M_02.csv
Mel-,mel-,1,examples_M_02.csv
Melen,melen,2,examples_M_02.csv
Metha,metha,2,examples_M_02.csv
Min,min,3,examples_M_02.csv
Mira,mira,2,examples_M_02.csv
Miraen,miraen,2,examples_M_02.csv
Mmm,mmm,1,examples_M_02.csv
Mor,mor,10,examples_M_02.csv
Moraen,moraen,5,examples_M_02.csv
Mordralfel,mordralfel,2,examples_M_02.csv
Moreth,moreth,6,examples_M_02.csv
Morkal,morkal,2,examples_M_02.csv
Morkar,morkar,2,examples_M_02.csv
Morl,morl,54,examples_M_02.csv
Morl-,morl-,3,examples_M_02.csv
Morl-karash,morl-karash,1,examples_M_02.csv
Morlak,morlak,18,examples_M_03.csv
Morlatharim,morlatharim,1,examples_M_03.csv
Morlathor,morlathor,1,examples_M_03.csv
Morldren,morldren,1,examples_M_03.csv
Morljor,morljor,2,examples_M_03.csv
Morlka,morlka,2,examples_M_03.csv
Morlkagora,morlkagora,2,examples_M_03.csv
Morlkapir,morlkapir,2,examples_M_03.csv
Morlkavesh,morlkavesh,2,examples_M_03.csv
Morlpral,morlpral,2,examples_M_03.csv
Morlshan,morlshan,3,examples_M_03.csv
Morlshara,morlshara,2,examples_M_03.csv
Morlverd,morlverd,2,examples_M_03.csv
Morlzhir,morlzhir,2,examples_M_03.csv
Mormek,mormek,9,examples_M_03.csv
Mormekral,mormekral,3,examples_M_03.csv
Morolan,morolan,2,examples_M_03.csv
Morpralaen,morpralaen,2,examples_M_03.csv
Morshen,morshen,2,examples_M_03.csv
Morthas,morthas,1,examples_M_03.csv
Morthera,morthera,5,examples_M_03.csv
Morvek,morvek,7,examples_M_03.csv
Morvenak,morvenak,1,examples_M_03.csv
Morzhael,morzhael,3,examples_M_03.csv
Morzhelshan,morzhelshan,2,examples_M_03.csv
Mossquill,mossquill,1,examples_M_03.csv
Mu,mu,2,examples_M_03.csv
Mura,mura,5,examples_M_03.csv
Muraen,muraen,2,examples_M_03.csv
Nak,nak,2,examples_N_01.csv
Nakaen,nakaen,7,examples_N_01.csv
Nakin,nakin,4,examples_N_01.csv
Naklorral,naklorral,6,examples_N_01.csv
Nakshara,nakshara,3,examples_N_01.csv
Naktal,naktal,2,examples_N_01.csv
Naku,naku,2,examples_N_01.csv
Nali,nali,3,examples_N_01.csv
Nalior,nalior,5,examples_N_01.csv
Nar,nar,2,examples_N_01.csv
Naraen,naraen,3,examples_N_01.csv
Ndara,ndara,5,examples_N_01.csv
Ndavi,ndavi,2,examples_N_01.csv
Ndavimor,ndavimor,2,examples_N_01.csv
Ndavior,ndavior,2,examples_N_01.csv
Ndavivek,ndavivek,4,examples_N_01.csv
Ndem,ndem,3,examples_N_01.csv
Ndemaen,ndemaen,3,examples_N_01.csv
Ndemshan,ndemshan,2,examples_N_01.csv
Ndemwek,ndemwek,2,examples_N_01.csv
Ndemwekaen,ndemwekaen,2,examples_N_01.csv
Nderu,nderu,2,examples_N_01.csv
Nderuxar,nderuxar,2,examples_N_01.csv
Nekvar,nekvar,1,examples_N_01.csv
Nelar,nelar,2,examples_N_01.csv
Nem,nem,2,examples_N_01.csv
Nemaen,nemaen,2,examples_N_01.csv
Nesh,nesh,13,examples_N_01.csv
Neshbrenaen,neshbrenaen,2,examples_N_01.csv
Neshbrenral,neshbrenral,6,examples_N_01.csv
Neshmorl,neshmorl,3,examples_N_01.csv
Neth,neth,2,examples_N_01.csv
Nethaen,nethaen,32,examples_N_01.csv
Nethlor,nethlor,4,examples_N_01.csv
Nethmek,nethmek,2,examples_N_01.csv
Nethnor,nethnor,22,examples_N_01.csv
Nethor,nethor,8,examples_N_01.csv
Nethvek,nethvek,2,examples_N_01.csv
Nevar,nevar,1,examples_N_01.csv
Ngar,ngar,2,examples_N_01.csv
Ngarjor,ngarjor,3,examples_N_01.csv
Ngarjoraen,ngarjoraen,2,examples_N_01.csv
Ngarpel,ngarpel,4,examples_N_01.csv
Ngarvek,ngarvek,2,examples_N_01.csv
Ngarwel,ngarwel,4,examples_N_01.csv
Ngarzhel,ngarzhel,2,examples_N_01.csv
Ngarzhir,ngarzhir,2,examples_N_01.csv
Njor,njor,8,examples_N_02.csv
Nk,nk,1,examples_N_02.csv
Nk-,nk-,1,examples_N_02.csv
Nkathal,nkathal,2,examples_N_02.csv
Nkathalaen,nkathalaen,1,examples_N_02.csv
Nku,nku,1,examples_N_02.csv
Nku-,nku-,1,examples_N_02.csv
Nkural,nkural,1,examples_N_02.csv
Nkuvath,nkuvath,1,examples_N_02.csv
Noka,noka,2,examples_N_02.csv
Nokashan,nokashan,2,examples_N_02.csv
Nol,nol,2,examples_N_02.csv
Nolaen,nolaen,2,examples_N_02.csv
Nor,nor,119,examples_N_02.csv
Nor-,nor-,2,examples_N_02.csv
nor-ka,nor-ka,9,examples_N_02.csv
Noraen,noraen,2,examples_N_02.csv
Noral,noral,3,examples_N_02.csv
Normav,normav,2,examples_N_02.csv
Normaveth,normaveth,2,examples_N_02.csv
Normek,normek,2,examples_N_02.csv
Norpral,norpral,3,examples_N_02.csv
Norpralaen,norpralaen,4,examples_N_02.csv
Norpralor,norpralor,9,examples_N_02.csv
Norpralral,norpralral,3,examples_N_02.csv
Norreth,norreth,2,examples_N_02.csv
Norshan,norshan,2,examples_N_02.csv
Norshanaen,norshanaen,2,examples_N_02.csv
Norvaar,norvaar,1,examples_N_02.csv
Norzhir,norzhir,6,examples_N_02.csv
Nu,nu,2,examples_N_02.csv
Num,num,2,examples_N_03.csv
Numaen,numaen,4,examples_N_03.csv
Numor,numor,2,examples_N_03.csv
Nyel,nyel,5,examples_N_03.csv
Nyelbel,nyelbel,2,examples_N_03.csv
Nyeleth,nyeleth,2,examples_N_03.csv
Nyelzhir,nyelzhir,2,examples_N_03.csv
Ohm,ohm,7,examples_O_01.csv
Ohm'aen,ohm'aen,1,examples_O_01.csv
Ohm'rin,ohm'rin,1,examples_O_01.csv
Ohm-,ohm-,2,examples_O_01.csv
Ohmaen,ohmaen,5,examples_O_01.csv
Ohmbaen,ohmbaen,3,examples_O_01.csv
Ohmpel,ohmpel,6,examples_O_01.csv
Ohmreth,ohmreth,2,examples_O_01.csv
Ohmshal,ohmshal,3,examples_O_01.csv
Ohmshan,ohmshan,2,examples_O_01.csv
Olan,olan,2,examples_O_01.csv
Olanbelrin,olanbelrin,3,examples_O_01.csv
Olankrezaen,olankrezaen,2,examples_O_01.csv
Osar,osar,2,examples_O_01.csv
Oven,oven,1,examples_O_01.csv
Pel,pel,3,examples_P_01.csv
Pelaen,pelaen,6,examples_P_01.csv
Pelaivaen,pelaivaen,2,examples_P_01.csv
Peldren,peldren,1,examples_P_01.csv
Peleth,peleth,6,examples_P_01.csv
Peljekkel,peljekkel,2,examples_P_01.csv
Pelkar,pelkar,2,examples_P_01.csv
Pelkorin,pelkorin,2,examples_P_01.csv
Pelkrezaen,pelkrezaen,2,examples_P_01.csv
Pelmorl,pelmorl,2,examples_P_01.csv
Pelnor,pelnor,2,examples_P_01.csv
Pelsheneth,pelsheneth,2,examples_P_01.csv
Pelvar,pelvar,2,examples_P_01.csv
Pelvaraen,pelvaraen,2,examples_P_01.csv
Pelveltrakor,pelveltrakor,2,examples_P_01.csv
Pelvokaen,pelvokaen,4,examples_P_01.csv
Peth,peth,4,examples_P_01.csv
Phel,phel,2,examples_P_01.csv
Phelkarin,phelkarin,1,examples_P_01.csv
Phelmorin,phelmorin,1,examples_P_01.csv
Phelrin,phelrin,1,examples_P_01.csv
Phelvin,phelvin,10,examples_P_01.csv
Pir,pir,2,examples_P_01.csv
Prak,prak,2,examples_P_01.csv
Praketh,praketh,2,examples_P_01.csv
Prakorin,prakorin,1,examples_P_01.csv
Pral,pral,3,examples_P_01.csv
Pralaen,pralaen,46,examples_P_01.csv
Pralaen-,pralaen-,2,examples_P_01.csv
Pralbal,pralbal,4,examples_P_01.csv
Pralfel,pralfel,2,examples_P_01.csv
Pralhav,pralhav,3,examples_P_01.csv
Pralilan,pralilan,2,examples_P_01.csv
Pralin,pralin,1,examples_P_01.csv
Pralmor,pralmor,1,examples_P_01.csv
Pralor,pralor,24,examples_P_01.csv
Pralral,pralral,4,examples_P_01.csv
Pralvek,pralvek,2,examples_P_01.csv
Pralvinor,pralvinor,1,examples_P_01.csv
Pralvokesh,pralvokesh,1,examples_P_01.csv
Quen,quen,3,examples_Q_01.csv
Ra,ra,37,examples_R_01.csv
Rakel,rakel,2,examples_R_01.csv
Raku,raku,2,examples_R_01.csv
Rakuaen,rakuaen,3,examples_R_01.csv
Rakufelmek,rakufelmek,2,examples_R_01.csv
Rakukel,rakukel,2,examples_R_01.csv
Rakumek,rakumek,5,examples_R_01.csv
Rakushara,rakushara,2,examples_R_01.csv
Ral,ral,2,examples_R_01.csv
Rask,rask,5,examples_R_01.csv
Rath,rath,12,examples_R_01.csv
Rath-,rath-,1,examples_R_01.csv
Rathaen,rathaen,1,examples_R_01.csv
Rathjor,rathjor,3,examples_R_01.csv
Rathka,rathka,1,examples_R_01.csv
Rathlor,rathlor,3,examples_R_01.csv
Rathlorkel,rathlorkel,3,examples_R_01.csv
Rathnali,rathnali,2,examples_R_01.csv
Rathnor,rathnor,3,examples_R_01.csv
Rathor,rathor,8,examples_R_01.csv
Rathorim,rathorim,1,examples_R_01.csv
Rathorimaen,rathorimaen,1,examples_R_01.csv
Rathorjor,rathorjor,2,examples_R_01.csv
Rathorkinash,rathorkinash,1,examples_R_01.csv
Rathrin,rathrin,4,examples_R_01.csv
Rathshannali,rathshannali,1,examples_R_01.csv
Rathvethor,rathvethor,3,examples_R_01.csv
Rathzor,rathzor,2,examples_R_01.csv
Rav,rav,3,examples_R_01.csv
Rav-,rav-,2,examples_R_01.csv
Ravjor,ravjor,2,examples_R_01.csv
Ravjorvek,ravjorvek,4,examples_R_01.csv
Ravkar,ravkar,2,examples_R_01.csv
Ravohm,ravohm,2,examples_R_01.csv
Ravohmaen,ravohmaen,2,examples_R_01.csv
Ravokhaen,ravokhaen,2,examples_R_01.csv
Ravshan,ravshan,2,examples_R_01.csv
Ravvekaen,ravvekaen,4,examples_R_01.csv
Ravwek,ravwek,4,examples_R_01.csv
Ravwekaen,ravwekaen,3,examples_R_01.csv
Ravwekin,ravwekin,2,examples_R_01.csv
Ravzhel,ravzhel,2,examples_R_01.csv
Rek,rek,1,examples_R_01.csv
Rekaivaen,rekaivaen,2,examples_R_01.csv
Rekmav,rekmav,3,examples_R_01.csv
Rekmekreth,rekmekreth,2,examples_R_01.csv
Rekrathlor,rekrathlor,5,examples_R_01.csv
Rema,rema,4,examples_R_01.csv
Remashalxar,remashalxar,2,examples_R_01.csv
Remaxar,remaxar,3,examples_R_01.csv
Reth,reth,8,examples_R_01.csv
Reth- / Rethvok-,reth- / rethvok-,2,examples_R_01.csv
Rethaen,rethaen,1,examples_R_01.csv
Rethal,rethal,1,examples_R_01.csv
Rethdava,rethdava,2,examples_R_01.csv
Rethkal,rethkal,2,examples_R_01.csv
Rethkaleth,rethkaleth,2,examples_R_01.csv
Rethlian,rethlian,3,examples_R_01.csv
Rethmor,rethmor,2,examples_R_01.csv
Rethnem,rethnem,2,examples_R_01.csv
Rethnemaen,rethnemaen,2,examples_R_01.csv
Rethpral,rethpral,5,examples_R_02.csv
Rethshara,rethshara,2,examples_R_02.csv
Rethshen,rethshen,2,examples_R_02.csv
Rethvok,rethvok,5,examples_R_02.csv
Rethweknor,rethweknor,2,examples_R_02.csv
Rethzheldava,rethzheldava,2,examples_R_02.csv
Rethzhelshara,rethzhelshara,2,examples_R_02.csv
Reth‘thal,reth'thal,1,examples_R_02.csv
Revalen,revalen,1,examples_R_02.csv
Ri,ri,2,examples_R_02.csv
Rim,rim,2,examples_R_02.csv
Rimaen,rimaen,2,examples_R_02.csv
Rimor,rimor,7,examples_R_02.csv
Rin,rin,4,examples_R_02.csv
Rin-,rin-,2,examples_R_02.csv
Rinaen,rinaen,625,examples_R_03.csv; examples_R_04.csv; examples_R_05.csv; examples_R_06.csv
Rinarshor,rinarshor,2,examples_R_06.csv
Rinaru,rinaru,2,examples_R_06.csv
Rinbel,rinbel,2,examples_R_06.csv
Rinbelaen,rinbelaen,2,examples_R_06.csv
Rinbeleth,rinbeleth,2,examples_R_06.csv
Rinbelxar,rinbelxar,2,examples_R_06.csv
Rinmek,rinmek,3,examples_R_06.csv
Rinmekaen,rinmekaen,2,examples_R_06.csv
Rinpel,rinpel,2,examples_R_06.csv
Rinpral,rinpral,3,examples_R_06.csv
Rinpralral,rinpralral,2,examples_R_06.csv
Rinshen,rinshen,11,examples_R_06.csv
Rinvarash,rinvarash,1,examples_R_06.csv
Rinvek,rinvek,7,examples_R_06.csv
Riv,riv,3,examples_R_06.csv
Rivaen,rivaen,2,examples_R_06.csv
Ruma,ruma,2,examples_R_06.csv
Ruvan,ruvan,4,examples_R_06.csv
Ruvanaen,ruvanaen,2,examples_R_06.csv
Ruvaneth,ruvaneth,3,examples_R_06.csv
Rynarth,rynarth,1,examples_R_06.csv
Sadar,sadar,3,examples_S_01.csv
Sadarjor,sadarjor,2,examples_S_01.csv
Sadarmorl,sadarmorl,2,examples_S_01.csv
Saren,saren,5,examples_S_01.csv
Sava,sava,2,examples_S_01.csv
Savaen,savaen,5,examples_S_01.csv
Savin,savin,24,examples_S_01.csv
Savor,savor,8,examples_S_01.csv
Seki,seki,2,examples_S_01.csv
Sel,sel,4,examples_S_01.csv
Seldrenvinaen,seldrenvinaen,2,examples_S_01.csv
Selineth,selineth,2,examples_S_01.csv
Selkari,selkari,1,examples_S_01.csv
Selmek,selmek,3,examples_S_01.csv
Selmor,selmor,4,examples_S_01.csv
Selnemaen,selnemaen,2,examples_S_01.csv
Selpralaen,selpralaen,8,examples_S_01.csv
Selshan,selshan,2,examples_S_01.csv
Selshanaen,selshanaen,2,examples_S_01.csv
Selzhir,selzhir,2,examples_S_01.csv
Senar,senar,1,examples_S_01.csv
Ser,ser,286,examples_S_02.csv; examples_S_03.csv
Ser-,ser-,2,examples_S_03.csv
Sera,sera,1,examples_S_03.csv
Seraen,seraen,2,examples_S_03.csv
Serathrin,serathrin,3,examples_S_03.csv
Serdel,serdel,5,examples_S_03.csv
Seren,seren,47,examples_S_03.csv
Serenkal,serenkal,1,examples_S_03.csv
Serilin,serilin,5,examples_S_03.csv
Serin,serin,14,examples_S_03.csv
Sernor,sernor,2,examples_S_03.csv
Servok,servok,3,examples_S_03.csv
Sethe,sethe,1,examples_S_03.csv
Sha,sha,2,examples_S_03.csv
Shal,shal,34,examples_S_04.csv
Shal'taleth,shal'taleth,2,examples_S_04.csv
Shal-,shal-,1,examples_S_04.csv
Shalaen,shalaen,13,examples_S_04.csv
Shalbal,shalbal,3,examples_S_04.csv
Shalbalaen,shalbalaen,2,examples_S_04.csv
Shalbaleth,shalbaleth,2,examples_S_04.csv
Shaleth,shaleth,5,examples_S_04.csv
Shalil,shalil,12,examples_S_04.csv
Shalilvek,shalilvek,4,examples_S_04.csv
Shalithor,shalithor,1,examples_S_04.csv
Shalkav,shalkav,2,examples_S_04.csv
Shalkor,shalkor,5,examples_S_04.csv
Shalnak,shalnak,3,examples_S_04.csv
Shalnakaen,shalnakaen,3,examples_S_04.csv
Shalnor,shalnor,12,examples_S_04.csv
Shalor,shalor,20,examples_S_04.csv
Shalorin,shalorin,1,examples_S_04.csv
Shalorveth,shalorveth,1,examples_S_04.csv
Shalpel,shalpel,2,examples_S_04.csv
Shalra,shalra,2,examples_S_04.csv
Shalrin,shalrin,2,examples_S_04.csv
Shalrinaen,shalrinaen,2,examples_S_04.csv
Shalshan,shalshan,3,examples_S_04.csv
Shalvar,shalvar,6,examples_S_04.csv
Shan,shan,45,examples_S_04.csv
Shanartheth,shanartheth,2,examples_S_04.csv
Shankalaen,shankalaen,2,examples_S_04.csv
Shanmek,shanmek,4,examples_S_04.csv
Shanmorl,shanmorl,2,examples_S_04.csv
Shannali,shannali,2,examples_S_04.csv
Shantham,shantham,2,examples_S_05.csv
Shanvelrathor,shanvelrathor,2,examples_S_05.csv
Shanvelzhiraen,shanvelzhiraen,2,examples_S_05.csv
Shar,shar,1,examples_S_05.csv
Shara,shara,32,examples_S_05.csv
Shara-,shara-,2,examples_S_05.csv
Sharaen,sharaen,10,examples_S_05.csv
Sharaka,sharaka,1,examples_S_05.csv
Sharalorin,sharalorin,2,examples_S_05.csv
Sharashen,sharashen,3,examples_S_05.csv
Sharavok,sharavok,35,examples_S_05.csv
Sharbel,sharbel,1,examples_S_05.csv
Sharvar,sharvar,2,examples_S_05.csv
Sharvargora,sharvargora,2,examples_S_05.csv
Shavrek,shavrek,1,examples_S_05.csv
Shem,shem,3,examples_S_05.csv
Shen,shen,21,examples_S_05.csv
Shena,shena,6,examples_S_05.csv
Shenakar,shenakar,7,examples_S_05.csv
Shenbel,shenbel,2,examples_S_05.csv
Shenbeleth,shenbeleth,2,examples_S_05.csv
Shendava,shendava,5,examples_S_05.csv
Shenkes,shenkes,2,examples_S_05.csv
Shenkesaen,shenkesaen,2,examples_S_05.csv
Shenkesor,shenkesor,2,examples_S_05.csv
Shenlian,shenlian,2,examples_S_05.csv
Shenlianaen,shenlianaen,2,examples_S_05.csv
Shenlianeth,shenlianeth,2,examples_S_05.csv
Shenmek,shenmek,8,examples_S_05.csv
Shenpralor,shenpralor,4,examples_S_05.csv
Shenral,shenral,42,examples_S_06.csv
Shenreth,shenreth,2,examples_S_06.csv
Shental,shental,5,examples_S_06.csv
Shentalaen,shentalaen,2,examples_S_06.csv
Shentalzhael,shentalzhael,2,examples_S_06.csv
Shenvarash,shenvarash,2,examples_S_06.csv
Shenvarashaen,shenvarashaen,2,examples_S_06.csv
Shenzhir,shenzhir,2,examples_S_06.csv
Siv,siv,4,examples_S_06.csv
Sivathaen,sivathaen,2,examples_S_06.csv
Sivkel,sivkel,2,examples_S_06.csv
Sivrethaen,sivrethaen,3,examples_S_06.csv
Sivshen,sivshen,5,examples_S_06.csv
Sivshenaen,sivshenaen,2,examples_S_06.csv
Sivshenlian,sivshenlian,2,examples_S_06.csv
Sivvok,sivvok,10,examples_S_06.csv
Som,som,2,examples_S_06.csv
Songa,songa,2,examples_S_06.csv
Songaeth,songaeth,2,examples_S_06.csv
Songashen,songashen,2,examples_S_06.csv
Songazun,songazun,3,examples_S_06.csv
Sora,sora,2,examples_S_06.csv
Soril,soril,1,examples_S_06.csv
Sorl,sorl,2,examples_S_06.csv
Sov,sov,15,examples_S_06.csv
Sul,sul,2,examples_S_06.csv
Sura,sura,2,examples_S_06.csv
Suv,suv,2,examples_S_06.csv
Suvaen,suvaen,2,examples_S_06.csv
Tal,tal,57,examples_T_01.csv
Talaen,talaen,9,examples_T_01.csv
Talemilaen,talemilaen,2,examples_T_01.csv
Talrin,talrin,1,examples_T_01.csv
Talzhael,talzhael,5,examples_T_01.csv
Talzhaelaen,talzhaelaen,2,examples_T_01.csv
Tarin,tarin,1,examples_T_01.csv
Tash,tash,2,examples_T_01.csv
Tava,tava,2,examples_T_01.csv
Tavan,tavan,5,examples_T_01.csv
Tavojorin,tavojorin,1,examples_T_01.csv
Tavrel,tavrel,1,examples_T_01.csv
Tek,tek,1,examples_T_01.csv
Ten-,ten-,1,examples_T_01.csv
Tenar,tenar,5,examples_T_01.csv
Tenarorin,tenarorin,2,examples_T_01.csv
Tenarpralaen,tenarpralaen,2,examples_T_01.csv
Tera,tera,8,examples_T_01.csv
Terafennil,terafennil,1,examples_T_01.csv
Teravin,teravin,7,examples_T_01.csv
Teremil,teremil,31,examples_T_01.csv
Terlin,terlin,4,examples_T_01.csv
Terra,terra,19,examples_T_01.csv
terra- / Terra-,terra- / terra-,3,examples_T_01.csv
Terradren,terradren,1,examples_T_01.csv
Terraesh,terraesh,1,examples_T_01.csv
Terrakav,terrakav,2,examples_T_01.csv
Terramahr,terramahr,3,examples_T_01.csv
Terramav,terramav,2,examples_T_01.csv
Terrarav,terrarav,2,examples_T_01.csv
Terrashaneth,terrashaneth,1,examples_T_01.csv
Terrazhael,terrazhael,2,examples_T_01.csv
Tesh,tesh,2,examples_T_01.csv
Teshaen,teshaen,2,examples_T_01.csv
Tha-,tha-,1,examples_T_01.csv
Thaal,thaal,2,examples_T_01.csv
Thaal'ra,thaal'ra,2,examples_T_01.csv
Thaalaen,thaalaen,1,examples_T_01.csv
Thael,thael,4,examples_T_01.csv
Thaelaen,thaelaen,2,examples_T_02.csv
Thaelral,thaelral,5,examples_T_02.csv
Thaen,thaen,1,examples_T_02.csv
Thaenbel,thaenbel,2,examples_T_02.csv
Thaenbelaen,thaenbelaen,2,examples_T_02.csv
Thaenin,thaenin,8,examples_T_02.csv
Thaenohm,thaenohm,3,examples_T_02.csv
Thaenohmaen,thaenohmaen,3,examples_T_02.csv
Thal,thal,93,examples_T_02.csv
Thal'talaen,thal'talaen,1,examples_T_02.csv
Thal'taleth,thal'taleth,1,examples_T_02.csv
Thal'vok,thal'vok,1,examples_T_02.csv
Thal'vokaen,thal'vokaen,2,examples_T_02.csv
Thal-,thal-,2,examples_T_02.csv
Thalaneshen,thalaneshen,1,examples_T_02.csv
Thalbel,thalbel,2,examples_T_02.csv
Thaldavaen,thaldavaen,2,examples_T_02.csv
Thalesh,thalesh,3,examples_T_02.csv
Thalka,thalka,1,examples_T_02.csv
Thalkelreth,thalkelreth,2,examples_T_02.csv
Thalkelrethaen,thalkelrethaen,3,examples_T_02.csv
Thallian,thallian,1,examples_T_02.csv
Thalmek,thalmek,2,examples_T_02.csv
Thalnak,thalnak,2,examples_T_02.csv
Thalnakin,thalnakin,2,examples_T_02.csv
Thalnor,thalnor,2,examples_T_02.csv
Thalnoraen,thalnoraen,2,examples_T_02.csv
Thalor,thalor,2,examples_T_02.csv
Thalorim,thalorim,2,examples_T_02.csv
Thalorimor,thalorimor,2,examples_T_02.csv
Thalshanaen,thalshanaen,3,examples_T_02.csv
Thalshorin,thalshorin,1,examples_T_02.csv
Thalvanesh,thalvanesh,3,examples_T_02.csv
Thalvekaen,thalvekaen,5,examples_T_02.csv
Thalwelvar,thalwelvar,2,examples_T_02.csv
Thalwelvaraen,thalwelvaraen,2,examples_T_02.csv
Thalzhelaen,thalzhelaen,2,examples_T_02.csv
Tham,tham,1,examples_T_02.csv
Thamkar,thamkar,2,examples_T_02.csv
Thamvek,thamvek,3,examples_T_02.csv
Thar,thar,26,examples_T_03.csv
Thar'taleth,thar'taleth,1,examples_T_03.csv
Thar-,thar-,3,examples_T_03.csv
Thar-ka,thar-ka,3,examples_T_03.csv
Tharbel,tharbel,2,examples_T_03.csv
Tharbelaen,tharbelaen,2,examples_T_03.csv
Tharfah,tharfah,1,examples_T_03.csv
Tharmor,tharmor,1,examples_T_03.csv
Tharnspinners,tharnspinners,1,examples_T_03.csv
Tharokh,tharokh,1,examples_T_03.csv
Tharshara,tharshara,2,examples_T_03.csv
Tharsharaen,tharsharaen,6,examples_T_03.csv
Tharvelim,tharvelim,1,examples_T_03.csv
Tharvin,tharvin,1,examples_T_03.csv
Tharvin-Wek,tharvin-wek,1,examples_T_03.csv
Tharvok,tharvok,7,examples_T_03.csv
Thee,thee,1,examples_T_03.csv
Theefel,theefel,2,examples_T_03.csv
Theon,theon,2,examples_T_03.csv
Ther,ther,1,examples_T_03.csv
Thera,thera,2,examples_T_03.csv
Theraen,theraen,3,examples_T_03.csv
Theren,theren,5,examples_T_03.csv
Thravic,thravic,1,examples_T_03.csv
Thryssal,thryssal,1,examples_T_03.csv
Tir,tir,2,examples_T_03.csv
Tirkal,tirkal,4,examples_T_03.csv
Tla,tla,1,examples_T_03.csv
Tla-,tla-,1,examples_T_03.csv
Tlakhura,tlakhura,1,examples_T_03.csv
Tlakorin,tlakorin,1,examples_T_03.csv
Tlamor,tlamor,5,examples_T_03.csv
Tlamoraen,tlamoraen,2,examples_T_03.csv
Tlamoreth,tlamoreth,2,examples_T_03.csv
Tlankor,tlankor,1,examples_T_03.csv
Tlosen,tlosen,1,examples_T_03.csv
Torin,torin,9,examples_T_03.csv
Tov,tov,2,examples_T_03.csv
Tovaen,tovaen,3,examples_T_03.csv
Trak,trak,1,examples_T_03.csv
Trakor,trakor,4,examples_T_03.csv
Trakshalilaen,trakshalilaen,2,examples_T_03.csv
Tren,tren,3,examples_T_03.csv
Unar,unar,8,examples_U_01.csv
Uren,uren,3,examples_U_01.csv
Urenaen,urenaen,3,examples_U_01.csv
Urenshan,urenshan,2,examples_U_01.csv
Urenvek,urenvek,3,examples_U_01.csv
Va,va,28,examples_V_01.csv
Vaar,vaar,13,examples_V_01.csv
Vaar'a!,vaar'a,1,examples_V_01.csv
Vaar'kelaen,vaar'kelaen,1,examples_V_01.csv
Vaaranoraen,vaaranoraen,1,examples_V_01.csv
Vaarbelwek,vaarbelwek,3,examples_V_01.csv
Vaareth,vaareth,6,examples_V_01.csv
Vaarlor,vaarlor,1,examples_V_01.csv
Vaarrin,vaarrin,2,examples_V_01.csv
Vaarshan,vaarshan,3,examples_V_01.csv
Vaarshanaen,vaarshanaen,2,examples_V_01.csv
Vaarshen,vaarshen,2,examples_V_01.csv
vael,vael,3,examples_V_01.csv
Van,van,3,examples_V_01.csv
Vanesh,vanesh,20,examples_V_01.csv
Vaneshem,vaneshem,1,examples_V_01.csv
Var,var,220,examples_V_02.csv; examples_V_03.csv
Var-,var-,3,examples_V_03.csv
Vara,vara,1,examples_V_03.csv
Varadan,varadan,13,examples_V_03.csv
Varan,varan,2,examples_V_03.csv
Varash,varash,2,examples_V_03.csv
Varbelor,varbelor,2,examples_V_03.csv
Varin,varin,2,examples_V_03.csv
Varkareth,varkareth,1,examples_V_03.csv
Varnor,varnor,2,examples_V_03.csv
Varok,varok,1,examples_V_03.csv
Varokmek,varokmek,4,examples_V_03.csv
Varokraku,varokraku,2,examples_V_03.csv
Varokrakuaen,varokrakuaen,2,examples_V_03.csv
Varokrakueth,varokrakueth,2,examples_V_03.csv
Varral,varral,8,examples_V_03.csv
Varrinmek,varrinmek,2,examples_V_03.csv
Varrinmekaen,varrinmekaen,2,examples_V_03.csv
Varshanmek,varshanmek,2,examples_V_03.csv
Varshel,varshel,2,examples_V_03.csv
Varthas,varthas,24,examples_V_03.csv
Varthen,varthen,1,examples_V_03.csv
Varvek,varvek,7,examples_V_03.csv
Veilgliders,veilgliders,1,examples_V_03.csv
Vek,vek,1,examples_V_03.csv
Vekaen,vekaen,29,examples_V_03.csv
Vekin,vekin,7,examples_V_03.csv
Vekmor,vekmor,10,examples_V_03.csv
Vekpralor,vekpralor,2,examples_V_03.csv
Vekvaraen,vekvaraen,5,examples_V_03.csv
Vekxaror,vekxaror,2,examples_V_03.csv
Vel,vel,5,examples_V_03.csv
Vel'rathor,vel'rathor,1,examples_V_03.csv
Velaen,velaen,4,examples_V_03.csv
Velaivkor,velaivkor,2,examples_V_03.csv
Velalivar,velalivar,2,examples_V_03.csv
Velar,velar,5,examples_V_03.csv
Velarshor,velarshor,2,examples_V_03.csv
Velbelxar,velbelxar,5,examples_V_03.csv
Velek,velek,1,examples_V_03.csv
Veleth,veleth,3,examples_V_03.csv
Velian,velian,2,examples_V_03.csv
Velithor,velithor,2,examples_V_03.csv
Veljor,veljor,5,examples_V_04.csv
Velk,velk,4,examples_V_04.csv
Velkavor,velkavor,1,examples_V_04.csv
Velkelor,velkelor,8,examples_V_04.csv
Velkmorl,velkmorl,2,examples_V_04.csv
Velkorin,velkorin,1,examples_V_04.csv
Velkrel,velkrel,1,examples_V_04.csv
Velkrin,velkrin,1,examples_V_04.csv
Vellian,vellian,1,examples_V_04.csv
Vellivaraen,vellivaraen,2,examples_V_04.csv
Velmarin,velmarin,5,examples_V_04.csv
Velmarineth,velmarineth,1,examples_V_04.csv
Velmav,velmav,3,examples_V_04.csv
Velmek,velmek,1,examples_V_04.csv
Velmor,velmor,3,examples_V_04.csv
Velnor,velnor,2,examples_V_04.csv
Velpralaen,velpralaen,2,examples_V_04.csv
Velpralim,velpralim,1,examples_V_04.csv
Velpralor,velpralor,1,examples_V_04.csv
Velpraltrakor,velpraltrakor,2,examples_V_04.csv
Velrathor,velrathor,2,examples_V_04.csv
Velrin,velrin,2,examples_V_04.csv
Velshen,velshen,1,examples_V_04.csv
Velterim,velterim,1,examples_V_04.csv
Velthaelvok,velthaelvok,1,examples_V_04.csv
Velthaen,velthaen,2,examples_V_04.csv
Velthamor,velthamor,1,examples_V_04.csv
Velvaraen,velvaraen,3,examples_V_04.csv
Velxar,velxar,2,examples_V_04.csv
Velxorin,velxorin,1,examples_V_04.csv
Velzhiraen,velzhiraen,7,examples_V_04.csv
Ven,ven,2,examples_V_04.csv
Venak,venak,3,examples_V_04.csv
Ver,ver,31,examples_V_04.csv
Ver-,ver-,1,examples_V_04.csv
Verd,verd,2,examples_V_04.csv
Verdbel,verdbel,3,examples_V_04.csv
Verdeth,verdeth,3,examples_V_04.csv
Verdin,verdin,7,examples_V_04.csv
Verdmarin,verdmarin,4,examples_V_04.csv
Verdor,verdor,14,examples_V_04.csv
Verdpel,verdpel,3,examples_V_04.csv
Verdselzhir,verdselzhir,2,examples_V_04.csv
Verdsov,verdsov,4,examples_V_04.csv
Verdvin,verdvin,3,examples_V_04.csv
Verdxar,verdxar,2,examples_V_04.csv
Verin,verin,2,examples_V_04.csv
Verka,verka,1,examples_V_04.csv
Verkalkelaen,verkalkelaen,2,examples_V_04.csv
Vershalaen,vershalaen,1,examples_V_04.csv
Vershara,vershara,1,examples_V_04.csv
Versul,versul,2,examples_V_04.csv
Vesh,vesh,2,examples_V_04.csv
Veth,veth,5,examples_V_04.csv
Veth'tharaen,veth'tharaen,1,examples_V_04.csv
Vethbel,vethbel,2,examples_V_04.csv
Vethdren,vethdren,2,examples_V_04.csv
Vethhar,vethhar,1,examples_V_04.csv
Vethnak,vethnak,2,examples_V_04.csv
Vethnakaen,vethnakaen,2,examples_V_04.csv
Vethnor,vethnor,2,examples_V_04.csv
Vethor,vethor,4,examples_V_04.csv
Vethoraen,vethoraen,4,examples_V_04.csv
Vethordrenka,vethordrenka,1,examples_V_04.csv
Vethpralaen,vethpralaen,2,examples_V_04.csv
Vethral,vethral,3,examples_V_04.csv
Vethrin,vethrin,1,examples_V_04.csv
Vethshal,vethshal,2,examples_V_04.csv
Vethshalaen,vethshalaen,2,examples_V_05.csv
Vethshaleth,vethshaleth,2,examples_V_05.csv
Vethsoril,vethsoril,1,examples_V_05.csv
Vethvar,vethvar,4,examples_V_05.csv
Vethvaraen,vethvaraen,2,examples_V_05.csv
Vethvelrathor,vethvelrathor,2,examples_V_05.csv
Vexflit,vexflit,1,examples_V_05.csv
Vial,vial,1,examples_V_05.csv
Vialaen,vialaen,3,examples_V_05.csv
Vilor,vilor,7,examples_V_05.csv
Vilorsov,vilorsov,2,examples_V_05.csv
Vin,vin,1,examples_V_05.csv
Vindrenaen,vindrenaen,2,examples_V_05.csv
Vok,vok,4,examples_V_05.csv
Vok-,vok-,1,examples_V_05.csv
Vokaen,vokaen,3,examples_V_05.csv
Voktarin,voktarin,1,examples_V_05.csv
Vora,vora,8,examples_V_05.csv
Voraeth,voraeth,2,examples_V_05.csv
Vorkaral,vorkaral,5,examples_V_05.csv
Vorkor,vorkor,29,examples_V_05.csv
Vrak,vrak,2,examples_V_05.csv
Vrekthael,vrekthael,1,examples_V_05.csv
Vroshan,vroshan,1,examples_V_05.csv
Wek,wek,5,examples_W_01.csv
Wek'aen,wek'aen,1,examples_W_01.csv
Wekmek,wekmek,3,examples_W_01.csv
Weknor,weknor,1,examples_W_01.csv
Wekrav,wekrav,2,examples_W_01.csv
Weksharaen,weksharaen,3,examples_W_01.csv
Weksivshen,weksivshen,2,examples_W_01.csv
Weksivshenaen,weksivshenaen,2,examples_W_01.csv
Weksul,weksul,2,examples_W_01.csv
Wekvaraen,wekvaraen,2,examples_W_01.csv
Wekxar,wekxar,2,examples_W_01.csv
Wel,wel,6,examples_W_01.csv
Welaenthael,welaenthael,4,examples_W_01.csv
Welarth,welarth,5,examples_W_01.csv
Weleth,weleth,2,examples_W_01.csv
Welgorm,welgorm,2,examples_W_01.csv
Welkarin,welkarin,1,examples_W_01.csv
Welkelthar,welkelthar,4,examples_W_01.csv
Welkrez,welkrez,2,examples_W_01.csv
Welmor,welmor,1,examples_W_01.csv
Welnali,welnali,2,examples_W_01.csv
Welpralor,welpralor,15,examples_W_01.csv
Welrim,welrim,4,examples_W_01.csv
Welrin,welrin,19,examples_W_01.csv
Welrinath,welrinath,2,examples_W_01.csv
Weltal,weltal,2,examples_W_01.csv
Weltalaen,weltalaen,2,examples_W_01.csv
Welvek,welvek,3,examples_W_01.csv
Welvinor,welvinor,1,examples_W_01.csv
Welzhirbel,welzhirbel,4,examples_W_01.csv
Welzor,welzor,3,examples_W_01.csv
Wor,wor,3,examples_W_01.csv
Woreth,woreth,2,examples_W_01.csv
Workalrav,workalrav,2,examples_W_01.csv
Worlian,worlian,2,examples_W_01.csv
Wornyelbel,wornyelbel,2,examples_W_01.csv
Worshankal,worshankal,2,examples_W_01.csv
Worshankalaen,worshankalaen,2,examples_W_01.csv
Worsul,worsul,2,examples_W_01.csv
Worvenak,worvenak,5,examples_W_01.csv
Worxaror,worxaror,4,examples_W_01.csv
Worzhel,worzhel,3,examples_W_01.csv
Xar,xar,5,examples_X_01.csv
Xaraen,xaraen,8,examples_X_01.csv
Xardava,xardava,2,examples_X_01.csv
Xardavaen,xardavaen,2,examples_X_01.csv
Xaresh,xaresh,7,examples_X_01.csv
Xarfelvin,xarfelvin,1,examples_X_01.csv
Xarkaleth,xarkaleth,3,examples_X_01.csv
Xarkrezaen,xarkrezaen,2,examples_X_01.csv
Xarlorin,xarlorin,1,examples_X_01.csv
Xarmetha,xarmetha,2,examples_X_01.csv
Xarmorl,xarmorl,2,examples_X_01.csv
Xarnesh,xarnesh,2,examples_X_01.csv
Xaror,xaror,8,examples_X_01.csv
Xarphelor,xarphelor,8,examples_X_01.csv
Xarrin,xarrin,2,examples_X_01.csv
Xarvek,xarvek,14,examples_X_01.csv
Xarvel,xarvel,1,examples_X_01.csv
Xarvethral,xarvethral,2,examples_X_01.csv
Xarwelor,xarwelor,2,examples_X_01.csv
Xarzhir,xarzhir,2,examples_X_01.csv
Xil,xil,2,examples_X_01.csv
Xilbren,xilbren,1,examples_X_01.csv
Xilnalior,xilnalior,2,examples_X_01.csv
Xilnor,xilnor,2,examples_X_01.csv
Xilvar,xilvar,1,examples_X_01.csv
Ya,ya,77,examples_Y_01.csv
Yako,yako,1,examples_Y_01.csv
Yalin,yalin,2,examples_Y_01.csv
Zek,zek,2,examples_Z_01.csv
Zem,zem,6,examples_Z_01.csv
Zer,zer,2,examples_Z_01.csv
Zeraen,zeraen,2,examples_Z_01.csv
Zev,zev,3,examples_Z_01.csv
Zevaen,zevaen,2,examples_Z_01.csv
Zhae-,zhae-,1,examples_Z_01.csv
Zhaeaen,zhaeaen,2,examples_Z_01.csv
Zhael,zhael,1,examples_Z_01.csv
Zhaeleth,zhaeleth,2,examples_Z_01.csv
Zhaelin,zhaelin,4,examples_Z_01.csv
Zhaelolan,zhaelolan,2,examples_Z_01.csv
Zhaelor,zhaelor,5,examples_Z_01.csv
Zhaelphel,zhaelphel,3,examples_Z_01.csv
Zhaelpralaen,zhaelpralaen,24,examples_Z_01.csv
Zhaelral,zhaelral,88,examples_Z_01.csv
Zhaelshen,zhaelshen,2,examples_Z_01.csv
Zharak,zharak,1,examples_Z_01.csv
Zharin,zharin,1,examples_Z_01.csv
Zharinor,zharinor,1,examples_Z_01.csv
Zharrel,zharrel,1,examples_Z_01.csv
Zhe,zhe,2,examples_Z_01.csv
Zhel,zhel,4,examples_Z_01.csv
Zhelaen,zhelaen,2,examples_Z_01.csv
Zhelbel,zhelbel,6,examples_Z_01.csv
Zheldava,zheldava,4,examples_Z_01.csv
Zhelkav,zhelkav,4,examples_Z_01.csv
Zhelkor,zhelkor,2,examples_Z_01.csv
Zhelpel,zhelpel,2,examples_Z_01.csv
Zhelpralaen,zhelpralaen,2,examples_Z_01.csv
Zhelreth,zhelreth,2,examples_Z_01.csv
Zhelshan,zhelshan,2,examples_Z_01.csv
Zhelshaneth,zhelshaneth,3,examples_Z_01.csv
Zhelshara,zhelshara,4,examples_Z_01.csv
Zhelvek,zhelvek,4,examples_Z_01.csv
Zhelvorkor,zhelvorkor,2,examples_Z_01.csv
Zhelwel,zhelwel,2,examples_Z_02.csv
Zhelxar,zhelxar,2,examples_Z_02.csv
Zhenlor,zhenlor,1,examples_Z_02.csv
Zhilva,zhilva,1,examples_Z_02.csv
Zhir,zhir,3,examples_Z_02.csv
Zhir-,zhir-,3,examples_Z_02.csv
Zhirath,zhirath,5,examples_Z_02.csv
Zhirbel,zhirbel,3,examples_Z_02.csv
Zhirelorim,zhirelorim,3,examples_Z_02.csv
Zhiren,zhiren,1,examples_Z_02.csv
Zhirin,zhirin,9,examples_Z_02.csv
Zhirkalor,zhirkalor,1,examples_Z_02.csv
Zhirkel,zhirkel,6,examples_Z_02.csv
Zhirkelral,zhirkelral,5,examples_Z_02.csv
Zhirkor,zhirkor,2,examples_Z_02.csv
Zhirnyel,zhirnyel,2,examples_Z_02.csv
Zhirpel,zhirpel,2,examples_Z_02.csv
Zhirrathor,zhirrathor,3,examples_Z_02.csv
Zhirshara,zhirshara,5,examples_Z_02.csv
Zhirvek,zhirvek,2,examples_Z_02.csv
Zhirverd,zhirverd,2,examples_Z_02.csv
Zhirvok,zhirvok,4,examples_Z_02.csv
Zhivokesh,zhivokesh,1,examples_Z_02.csv
Zhivor,zhivor,3,examples_Z_02.csv
Zhivorin,zhivorin,1,examples_Z_02.csv
Zor,zor,8,examples_Z_02.csv
Zordren,zordren,2,examples_Z_02.csv
Zordrenvinaen,zordrenvinaen,2,examples_Z_02.csv
Zornelar,zornelar,3,examples_Z_02.csv
Zornethor,zornethor,2,examples_Z_02.csv
Zorxar,zorxar,2,examples_Z_02.csv
Zun,zun,2,examples_Z_02.csv
Zunesh,zunesh,2,examples_Z_02.csv
