file,first_word,last_word,example_rows,words
examples_symbols_01.csv,-aen,-or,33,13
examples_A_01.csv,Aelin,Aivkor,196,18
examples_A_02.csv,Aivkorxar,Amthaen,11,4
examples_A_03.csv,An,An,200,1
examples_A_04.csv,An,An,200,1
examples_A_05.csv,An,An,200,1
examples_A_06.csv,An,An,200,1
examples_A_07.csv,An,Arukelaen,183,26
examples_A_08.csv,Arural,Azron,58,8
examples_B_01.csv,Bal,Breka,197,49
examples_B_02.csv,Bren,Brossov,25,11
examples_D_01.csv,Daku,Dralshaneth,193,38
examples_D_02.csv,Dralshara,Dralxaraen,16,4
examples_D_03.csv,Dren,Dren,200,1
examples_D_04.csv,Dren,Dumeth,185,44
examples_E_01.csv,Ekor,Evan,188,49
examples_F_01.csv,Fah,Fenrek,179,47
examples_G_01.csv,Gav,Grivol,24,8
examples_H_01.csv,Harven,Hirmor,23,11
examples_I_01.csv,I,I,200,1
examples_I_02.csv,I,I,200,1
examples_I_03.csv,I,Inko,149,9
examples_J_01.csv,Jek,Jorzhelkav,87,33
examples_K_01.csv,Ka,Kalmetha,200,29
examples_K_02.csv,Kalmorl,Kaweleth,197,46
examples_K_03.csv,Kaxaraen,Kelvorthamaen,92,21
examples_K_04.csv,Kes,Kesrinaen,189,10
examples_K_05.csv,Kesvar,Kreznyel,191,59
examples_K_06.csv,Krezor,Krezvek,30,8
examples_L_01.csv,La,Lior,175,39
examples_L_02.csv,Liorin,Lumar,198,33
examples_L_03.csv,Lumor,Lunwek,17,6
examples_M_01.csv,Maganeth,Mekpralor,149,42
examples_M_02.csv,Mekral,Morl-karash,195,20
examples_M_03.csv,Morlak,Muraen,89,29
examples_N_01.csv,Nak,Ngarzhir,195,47
examples_N_02.csv,Njor,Nu,200,31
examples_N_03.csv,Num,Nyelzhir,19,7
examples_O_01.csv,Ohm,Oven,42,15
examples_P_01.csv,Pel,Pralvokesh,164,40
examples_Q_01.csv,Quen,Quen,3,1
examples_R_01.csv,Ra,Rethnemaen,199,61
examples_R_02.csv,Rethpral,Rin-,41,15
examples_R_03.csv,Rinaen,Rinaen,200,1
examples_R_04.csv,Rinaen,Rinaen,200,1
examples_R_05.csv,Rinaen,Rinaen,200,1
examples_R_06.csv,Rinaen,Rynarth,85,22
examples_S_01.csv,Sadar,Senar,86,21
examples_S_02.csv,Ser,Ser,200,1
examples_S_03.csv,Ser,Sha,174,14
examples_S_04.csv,Shal,Shannali,200,31
examples_S_05.csv,Shantham,Shenpralor,168,30
examples_S_06.csv,Shenral,Suvaen,128,29
examples_T_01.csv,Tal,Thael,200,39
examples_T_02.csv,Thaelaen,Thamvek,181,40
examples_T_03.csv,Thar,Tren,122,43
examples_U_01.csv,Unar,Urenvek,19,5
examples_V_01.csv,Va,Vaneshem,90,16
examples_V_02.csv,Var,Var,200,1
examples_V_03.csv,Var,Velithor,198,43
examples_V_04.csv,Veljor,Vethshal,199,68
examples_V_05.csv,Vethshalaen,Vroshan,87,24
examples_W_01.csv,Wek,Worzhel,138,42
examples_X_01.csv,Xar,Xilvar,84,25
examples_Y_01.csv,Ya,Yalin,80,3
examples_Z_01.csv,Zek,Zhelvorkor,200,36
examples_Z_02.csv,Zhelwel,Zunesh,95,33
